ticker,FOXA US Equity,FOXA US Equity,FOXA US Equity,FOXA US Equity,FOXA US Equity,Close Tomorrow
field,PX_LAST,PX_OPEN,MOV_AVG_5D,MOV_AVG_50D,MOV_AVG_200D,
date,,,,,,
2019-03-12,38.0,38.0,,,,39.75
2019-03-13,39.75,39.0,,,,40.65
2019-03-14,40.65,39.75,,,,41.7
2019-03-15,41.7,41.38,,,,41.7
2019-03-18,41.7,41.95,40.36,,,40.34
2019-03-19,40.34,41.55,40.828,,,38.62
2019-03-20,38.62,40.49,40.602,,,40.02
2019-03-21,40.02,39.0,40.476,,,38.72
2019-03-22,38.72,39.93,39.88,,,37.44
2019-03-25,37.44,38.89,39.028,,,37.54
2019-03-26,37.54,37.65,38.468,,,36.92
2019-03-27,36.92,37.52,38.128,,,36.4
2019-03-28,36.4,36.85,37.404,,,36.71
2019-03-29,36.71,36.55,37.002,,,36.85
2019-04-01,36.85,36.91,36.884,,,36.28
2019-04-02,36.28,36.96,36.632,,,36.08
2019-04-03,36.08,36.37,36.464,,,36.76
2019-04-04,36.76,36.2,36.536,,,37.68
2019-04-05,37.68,36.79,36.73,,,37.47
2019-04-08,37.47,37.6,36.854,,,37.31
2019-04-09,37.31,37.42,37.06,,,36.48
2019-04-10,36.48,37.33,37.14,,,37.09
2019-04-11,37.09,36.57,37.206,,,37.53
2019-04-12,37.53,37.15,37.176,,,37.53
2019-04-15,37.53,37.46,37.188,,,37.75
2019-04-16,37.75,37.67,37.276,,,38.84
2019-04-17,38.84,37.87,37.748,,,38.44
2019-04-18,38.44,38.91,38.018,,,37.7
2019-04-22,37.7,38.36,38.052,,,38.08
2019-04-23,38.08,37.79,38.162,,,37.96
2019-04-24,37.96,37.95,38.204,,,38.15
2019-04-25,38.15,37.98,38.066,,,38.48
2019-04-26,38.48,38.08,38.074,,,39.2
2019-04-29,39.2,38.54,38.374,,,38.99
2019-04-30,38.99,39.19,38.556,,,39.4
2019-05-01,39.4,39.12,38.844,,,37.28
2019-05-02,37.28,39.23,38.67,,,37.47
2019-05-03,37.47,37.41,38.468,,,37.92
2019-05-06,37.92,37.17,38.212,,,37.26
2019-05-07,37.26,37.58,37.866,,,37.42
2019-05-08,37.42,37.34,37.47,,,38.5
2019-05-09,38.5,38.5,37.714,,,38.53
2019-05-10,38.53,38.64,37.926,,,37.97
2019-05-13,37.97,37.77,37.936,,,37.89
2019-05-14,37.89,38.05,38.062,,,37.71
2019-05-15,37.71,37.7,38.12,,,36.74
2019-05-16,36.74,37.91,37.768,,,37.32
2019-05-17,37.32,36.56,37.526,,,37.14
2019-05-20,37.14,37.18,37.36,,,37.69
2019-05-21,37.69,37.26,37.32,38.028,,37.12
2019-05-22,37.12,37.66,37.202,38.0104,,36.91
2019-05-23,36.91,36.82,37.236,37.9536,,36.92
2019-05-24,36.92,37.05,37.156,37.879,,36.64
2019-05-28,36.64,36.97,37.056,37.7778,,35.79
2019-05-29,35.79,36.5,36.676,37.6596,,35.22
2019-05-30,35.22,35.88,36.296,37.5572,,35.23
2019-05-31,35.23,34.97,35.96,37.4894,,34.24
2019-06-03,34.24,35.05,35.424,37.3738,,34.48
2019-06-04,34.48,34.52,34.992,37.289,,34.36
2019-06-05,34.36,34.62,34.706,37.2274,,34.12
2019-06-06,34.12,34.66,34.486,37.159,,34.01
2019-06-07,34.01,34.18,34.242,37.1008,,34.03
2019-06-10,34.03,34.05,34.2,37.0534,,34.18
2019-06-11,34.18,34.23,34.14,37.0028,,35.05
2019-06-12,35.05,34.2,34.278,36.9668,,35.29
2019-06-13,35.29,35.17,34.512,36.947,,35.24
2019-06-14,35.24,35.24,34.758,36.9302,,36.13
2019-06-17,36.13,35.42,35.178,36.9176,,36.19
2019-06-18,36.19,36.45,35.58,36.8878,,35.99
2019-06-19,35.99,36.26,35.768,36.8582,,35.58
2019-06-20,35.58,36.38,35.826,36.8236,,36.18
2019-06-21,36.18,35.61,36.014,36.8176,,35.8
2019-06-24,35.8,36.01,35.948,36.7918,,35.34
2019-06-25,35.34,35.78,35.778,36.748,,35.47
2019-06-26,35.47,35.79,35.674,36.7068,,35.99
2019-06-27,35.99,35.53,35.756,36.6716,,36.64
2019-06-28,36.64,35.98,35.848,36.6276,,35.92
2019-07-01,35.92,36.46,35.872,36.5772,,36.59
2019-07-02,36.59,36.01,36.122,36.555,,36.35
2019-07-03,36.35,36.6,36.298,36.5204,,36.6
2019-07-05,36.6,36.24,36.42,36.4932,,36.13
2019-07-08,36.13,36.53,36.318,36.4528,,36.02
2019-07-09,36.02,36.03,36.338,36.4036,,36.14
2019-07-10,36.14,36.19,36.248,36.3424,,36.29
2019-07-11,36.29,36.17,36.236,36.2884,,36.96
2019-07-12,36.96,36.46,36.308,36.2396,,37.01
2019-07-15,37.01,37.03,36.484,36.2342,,36.69
2019-07-16,36.69,36.93,36.618,36.2186,,36.17
2019-07-17,36.17,36.73,36.624,36.1836,,36.55
2019-07-18,36.55,36.17,36.676,36.1694,,36.43
2019-07-19,36.43,36.7,36.57,36.1496,,36.1
2019-07-22,36.1,36.51,36.388,36.1016,,36.22
2019-07-23,36.22,36.19,36.294,36.0554,,36.6
2019-07-24,36.6,36.13,36.38,36.028,,37.17
2019-07-25,37.17,36.63,36.504,36.0136,,37.21
2019-07-26,37.21,37.29,36.66,36.0036,,37.51
2019-07-29,37.51,37.16,36.942,36.019,,37.82
2019-07-30,37.82,37.35,37.262,36.029,,37.32
2019-07-31,37.32,37.67,37.406,36.0326,,36.89
2019-08-01,36.89,37.25,37.35,36.0166,,36.63
2019-08-02,36.63,36.73,37.234,36.0068,,36.05
2019-08-05,36.05,36.47,36.942,35.9896,,36.45
2019-08-06,36.45,36.16,36.668,35.9802,,37.04
2019-08-07,37.04,35.89,36.612,35.9882,,35.13
2019-08-08,35.13,37.22,36.26,35.975,,35.4
2019-08-09,35.4,35.11,36.014,35.9786,,34.95
2019-08-12,34.95,35.04,35.794,35.973,,35.06
2019-08-13,35.06,34.84,35.516,35.9894,,33.69
2019-08-14,33.69,34.7,34.846,35.9736,,32.75
2019-08-15,32.75,33.88,34.37,35.9414,,32.99
2019-08-16,32.99,33.0,33.888,35.9188,,33.87
2019-08-19,33.87,33.32,33.672,35.916,,33.59
2019-08-20,33.59,33.83,33.378,35.9072,,33.41
2019-08-21,33.41,33.64,33.322,35.8918,,33.05
2019-08-22,33.05,33.38,33.382,35.8518,,31.75
2019-08-23,31.75,32.93,33.134,35.781,,32.08
2019-08-26,32.08,31.84,32.776,35.7178,,31.93
2019-08-27,31.93,32.22,32.444,35.6338,,31.79
2019-08-28,31.79,32.05,32.12,35.5458,,32.74
2019-08-29,32.74,32.0,32.058,35.4808,,33.17
2019-08-30,33.17,33.72,32.342,35.4326,,32.77
2019-09-03,32.77,32.66,32.48,35.3644,,33.56
2019-09-04,33.56,32.99,32.806,35.3196,,34.25
2019-09-05,34.25,33.64,33.298,35.2978,,34.23
2019-09-06,34.23,34.32,33.596,35.273,,34.3
2019-09-09,34.3,33.39,33.822,35.2392,,34.3
2019-09-10,34.3,33.85,34.128,35.1924,,34.0
2019-09-11,34.0,34.28,34.216,35.154,,33.79
2019-09-12,33.79,34.19,34.124,35.098,,33.83
2019-09-13,33.83,33.96,34.044,35.0476,,33.6
2019-09-16,33.6,33.68,33.904,34.9876,,32.86
2019-09-17,32.86,33.59,33.616,34.9222,,32.64
2019-09-18,32.64,32.88,33.344,34.8546,,32.04
2019-09-19,32.04,32.48,32.994,34.7726,,32.27
2019-09-20,32.27,31.99,32.682,34.6922,,32.27
2019-09-23,32.27,32.37,32.416,34.5984,,31.59
2019-09-24,31.59,32.28,32.162,34.49,,32.01
2019-09-25,32.01,31.61,32.036,34.3964,,31.45
2019-09-26,31.45,32.18,31.918,34.302,,31.44
2019-09-27,31.44,31.65,31.752,34.1998,,31.535
2019-09-30,31.535,31.63,31.605,34.1019,,31.24
2019-10-01,31.24,31.73,31.535,34.0047,,30.42
2019-10-02,30.42,31.17,31.217,33.8887,,30.46
2019-10-03,30.46,30.34,31.019,33.7659,,30.57
2019-10-04,30.57,30.6,30.845,33.6339,,30.6
2019-10-07,30.6,30.75,30.658,33.5017,,30.055
2019-10-08,30.055,30.27,30.421,33.3526,,30.23
2019-10-09,30.23,30.36,30.383,33.2008,,30.52
2019-10-10,30.52,30.24,30.395,33.0648,,31.46
2019-10-11,31.46,30.99,30.573,32.9562,,31.39
2019-10-14,31.39,31.27,30.731,32.8514,,31.7
2019-10-15,31.7,31.33,31.06,32.7644,,31.99
2019-10-16,31.99,31.61,31.412,32.6752,,31.98
2019-10-17,31.98,32.1,31.704,32.574,,32.21
2019-10-18,32.21,32.04,31.854,32.5156,,32.74
2019-10-21,32.74,32.36,32.124,32.4624,,33.45
2019-10-22,33.45,32.73,32.474,32.4324,,33.24
2019-10-23,33.24,33.33,32.724,32.396,,32.3
2019-10-24,32.3,33.18,32.788,32.3682,,32.41
2019-10-25,32.41,32.39,32.828,32.3614,,32.99
2019-10-28,32.99,32.54,32.878,32.3614,,32.84
2019-10-29,32.84,32.82,32.756,32.3408,,32.08
2019-10-30,32.08,32.66,32.524,32.3106,,32.04
2019-10-31,32.04,32.0,32.472,32.2832,,32.39
2019-11-01,32.39,32.17,32.468,32.27,,32.55
2019-11-04,32.55,32.5,32.38,32.286,,32.835
2019-11-05,32.835,32.58,32.379,32.3011,,33.1
2019-11-06,33.1,32.84,32.583,32.3245,,34.94
2019-11-07,34.94,33.95,33.163,32.3875,,35.14
2019-11-08,35.14,35.0,33.713,32.4355,,34.99
2019-11-11,34.99,34.95,34.201,32.4719,,34.485
2019-11-12,34.485,35.07,34.531,32.5062,,34.26
2019-11-13,34.26,34.37,34.763,32.5202,,34.22
2019-11-14,34.22,34.14,34.619,32.5196,,34.27
2019-11-15,34.27,34.39,34.445,32.5204,,35.19
2019-11-18,35.19,34.31,34.485,32.5382,,36.26
2019-11-19,36.26,35.22,34.84,32.5774,,35.89
2019-11-20,35.89,35.66,35.166,32.6152,,35.7
2019-11-21,35.7,35.93,35.462,32.6534,,35.66
2019-11-22,35.66,35.77,35.74,32.69,,35.68
2019-11-25,35.68,35.7,35.838,32.7316,,35.93
2019-11-26,35.93,35.67,35.772,32.793,,35.78
2019-11-27,35.78,36.06,35.75,32.8558,,35.76
2019-11-29,35.76,35.81,35.762,32.9302,,35.6
2019-12-02,35.6,35.75,35.75,32.9968,,35.19
2019-12-03,35.19,35.41,35.652,33.0552,,35.5
2019-12-04,35.5,35.53,35.566,33.1334,,35.5
2019-12-05,35.5,35.65,35.51,33.2032,,35.42
2019-12-06,35.42,35.71,35.442,33.2826,,35.62
2019-12-09,35.62,35.5,35.446,33.3662,,35.81
2019-12-10,35.81,35.51,35.57,33.4517,,36.16
2019-12-11,36.16,35.75,35.702,33.5501,,36.85
2019-12-12,36.85,36.32,35.972,33.6787,,36.77
2019-12-13,36.77,36.73,36.242,33.8049,,36.81
2019-12-16,36.81,36.95,36.48,33.9297,,37.16
2019-12-17,37.16,36.71,36.75,34.0609,,36.93
2019-12-18,36.93,37.19,36.904,34.1984,,37.0
2019-12-19,37.0,36.76,36.934,34.3338,,37.17
2019-12-20,37.17,37.29,37.014,34.4668,,37.455
2019-12-23,37.455,37.17,37.143,34.5867,35.3969,37.3
2019-12-24,37.3,37.44,37.171,34.7049,35.3934,37.57
2019-12-26,37.57,37.26,37.299,34.8223,35.3825,37.41
2019-12-27,37.41,37.65,37.381,34.9307,35.3663,37.08
2019-12-30,37.08,37.42,37.363,35.0327,35.3432,37.07
2019-12-31,37.07,36.94,37.286,35.1299,35.32,37.07
2020-01-02,37.07,37.41,37.24,35.2165,35.3037,36.665
2020-01-03,36.665,36.69,37.059,35.2808,35.2939,36.57
2020-01-06,36.57,36.66,36.891,35.3474,35.2767,37.07
2020-01-07,37.07,36.56,36.889,35.4428,35.2684,37.11
2020-01-08,37.11,37.13,36.897,35.5368,35.2668,37.18
2020-01-09,37.18,37.18,36.919,35.6206,35.265,36.72
2020-01-10,36.72,37.12,36.93,35.6982,35.264,36.99
2020-01-13,36.99,36.72,37.014,35.7964,35.2669,37.26
2020-01-14,37.26,36.79,37.052,35.9008,35.2697,37.48
2020-01-15,37.48,37.36,37.126,36.0026,35.2728,39.11
2020-01-16,39.11,37.71,37.512,36.1338,35.287,39.34
2020-01-17,39.34,39.28,38.036,36.2639,35.3033,39.1
2020-01-21,39.1,39.0,38.458,36.3839,35.315,39.08
2020-01-22,39.08,39.15,38.822,36.4667,35.322,37.49
2020-01-23,37.49,38.77,38.824,36.5137,35.3221,36.61
2020-01-24,36.61,37.3,38.324,36.5461,35.3186,36.88
2020-01-27,36.88,36.44,37.832,36.594,35.3206,37.14
2020-01-28,37.14,37.35,37.44,36.6516,35.3208,36.58
2020-01-29,36.58,36.95,36.94,36.6988,35.3161,37.03
2020-01-30,37.03,36.17,36.848,36.754,35.3136,37.08
2020-01-31,37.08,37.0,36.942,36.7918,35.3102,37.59
2020-02-03,37.59,37.3,37.084,36.8184,35.304,38.03
2020-02-04,38.03,37.96,37.262,36.8612,35.3019,38.67
2020-02-05,38.67,38.54,37.68,36.9206,35.3068,37.11
2020-02-06,37.11,39.1,37.696,36.9496,35.3019,37.0
2020-02-07,37.0,36.98,37.68,36.976,35.2971,37.3
2020-02-10,37.3,36.87,37.622,37.0034,35.2929,37.13
2020-02-11,37.13,37.23,37.442,37.0304,35.2861,37.67
2020-02-12,37.67,37.33,37.242,37.0686,35.2785,38.0
2020-02-13,38.0,37.53,37.42,37.1166,35.2735,37.8
2020-02-14,37.8,38.08,37.58,37.1688,35.2655,37.78
2020-02-18,37.78,37.76,37.676,37.2144,35.268,38.03
2020-02-19,38.03,37.93,37.856,37.265,35.2708,37.03
2020-02-20,37.03,37.7,37.728,37.2972,35.2664,35.99
2020-02-21,35.99,36.71,37.326,37.3046,35.26,34.69
2020-02-24,34.69,35.65,36.704,37.2822,35.2464,33.21
2020-02-25,33.21,34.81,35.79,37.2232,35.2199,32.79
2020-02-26,32.79,33.56,34.742,37.142,35.1912,31.34
2020-02-27,31.34,32.23,33.604,37.0334,35.1581,30.74
2020-02-28,30.74,30.25,32.554,36.912,35.1223,32.11
2020-03-02,32.11,30.73,32.038,36.811,35.0943,30.99
2020-03-03,30.99,31.42,31.594,36.6922,35.0656,30.93
2020-03-04,30.93,31.32,31.222,36.5708,35.0336,29.44
2020-03-05,29.44,30.16,30.842,36.4162,34.9951,28.84
2020-03-06,28.84,28.25,30.462,36.2439,34.9509,27.48
2020-03-09,27.48,26.93,29.536,36.0475,34.9027,29.11
2020-03-10,29.11,28.27,29.16,35.8783,34.8637,27.78
2020-03-11,27.78,28.21,28.53,35.6857,34.818,26.22
2020-03-12,26.22,26.76,27.886,35.4685,34.7659,26.15
2020-03-13,26.15,27.56,27.348,35.2501,34.7177,24.01
2020-03-16,24.01,23.81,26.654,34.9889,34.6616,25.14
2020-03-17,25.14,24.37,25.86,34.7584,34.6112,22.34
2020-03-18,22.34,23.72,24.772,34.4738,34.5517,22.82
2020-03-19,22.82,22.29,24.092,34.1888,34.4934,20.99
2020-03-20,20.99,23.17,23.06,33.8664,34.4265,20.2
2020-03-23,20.2,21.13,22.298,33.5268,34.3569,22.29
2020-03-24,22.29,21.12,21.728,33.2382,34.2983,24.14
2020-03-25,24.14,22.36,22.088,32.9812,34.2489,24.97
2020-03-26,24.97,24.2,22.518,32.7354,34.2028,22.51
2020-03-27,22.51,24.16,22.822,32.436,34.1401,24.31
2020-03-30,24.31,22.3,23.644,32.14,34.0852,23.63
2020-03-31,23.63,24.69,23.912,31.8258,34.0272,22.34
2020-04-01,22.34,22.67,23.552,31.4906,33.9582,22.67
2020-04-02,22.67,22.49,23.092,31.1624,33.8906,22.3
2020-04-03,22.3,22.51,23.05,30.8586,33.8222,25.06
2020-04-06,25.06,23.42,23.2,30.6276,33.7696,25.49
2020-04-07,25.49,26.21,23.572,30.3998,33.7161,26.3
2020-04-08,26.3,25.94,24.364,30.183,33.6686,25.99
2020-04-09,25.99,26.54,25.028,29.9712,33.6219,25.99
2020-04-13,25.99,25.83,25.766,29.7504,33.5745,26.51
2020-04-14,26.51,26.34,26.056,29.539,33.5271,25.7
2020-04-15,25.7,25.77,26.098,29.3012,33.4724,25.54
2020-04-16,25.54,25.64,25.946,29.0514,33.4205,26.875
2020-04-17,26.875,26.195,26.123,28.8155,33.3719,26.06
2020-04-20,26.06,26.17,26.137,28.5945,33.3204,25.54
2020-04-21,25.54,25.38,25.943,28.3653,33.2651,24.77
2020-04-22,24.77,26.05,25.757,28.1147,33.2083,24.86
2020-04-23,24.86,24.88,25.621,27.8693,33.1525,24.835
2020-04-24,24.835,24.9,25.213,27.6126,33.096,26.39
2020-04-27,26.39,25.21,25.279,27.3804,33.0465,27.14
2020-04-28,27.14,26.99,25.599,27.1672,32.9974,28.37
2020-04-29,28.37,28.02,26.319,26.979,32.9542,25.87
2020-04-30,25.87,27.56,26.521,26.7358,32.9001,25.43
2020-05-01,25.43,25.43,26.64,26.5038,32.8464,24.995
2020-05-04,24.995,25.32,26.361,26.2839,32.7886,24.1
2020-05-05,24.1,25.04,25.753,26.0721,32.727,24.81
2020-05-06,24.81,24.3,25.041,25.9041,32.6705,25.25
2020-05-07,25.25,26.46,24.917,25.7533,32.6157,26.0
2020-05-08,26.0,25.97,25.031,25.6465,32.5627,25.67
2020-05-11,25.67,25.54,25.166,25.5451,32.5052,25.355
2020-05-12,25.355,25.81,25.417,25.41,32.4459,24.52
2020-05-13,24.52,25.22,25.359,25.2806,32.381,25.77
2020-05-14,25.77,24.12,25.463,25.1774,32.3207,26.06
2020-05-15,26.06,25.52,25.475,25.1098,32.2644,27.47
2020-05-18,27.47,26.99,25.835,25.0824,32.2173,27.57
2020-05-19,27.57,27.49,26.278,25.0842,32.172,27.81
2020-05-20,27.81,27.88,26.936,25.0582,32.1308,27.62
2020-05-21,27.62,27.61,27.306,25.055,32.0867,27.8
2020-05-22,27.8,27.53,27.654,25.0866,32.0405,29.03
2020-05-26,29.03,28.74,27.966,25.1442,32.01,29.65
2020-05-27,29.65,29.68,28.382,25.257,31.9812,28.93
2020-05-28,28.93,29.61,28.606,25.3328,31.9511,29.17
2020-05-29,29.17,28.77,28.916,25.4694,31.9217,29.54
2020-06-01,29.54,29.13,29.264,25.6038,31.9009,29.3
2020-06-02,29.3,29.63,29.318,25.77,31.8837,30.77
2020-06-03,30.77,29.81,29.542,25.9814,31.8726,30.53
2020-06-04,30.53,30.57,29.862,26.1462,31.8559,30.85
2020-06-05,30.85,31.92,30.198,26.2804,31.8422,32.48
2020-06-08,32.48,31.03,30.786,26.4306,31.8375,30.81
2020-06-09,30.81,31.72,31.088,26.5966,31.8263,30.14
2020-06-10,30.14,30.7,30.962,26.7132,31.8183,28.06
2020-06-11,28.06,29.36,30.468,26.8018,31.7982,28.29
2020-06-12,28.29,28.9,29.956,26.9208,31.78,29.29
2020-06-15,29.29,27.36,29.318,27.0532,31.7675,28.31
2020-06-16,28.31,30.15,28.818,27.1734,31.7453,28.07
2020-06-17,28.07,28.28,28.404,27.2336,31.7198,29.0
2020-06-18,29.0,28.03,28.592,27.3038,31.701,28.32
2020-06-19,28.32,30.15,28.598,27.3442,31.6748,28.11
2020-06-22,28.11,28.04,28.362,27.3866,31.6441,28.26
2020-06-23,28.26,28.47,28.352,27.432,31.6142,27.38
2020-06-24,27.38,27.95,28.214,27.4494,31.5796,26.93
2020-06-25,26.93,26.99,27.8,27.474,31.5428,25.7
2020-06-26,25.7,26.68,27.276,27.4772,31.5013,26.9
2020-06-29,26.9,25.87,27.034,27.4777,31.4668,26.82
2020-06-30,26.82,26.8,26.746,27.4929,31.4318,26.93
2020-07-01,26.93,26.92,26.656,27.5207,31.3984,26.56
2020-07-02,26.56,27.63,26.582,27.5565,31.3669,26.5
2020-07-06,26.5,27.01,26.742,27.5893,31.3362,25.69
2020-07-07,25.69,26.24,26.5,27.6064,31.3045,25.3
2020-07-08,25.3,25.58,26.196,27.5846,31.2696,24.37
2020-07-09,24.37,25.28,25.684,27.5292,31.2301,25.32
2020-07-10,25.32,24.43,25.436,27.4682,31.1988,24.96
2020-07-13,24.96,25.11,25.128,27.45,31.1635,25.03
2020-07-14,25.03,24.78,24.996,27.442,31.1314,26.06
2020-07-15,26.06,25.33,25.148,27.4633,31.1045,26.17
2020-07-16,26.17,25.87,25.508,27.5047,31.0777,25.28
2020-07-17,25.28,26.18,25.5,27.5141,31.0479,24.76
2020-07-20,24.76,25.14,25.46,27.5043,31.0196,25.4
2020-07-21,25.4,24.92,25.534,27.4923,30.9943,25.91
2020-07-22,25.91,25.47,25.504,27.4971,30.971,26.24
2020-07-23,26.24,26.07,25.518,27.5148,30.9492,26.66
2020-07-24,26.66,26.42,25.794,27.5576,30.9322,25.72
2020-07-27,25.72,26.58,25.986,27.5566,30.9097,25.74
2020-07-28,25.74,25.54,26.054,27.5502,30.8858,25.86
2020-07-29,25.86,25.87,26.044,27.518,30.8578,25.82
2020-07-30,25.82,25.5,25.96,27.483,30.8299,25.77
2020-07-31,25.77,25.84,25.782,27.4422,30.8003,26.36
2020-08-03,26.36,25.77,25.91,27.417,30.7721,26.67
2020-08-04,26.67,26.31,26.096,27.3944,30.7456,24.725
2020-08-05,24.725,25.36,25.869,27.3083,30.7081,24.99
2020-08-06,24.99,24.9,25.703,27.2151,30.6694,24.67
2020-08-07,24.67,24.87,25.483,27.1299,30.6255,24.4
2020-08-10,24.4,24.61,25.091,27.0345,30.5813,24.66
2020-08-11,24.66,24.78,24.689,26.9369,30.5431,24.92
2020-08-12,24.92,24.95,24.728,26.8493,30.5056,25.57
2020-08-13,25.57,24.84,24.844,26.7453,30.4685,25.74
2020-08-14,25.74,25.59,25.058,26.6495,30.433,25.56
2020-08-17,25.56,25.89,25.29,26.5437,30.4004,25.635
2020-08-18,25.635,25.57,25.485,26.4068,30.3684,25.85
2020-08-19,25.85,25.6,25.671,26.3076,30.3357,25.89
2020-08-20,25.89,25.71,25.735,26.2226,30.3024,26.0
2020-08-21,26.0,25.82,25.787,26.1814,30.2682,26.98
2020-08-24,26.98,26.08,26.071,26.1552,30.2376,26.9
2020-08-25,26.9,26.95,26.324,26.1074,30.1974,27.15
2020-08-26,27.15,26.79,26.584,26.0842,30.1575,27.57
2020-08-27,27.57,27.4,26.92,26.0742,30.1204,27.815
2020-08-28,27.815,27.6,27.283,26.0505,30.087,27.86
2020-08-31,27.86,28.0,27.459,26.0413,30.055,27.44
2020-09-01,27.44,26.8,27.567,26.0279,30.0211,27.88
2020-09-02,27.88,27.48,27.713,26.0203,29.9892,27.35
2020-09-03,27.35,28.07,27.669,26.0197,29.95,27.66
2020-09-04,27.66,27.88,27.638,26.0343,29.907,27.69
2020-09-08,27.69,27.53,27.604,26.0741,29.866,28.2
2020-09-09,28.2,27.75,27.756,26.1001,29.8285,28.19
2020-09-10,28.19,28.27,27.818,26.1275,29.7911,28.14
2020-09-11,28.14,28.32,27.976,26.1517,29.7534,28.66
2020-09-14,28.66,28.29,28.176,26.1937,29.7171,28.61
2020-09-15,28.61,28.73,28.36,26.2359,29.6812,29.34
2020-09-16,29.34,28.86,28.588,26.3089,29.6491,28.63
2020-09-17,28.63,28.7,28.676,26.3755,29.6143,27.96
2020-09-18,27.96,28.65,28.64,26.4473,29.5781,26.78
2020-09-21,26.78,27.53,28.264,26.4765,29.5345,26.77
2020-09-22,26.77,26.85,27.896,26.5127,29.4909,25.91
2020-09-23,25.91,26.59,27.21,26.5303,29.4433,26.2
2020-09-24,26.2,25.97,26.724,26.5331,29.3962,26.7
2020-09-25,26.7,25.98,26.472,26.5437,29.3507,27.84
2020-09-28,27.84,27.09,26.684,26.5949,29.3091,27.77
2020-09-29,27.77,27.71,26.884,26.6551,29.2637,27.83
2020-09-30,27.83,27.99,27.268,26.7037,29.219,28.02
2020-10-01,28.02,27.96,27.632,26.7459,29.175,28.08
2020-10-02,28.08,27.68,27.908,26.7827,29.1296,28.71
2020-10-05,28.71,28.23,28.082,26.8237,29.0885,27.92
2020-10-06,27.92,28.78,28.112,26.8677,29.0431,28.97
2020-10-07,28.97,28.2,28.34,26.9323,29.0021,29.56
2020-10-08,29.56,29.25,28.648,27.0063,28.9626,29.19
2020-10-09,29.19,29.77,28.87,27.0737,28.9221,28.94
2020-10-12,28.94,29.44,28.916,27.1371,28.8789,27.23
2020-10-13,27.23,28.89,28.778,27.1545,28.828,26.93
2020-10-14,26.93,27.26,28.37,27.1597,28.7773,26.93
2020-10-15,26.93,26.79,27.844,27.2038,28.7266,26.86
2020-10-16,26.86,27.11,27.378,27.2412,28.6755,26.02
2020-10-19,26.02,27.09,26.794,27.2682,28.6223,26.05
2020-10-20,26.05,26.4,26.558,27.3012,28.5697,26.57
2020-10-21,26.57,25.9,26.486,27.3394,28.5172,27.46
2020-10-22,27.46,26.84,26.592,27.3902,28.469,27.08
2020-10-23,27.08,27.62,26.636,27.4204,28.4185,26.41
2020-10-26,26.41,26.82,26.714,27.4338,28.3669,26.185
2020-10-27,26.185,26.35,26.741,27.4463,28.3129,25.31
2020-10-28,25.31,25.78,26.489,27.4398,28.2532,25.57
2020-10-29,25.57,24.935,26.111,27.4342,28.1936,26.52
2020-10-30,26.52,25.56,25.999,27.4468,28.1307,27.4
2020-11-02,27.4,26.66,26.197,27.4748,28.071,27.04
2020-11-03,27.04,28.81,26.368,27.476,28.0107,25.63
2020-11-04,25.63,26.93,26.432,27.4506,27.9434,26.61
2020-11-05,26.61,26.07,26.64,27.4398,27.889,25.95
2020-11-06,25.95,26.43,26.526,27.4074,27.8357,26.25
2020-11-09,26.25,26.97,26.296,27.3761,27.7826,26.85
2020-11-10,26.85,26.01,26.258,27.3559,27.7311,27.46
2020-11-11,27.46,26.95,26.624,27.3563,27.6855,25.64
2020-11-12,25.64,27.12,26.43,27.3115,27.6286,26.635
2020-11-13,26.635,25.95,26.567,27.2972,27.5763,27.18
2020-11-16,27.18,26.83,26.753,27.2876,27.5243,28.16
2020-11-17,28.16,27.07,27.015,27.297,27.4749,27.66
2020-11-18,27.66,28.1,27.055,27.2862,27.4199,27.71
2020-11-19,27.71,27.61,27.469,27.2766,27.3729,27.83
2020-11-20,27.83,27.73,27.708,27.2704,27.327,28.53
2020-11-23,28.53,28.0,27.978,27.2678,27.2832,29.48
2020-11-24,29.48,28.85,28.242,27.2852,27.2449,29.3
2020-11-25,29.3,29.45,28.57,27.2844,27.2031,29.16
2020-11-27,29.16,29.07,28.86,27.295,27.1589,28.84
2020-11-30,28.84,29.06,29.062,27.3126,27.1141,30.14
2020-12-01,30.14,29.12,29.384,27.3798,27.0759,30.6
2020-12-02,30.6,30.22,29.608,27.4564,27.0387,30.32
2020-12-03,30.32,30.68,29.812,27.5446,27.0052,29.84
2020-12-04,29.84,30.47,29.948,27.6174,26.9744,29.68
2020-12-07,29.68,29.62,30.116,27.677,26.9494,29.255
2020-12-08,29.255,29.58,29.939,27.7053,26.9296,29.24
2020-12-09,29.24,29.33,29.667,27.7347,26.9119,29.11
2020-12-10,29.11,29.08,29.425,27.7603,26.9007,29.32
2020-12-11,29.32,28.91,29.321,27.7863,26.8936,28.78
2020-12-14,28.78,29.74,29.141,27.8003,26.877,28.58
2020-12-15,28.58,28.88,29.006,27.7977,26.8649,28.45
2020-12-16,28.45,28.64,28.848,27.8083,26.8525,28.54
2020-12-17,28.54,28.57,28.734,27.7997,26.848,28.16
2020-12-18,28.16,28.54,28.502,27.7717,26.8446,27.72
2020-12-21,27.72,27.78,28.29,27.7423,26.8458,27.27
2020-12-22,27.27,27.51,28.028,27.7089,26.8366,28.11
2020-12-23,28.11,27.35,27.96,27.7265,26.8383,28.31
2020-12-24,28.31,28.05,27.914,27.7541,26.8487,29.14
2020-12-28,29.14,28.46,28.11,27.7983,26.8637,29.02
2020-12-29,29.02,29.19,28.37,27.8415,26.8887,29.09
2020-12-30,29.09,29.14,28.734,27.9029,26.9085,29.12
2020-12-31,29.12,29.13,28.936,27.9643,26.9424,28.81
2021-01-04,28.81,29.24,29.036,28.0091,26.9723,29.445
2021-01-05,29.445,28.83,29.097,28.0488,27.0146,32.01
2021-01-06,32.01,30.1,29.695,28.1474,27.0736,30.94
2021-01-07,30.94,31.99,30.065,28.238,27.1169,30.09
2021-01-08,30.09,30.83,30.259,28.3161,27.1466,30.33
2021-01-11,30.33,29.97,30.563,28.4165,27.1734,29.77
2021-01-12,29.77,30.42,30.628,28.5005,27.2097,29.96
2021-01-13,29.96,29.59,30.218,28.5693,27.238,31.27
2021-01-14,31.27,30.18,30.284,28.6467,27.2762,31.49
2021-01-15,31.49,31.13,30.564,28.7357,27.3219,30.01
2021-01-19,30.01,31.66,30.5,28.8233,27.3586,31.02
2021-01-20,31.02,30.03,30.75,28.9115,27.4022,31.04
2021-01-21,31.04,30.73,30.966,29.0133,27.4321,30.16
2021-01-22,30.16,30.85,30.744,29.0915,27.4555,32.09
2021-01-25,32.09,30.2,30.864,29.1963,27.4844,34.93
2021-01-26,34.93,32.19,31.848,29.3457,27.5291,34.38
2021-01-27,34.38,35.34,32.52,29.5205,27.5711,31.9
2021-01-28,31.9,34.38,32.692,29.6258,27.598,31.18
2021-01-29,31.18,31.79,32.896,29.7058,27.6254,31.88
2021-02-01,31.88,31.25,32.854,29.7802,27.6571,30.51
2021-02-02,30.51,31.95,31.97,29.8372,27.6753,30.28
2021-02-03,30.28,30.59,31.15,29.8886,27.6964,30.42
2021-02-04,30.42,30.32,30.854,29.9404,27.7208,31.42
2021-02-05,31.42,30.39,30.902,29.9982,27.7541,32.69
2021-02-08,32.69,31.66,31.064,30.0624,27.7932,30.73
2021-02-09,30.73,32.7487,31.108,30.091,27.8227,31.78
2021-02-10,31.78,30.91,31.408,30.1434,27.8496,32.0
2021-02-11,32.0,31.58,31.724,30.2066,27.8739,32.59
2021-02-12,32.59,31.94,31.958,30.2556,27.895,31.73
2021-02-16,31.73,32.54,31.766,30.2782,27.9243,31.75
2021-02-17,31.75,31.85,31.97,30.3068,27.9559,32.175
2021-02-18,32.175,31.8,32.049,30.3535,27.9918,33.78
2021-02-19,33.78,32.34,32.405,30.4355,28.0402,34.69
2021-02-22,34.69,33.76,32.825,30.5442,28.0896,34.12
2021-02-23,34.12,34.79,33.303,30.6418,28.134,34.04
2021-02-24,34.04,33.84,33.761,30.7404,28.1742,33.04
2021-02-25,33.04,34.3,33.934,30.8148,28.211,33.31
2021-02-26,33.31,33.15,33.84,30.9054,28.2508,34.79
2021-03-01,34.79,34.06,33.86,31.0296,28.3022,37.95
2021-03-02,37.95,34.65,34.626,31.2196,28.3631,39.33
2021-03-03,39.33,38.16,35.684,31.4354,28.4294,39.09
2021-03-04,39.09,39.66,36.894,31.654,28.4875,41.29
2021-03-05,41.29,39.62,38.49,31.9254,28.5561,42.33
2021-03-08,42.33,40.88,39.998,32.2266,28.6287,40.32
2021-03-09,40.32,42.15,40.472,32.4708,28.6922,41.46
2021-03-10,41.46,40.6,40.898,32.7338,28.7605,41.845
2021-03-11,41.845,41.2,41.449,32.9879,28.8246,42.78
2021-03-12,42.78,41.74,41.747,33.2631,28.8902,42.7
2021-03-15,42.7,43.0,41.821,33.5353,28.9591,44.18
2021-03-16,44.18,43.11,42.593,33.8365,29.0341,42.92
2021-03-17,42.92,43.56,42.885,34.1187,29.101,42.88
2021-03-18,42.88,42.49,43.092,34.3874,29.1689,42.925
2021-03-19,42.925,43.0,43.121,34.6057,29.2297,43.65
2021-03-22,43.65,42.87,43.311,34.8599,29.2953,41.81
2021-03-23,41.81,43.34,42.837,35.0943,29.3501,40.12
2021-03-24,40.12,41.8,42.277,35.2901,29.3883,40.3
2021-03-25,40.3,40.19,41.761,35.5007,29.4358,37.8
2021-03-26,37.8,39.99,40.736,35.6575,29.4741,37.23
2021-03-29,37.23,37.75,39.452,35.7767,29.5199,37.11
2021-03-30,37.11,37.41,38.512,35.8891,29.564,36.11
2021-03-31,36.11,37.17,37.71,36.0111,29.5981,36.31
2021-04-01,36.31,36.45,36.912,36.1169,29.6381,36.4
2021-04-05,36.4,36.625,36.632,36.2241,29.6797,37.05
2021-04-06,37.05,36.2,36.596,36.3619,29.72,37.31
2021-04-07,37.31,37.37,36.636,36.4663,29.7649,37.0
2021-04-08,37.0,37.21,36.814,36.5077,29.8094,37.46
2021-04-09,37.46,37.01,37.044,36.5693,29.8554,37.42
2021-04-12,37.42,37.76,37.248,36.6797,29.9056,37.47
2021-04-13,37.47,37.54,37.332,36.8055,29.9583,37.23
2021-04-14,37.23,37.18,37.316,36.9125,30.0159,37.885
2021-04-15,37.885,37.81,37.493,37.06,30.0709,37.945
2021-04-16,37.945,38.13,37.59,37.2133,30.1265,37.68
2021-04-19,37.68,37.79,37.642,37.3585,30.1803,37.8
2021-04-20,37.8,37.76,37.708,37.4861,30.2364,38.61
2021-04-21,38.61,37.59,37.984,37.6045,30.297,38.12
2021-04-22,38.12,38.53,38.031,37.7523,30.3591,38.41
2021-04-23,38.41,38.46,38.124,37.8849,30.4247,38.2
2021-04-26,38.2,38.53,38.228,38.0089,30.4938,38.28
2021-04-27,38.28,38.06,38.324,38.1227,30.5586,37.82
2021-04-28,37.82,37.93,38.166,38.2445,30.6229,37.77
2021-04-29,37.77,38.03,38.096,38.3649,30.6866,37.42
2021-04-30,37.42,37.79,37.898,38.4698,30.7434,36.61
2021-05-03,36.61,37.86,37.58,38.5264,30.7956,36.74
2021-05-04,36.74,36.91,37.272,38.5674,30.8529,36.34
2021-05-05,36.34,36.96,36.976,38.6118,30.9108,37.57
2021-05-06,37.57,36.58,36.936,38.6824,30.9717,38.32
2021-05-07,38.32,37.49,37.116,38.788,31.0337,38.83
2021-05-10,38.83,38.32,37.56,38.8984,31.0967,38.505
2021-05-11,38.505,38.59,37.913,38.9727,31.1559,37.935
2021-05-12,37.935,38.3,38.232,38.9724,31.217,38.74
2021-05-13,38.74,37.93,38.466,38.9606,31.282,37.26
2021-05-14,37.26,38.4,38.254,38.924,31.339,36.77
2021-05-17,36.77,37.75,37.842,38.8336,31.3938,37.35
2021-05-18,37.35,37.04,37.611,38.734,31.4517,37.35
2021-05-19,37.35,36.92,37.494,38.6746,31.5066,37.25
2021-05-20,37.25,37.29,37.196,38.5904,31.5595,37.58
2021-05-21,37.58,37.28,37.26,38.5051,31.6238,37.44
2021-05-24,37.44,37.53,37.394,38.3983,31.686,37.15
2021-05-25,37.15,37.71,37.354,38.2873,31.7484,37.51
2021-05-26,37.51,37.17,37.386,38.1539,31.814,37.95
2021-05-27,37.95,37.72,37.526,38.0545,31.8804,37.35
2021-05-28,37.35,37.94,37.48,37.9439,31.9426,37.32
2021-06-01,37.32,37.63,37.456,37.8318,32.0013,36.78
2021-06-02,36.78,37.39,37.382,37.6944,32.0565,36.62
2021-06-03,36.62,36.87,37.204,37.5906,32.1118,37.19
2021-06-04,37.19,36.63,37.052,37.532,32.1696,37.15
2021-06-07,37.15,37.28,37.012,37.469,32.2261,36.59
2021-06-08,36.59,37.15,36.866,37.4448,32.2796,37.64
2021-06-09,37.64,37.31,37.038,37.453,32.3378,37.47
2021-06-10,37.47,37.75,37.208,37.4602,32.3902,37.93
2021-06-11,37.93,37.58,37.356,37.4966,32.4454,37.68
2021-06-14,37.68,37.98,37.462,37.524,32.4981,37.71
2021-06-15,37.71,37.97,37.686,37.5502,32.5488,37.67
2021-06-16,37.67,37.65,37.692,37.5626,32.598,37.15
2021-06-17,37.15,37.67,37.628,37.5594,32.6445,37.63
2021-06-18,37.63,37.38,37.568,37.572,32.6954,37.49
2021-06-21,37.49,37.76,37.53,37.5726,32.7435,37.65
2021-06-22,37.65,37.53,37.518,37.5772,32.795,37.6
2021-06-23,37.6,37.63,37.504,37.5798,32.8447,38.3
2021-06-24,38.3,37.73,37.734,37.6012,32.8977,38.36
2021-06-25,38.36,38.38,37.88,37.6107,32.9485,38.31
2021-06-28,38.31,38.66,38.044,37.618,32.9991,36.83
2021-06-29,36.83,37.54,37.88,37.601,33.0426,37.13
2021-06-30,37.13,37.0,37.786,37.5876,33.0849,37.55
2021-07-01,37.55,37.13,37.636,37.5664,33.1296,37.32
2021-07-02,37.32,37.56,37.428,37.5504,33.1695,36.73
2021-07-06,36.73,37.3,37.112,37.5168,33.21,36.4
2021-07-07,36.4,36.58,37.026,37.4808,33.2522,35.7
2021-07-08,35.7,36.3,36.74,37.4292,33.2968,36.45
2021-07-09,36.45,35.75,36.52,37.4018,33.3452,36.8
2021-07-12,36.8,36.32,36.416,37.3824,33.3997,35.95
2021-07-13,35.95,36.96,36.26,37.353,33.4484,36.36
2021-07-14,36.36,36.13,36.252,37.348,33.4967,35.84
2021-07-15,35.84,36.24,36.28,37.33,33.5367,35.28
2021-07-16,35.28,35.75,36.046,37.3088,33.5743,34.72
2021-07-19,34.72,34.98,35.63,37.2518,33.6087,34.97
2021-07-20,34.97,34.9,35.434,37.1848,33.6435,36.19
2021-07-21,36.19,35.05,35.4,37.132,33.684,36.0
2021-07-22,36.0,36.2,35.432,37.0819,33.7205,36.19
2021-07-23,36.19,36.13,35.614,37.047,33.7618,36.56
2021-07-26,36.56,36.11,35.982,37.0034,33.7998,36.2
2021-07-27,36.2,36.28,36.228,36.9822,33.833,36.32
2021-07-28,36.32,36.27,36.254,36.9732,33.8686,36.3
2021-07-29,36.3,36.37,36.314,36.9522,33.9054,35.66
2021-07-30,35.66,36.0,36.208,36.9184,33.9476,35.64
2021-08-02,35.64,35.77,36.024,36.8862,33.9911,35.03
2021-08-03,35.03,35.75,35.79,36.8352,34.0316,34.91
2021-08-04,34.91,34.8,35.508,36.7846,34.0719,37.21
2021-08-05,37.21,36.0,35.69,36.7858,34.1278,36.48
2021-08-06,36.48,37.29,35.854,36.7652,34.18,36.51
2021-08-09,36.51,36.32,36.028,36.7364,34.2297,36.98
2021-08-10,36.98,36.52,36.418,36.729,34.2773,37.47
2021-08-11,37.47,37.265,36.93,36.732,34.3292,37.03
2021-08-12,37.03,37.62,36.894,36.737,34.3823,37.0
2021-08-13,37.0,37.43,36.998,36.7446,34.4364,37.19
2021-08-16,37.19,36.82,37.134,36.7446,34.4958,36.98
2021-08-17,36.98,36.84,37.134,36.7412,34.5528,36.56
2021-08-18,36.56,37.02,36.952,36.7406,34.603,36.18
2021-08-19,36.18,36.37,36.782,36.7114,34.6469,36.76
2021-08-20,36.76,36.11,36.734,36.6972,34.6956,37.14
2021-08-23,37.14,36.84,36.724,36.6814,34.7531,37.07
2021-08-24,37.07,37.28,36.742,36.6692,34.8054,37.04
2021-08-25,37.04,37.25,36.838,36.6558,34.8609,36.68
2021-08-26,36.68,37.04,36.938,36.636,34.913,37.2
2021-08-27,37.2,36.65,37.026,36.637,34.9647,37.07
2021-08-30,37.07,37.2,37.012,36.6258,35.0128,37.44
2021-08-31,37.44,36.85,37.086,36.6248,35.0718,37.0
2021-09-01,37.0,37.53,37.078,36.6118,35.1236,37.17
2021-09-02,37.17,37.16,37.176,36.6032,35.1736,36.89
2021-09-03,36.89,37.07,37.114,36.575,35.2172,36.75
2021-09-07,36.75,36.83,37.05,36.5428,35.2627,35.96
2021-09-08,35.96,36.72,36.754,36.4958,35.3039,36.36
2021-09-09,36.36,36.325,36.626,36.4864,35.3466,35.94
2021-09-10,35.94,36.43,36.38,36.4626,35.3836,36.34
2021-09-13,36.34,36.24,36.27,36.4384,35.4179,35.3
2021-09-14,35.3,36.68,35.98,36.398,35.4479,36.56
2021-09-15,36.56,35.34,36.1,36.3946,35.4849,37.33
2021-09-16,37.33,36.49,36.294,36.4132,35.5274,37.71
2021-09-17,37.71,37.22,36.648,36.4534,35.5652,37.13
2021-09-20,37.13,37.29,36.806,36.467,35.5979,37.13
2021-09-21,37.13,37.37,37.172,36.4736,35.6319,38.21
2021-09-22,38.21,37.4,37.502,36.5188,35.6738,38.42
2021-09-23,38.42,38.0,37.72,36.56,35.7175,39.26
2021-09-24,39.26,38.5,38.03,36.6284,35.7675,40.12
2021-09-27,40.12,39.15,38.628,36.7252,35.8219,39.83
2021-09-28,39.83,40.0,39.168,36.8274,35.8755,40.25
2021-09-29,40.25,39.85,39.576,36.933,35.9302,40.11
2021-09-30,40.11,40.93,39.914,37.0114,35.9868,40.78
2021-10-01,40.78,40.28,40.218,37.107,36.0478,41.48
2021-10-04,41.48,40.78,40.49,37.2128,36.1129,41.9
2021-10-05,41.9,41.66,40.904,37.3196,36.1797,41.55
2021-10-06,41.55,41.46,41.164,37.4266,36.2467,42.15
2021-10-07,42.15,41.85,41.572,37.5432,36.3188,42.25
2021-10-08,42.25,42.31,41.866,37.6622,36.3937,42.1
2021-10-11,42.1,42.36,41.99,37.791,36.4637,42.0
2021-10-12,42.0,40.6319,42.01,37.9182,36.5321,42.35
2021-10-13,42.35,42.1,42.17,38.0646,36.5982,42.45
2021-10-14,42.45,42.58,42.23,38.2154,36.6653,41.61
2021-10-15,41.61,42.69,42.102,38.3034,36.7279,41.93
2021-10-18,41.93,41.63,42.068,38.4124,36.792,43.03
2021-10-19,43.03,42.16,42.274,38.5428,36.8631,43.21
2021-10-20,43.21,43.02,42.446,38.6674,36.9319,42.61
2021-10-21,42.61,43.04,42.478,38.7702,36.9849,42.52
2021-10-22,42.52,42.52,42.66,38.88,37.0428,41.83
2021-10-25,41.83,42.6,42.64,38.9766,37.1015,41.59
2021-10-26,41.59,42.02,42.352,39.0646,37.1578,40.2
2021-10-27,40.2,41.69,41.75,39.129,37.21,40.76
2021-10-28,40.76,40.29,41.38,39.213,37.264,39.74
2021-10-29,39.74,40.7,40.824,39.2842,37.3063,41.06
2021-11-01,41.06,40.04,40.67,39.3702,37.3542,41.6
2021-11-02,41.6,41.17,40.672,39.4594,37.4121,41.58
2021-11-03,41.58,41.22,40.948,39.5496,37.4649,41.33
2021-11-04,41.33,41.78,41.062,39.6354,37.5164,41.48
2021-11-05,41.48,41.53,41.41,39.7314,37.573,40.56
2021-11-08,40.56,41.54,41.31,39.7986,37.6153,40.54
2021-11-09,40.54,40.61,41.098,39.868,37.6434,40.69
2021-11-10,40.69,40.65,40.92,39.933,37.6749,41.15
2021-11-11,41.15,39.85,40.884,40.016,37.7212,41.1
2021-11-12,41.1,41.15,40.808,40.0946,37.7708,41.27
2021-11-15,41.27,41.16,40.95,40.1822,37.8177,40.42
2021-11-16,40.42,41.25,40.926,40.2556,37.8673,40.29
2021-11-17,40.29,40.25,40.846,40.3422,37.9173,39.57
2021-11-18,39.57,40.29,40.53,40.4064,37.9631,38.99
2021-11-19,38.99,39.28,40.108,40.4674,38.0009,38.74
2021-11-22,38.74,38.99,39.602,40.5154,38.0312,39.13
2021-11-23,39.13,39.03,39.344,40.592,38.0732,38.5
2021-11-24,38.5,38.94,38.986,40.6308,38.1068,37.62
2021-11-26,37.62,37.76,38.596,40.6366,38.1349,36.92
2021-11-29,36.92,37.69,38.182,40.6208,38.1565,35.71
2021-11-30,35.71,36.76,37.576,40.5924,38.1764,34.44
2021-12-01,34.44,36.27,36.638,40.5386,38.1899,35.33
2021-12-02,35.33,34.5,36.004,40.481,38.2056,36.04
2021-12-03,36.04,35.51,35.688,40.4334,38.2169,36.52
2021-12-06,36.52,36.4,35.608,40.3786,38.2261,36.48
2021-12-07,36.48,36.735,35.762,40.3058,38.2379,36.75
2021-12-08,36.75,36.54,36.224,40.2442,38.2514,36.54
2021-12-09,36.54,36.63,36.466,40.17,38.2689,36.82
2021-12-10,36.82,36.75,36.622,40.1042,38.2865,36.31
2021-12-13,36.31,36.42,36.58,40.0148,38.2941,35.98
2021-12-14,35.98,36.16,36.48,39.9048,38.2842,36.25
2021-12-15,36.25,35.93,36.38,39.7918,38.2688,37.01
2021-12-16,37.01,36.45,36.474,39.701,38.2584,36.96
2021-12-17,36.96,37.31,36.502,39.5972,38.2368,36.39
2021-12-20,36.39,36.55,36.518,39.48,38.2071,36.9
2021-12-21,36.9,36.72,36.702,39.376,38.19,36.82
2021-12-22,36.82,36.95,36.816,39.2724,38.1668,37.28
2021-12-23,37.28,36.98,36.87,39.171,38.144,37.32
2021-12-27,37.32,37.22,36.942,39.0684,38.1167,37.49
2021-12-28,37.49,37.27,37.162,38.986,38.0906,37.09
2021-12-29,37.09,37.47,37.2,38.8892,38.0552,37.53
2021-12-30,37.53,37.16,37.342,38.7792,38.0282,36.9
2021-12-31,36.9,37.61,37.266,38.653,37.9983,37.64
2022-01-03,37.64,37.08,37.33,38.5536,37.9719,37.97
2022-01-04,37.97,37.88,37.426,38.4626,37.9435,37.61
2022-01-05,37.61,38.23,37.53,38.3782,37.9225,38.43
2022-01-06,38.43,37.86,37.71,38.315,37.914,39.02
2022-01-07,39.02,38.57,38.134,38.2914,37.9076,39.03
2022-01-10,39.03,39.21,38.412,38.2568,37.9138,38.95
2022-01-11,38.95,39.2,38.608,38.241,37.9224,39.29
2022-01-12,39.29,39.07,38.944,38.2056,37.9333,40.07
2022-01-13,40.07,39.45,39.272,38.175,37.9531,41.02
2022-01-14,41.02,39.9,39.672,38.1638,37.9766,39.9
2022-01-18,39.9,41.04,39.846,38.1352,37.9941,39.66
2022-01-19,39.66,39.95,39.988,38.0988,38.0072,38.19
2022-01-20,38.19,39.69,39.768,38.0514,38.0116,37.69
2022-01-21,37.69,37.98,39.292,37.9944,38.015,39.09
2022-01-24,39.09,38.0,38.906,37.9624,38.0232,39.16
2022-01-25,39.16,38.85,38.758,37.9226,38.0319,38.04
2022-01-26,38.04,39.2,38.434,37.8614,38.0347,38.25
2022-01-27,38.25,38.06,38.446,37.801,38.0398,40.1
2022-01-28,40.1,38.05,38.928,37.7946,38.0509,40.61
2022-01-31,40.61,39.98,39.232,37.801,38.0642,40.31
2022-02-01,40.31,40.78,39.462,37.8158,38.0774,40.67
2022-02-02,40.67,40.0,39.988,37.8494,38.0917,40.9
2022-02-03,40.9,40.575,40.518,37.8926,38.1032,40.69
2022-02-04,40.69,40.9,40.636,37.9238,38.116,40.61
2022-02-07,40.61,40.95,40.636,37.966,38.127,40.82
2022-02-08,40.82,40.82,40.738,38.03,38.1401,43.85
2022-02-09,43.85,41.4,41.374,38.1686,38.168,44.0
2022-02-10,44.0,43.46,41.994,38.3344,38.1989,43.4
2022-02-11,43.4,43.95,42.536,38.5136,38.227,42.67
2022-02-14,42.67,43.41,42.948,38.6604,38.2533,43.15
2022-02-15,43.15,42.9,43.414,38.8026,38.286,43.01
2022-02-16,43.01,42.71,43.246,38.9324,38.3173,42.91
2022-02-17,42.91,42.51,43.028,39.061,38.3502,42.38
2022-02-18,42.38,42.77,42.824,39.1736,38.3742,41.82
2022-02-22,41.82,42.22,42.654,39.2792,38.3917,40.97
2022-02-23,40.97,42.0,42.218,39.3622,38.4024,40.87
2022-02-24,40.87,40.54,41.79,39.4534,38.4143,41.77
2022-02-25,41.77,41.09,41.562,39.5692,38.4334,41.83
2022-02-28,41.83,41.11,41.452,39.6808,38.4489,41.26
2022-03-01,41.26,41.42,41.34,39.7658,38.4689,43.09
2022-03-02,43.09,41.38,41.764,39.8884,38.5005,43.16
2022-03-03,43.16,43.06,42.222,40.0238,38.5295,42.69
2022-03-04,42.69,42.69,42.406,40.1396,38.5562,41.6
2022-03-07,41.6,42.55,42.36,40.2352,38.578,41.84
2022-03-08,41.84,41.48,42.476,40.3264,38.5993,40.87
2022-03-09,40.87,42.39,42.032,40.3974,38.6164,39.79
2022-03-10,39.79,40.58,41.358,40.4434,38.6296,39.33
2022-03-11,39.33,40.09,40.686,40.4882,38.6387,38.75
2022-03-14,38.75,39.44,40.116,40.5126,38.6427,39.78
2022-03-15,39.78,39.02,39.704,40.5702,38.6549,40.67
2022-03-16,40.67,40.08,39.664,40.6308,38.6716,40.28
2022-03-17,40.28,40.37,39.762,40.677,38.6891,40.87
2022-03-18,40.87,40.29,40.07,40.7422,38.7104,40.85
2022-03-21,40.85,41.07,40.49,40.7906,38.7287,41.1
2022-03-22,41.1,41.13,40.754,40.8322,38.7484,40.56
2022-03-23,40.56,40.79,40.732,40.8628,38.7683,40.91
2022-03-24,40.91,40.48,40.858,40.902,38.7846,41.22
2022-03-25,41.22,40.94,40.928,40.9406,38.8034,40.5
2022-03-28,40.5,41.03,40.858,40.9492,38.8162,40.8
2022-03-29,40.8,40.71,40.798,40.9448,38.8318,40.14
2022-03-30,40.14,40.72,40.714,40.9496,38.844,39.45
2022-03-31,39.45,40.28,40.422,40.9454,38.8529,39.36
2022-04-01,39.36,39.96,40.05,40.9688,38.8639,39.55
2022-04-04,39.55,39.13,39.86,41.006,38.8735,38.66
2022-04-05,38.66,39.19,39.432,40.9974,38.8794,38.76
2022-04-06,38.76,38.53,39.156,40.9894,38.8849,38.42
2022-04-07,38.42,38.66,38.95,40.997,38.889,38.97
2022-04-08,38.97,38.51,38.872,41.0114,38.8924,38.72
2022-04-11,38.72,38.95,38.706,40.9838,38.8942,38.84
2022-04-12,38.84,39.22,38.742,40.9484,38.8968,39.11
2022-04-13,39.11,38.77,38.812,40.9244,38.9082,39.12
2022-04-14,39.12,39.21,38.952,40.8934,38.9182,38.99
2022-04-18,38.99,38.97,38.956,40.8552,38.9254,39.18
2022-04-19,39.18,39.04,39.048,40.825,38.9347,39.56
2022-04-20,39.56,38.95,39.192,40.804,38.9488,38.93
2022-04-21,38.93,39.64,39.156,40.7662,38.9615,38.21
2022-04-22,38.21,38.93,38.974,40.6534,38.974,37.99
2022-04-25,37.99,37.94,38.774,40.5332,38.9817,36.6
2022-04-26,36.6,37.78,38.258,40.3972,38.9807,36.26
2022-04-27,36.26,36.51,37.598,40.269,38.9823,36.54
2022-04-28,36.54,36.48,37.12,40.1368,38.9832,35.84
2022-04-29,35.84,36.42,36.646,39.9934,38.9832,36.57
2022-05-02,36.57,35.95,36.362,39.8666,38.9896,36.24
2022-05-03,36.24,36.67,36.29,39.7438,38.9972,37.04
2022-05-04,37.04,36.23,36.446,39.6482,39.0076,36.54
2022-05-05,36.54,36.74,36.446,39.5596,39.0093,34.6
2022-05-06,34.6,36.28,36.198,39.4342,39.0023,33.21
2022-05-09,33.21,34.22,35.526,39.263,38.9874,32.42
2022-05-10,32.42,32.08,34.762,39.0748,38.9667,33.21
2022-05-11,33.21,32.53,33.996,38.9138,38.9518,33.45
2022-05-12,33.45,33.11,33.378,38.721,38.9374,33.8
2022-05-13,33.8,33.76,33.218,38.5338,38.9249,33.69
2022-05-16,33.69,33.75,33.314,38.3538,38.9151,34.74
2022-05-17,34.74,34.01,33.778,38.2166,38.9106,33.49
2022-05-18,33.49,34.5,33.834,38.0496,38.9029,33.33
2022-05-19,33.33,33.21,33.81,37.8988,38.895,33.46
2022-05-20,33.46,33.8,33.742,37.7722,38.8762,34.19
2022-05-23,34.19,34.128,33.842,37.6694,38.8648,32.49
2022-05-24,32.49,34.0,33.392,37.5442,38.8447,33.3
2022-05-25,33.3,32.47,33.354,37.4146,38.8263,34.54
2022-05-26,34.54,33.53,33.596,37.292,38.8116,35.46
2022-05-27,35.46,34.51,33.996,37.1956,38.8038,35.51
2022-05-31,35.51,35.34,34.26,37.0884,38.7963,34.86
2022-06-01,34.86,35.7,34.734,36.9686,38.7847,34.42
2022-06-02,34.42,34.22,34.958,36.835,38.7719,34.13
2022-06-03,34.13,34.13,34.876,36.7064,38.7597,34.08
2022-06-06,34.08,34.105,34.6,36.5698,38.7492,34.6
2022-06-07,34.6,33.76,34.418,36.4374,38.7384,34.06
2022-06-08,34.06,34.38,34.258,36.3086,38.723,33.48
2022-06-09,33.48,34.29,34.07,36.1622,38.7051,32.39
2022-06-10,32.39,33.06,33.722,36.0072,38.6818,31.52
2022-06-13,31.52,31.79,33.21,35.8486,38.656,32.03
2022-06-14,32.03,31.57,32.696,35.702,38.6302,32.83
2022-06-15,32.83,32.27,32.45,35.5676,38.609,32.28
2022-06-16,32.28,32.35,32.21,35.44,38.5832,32.07
2022-06-17,32.07,32.28,32.146,35.3062,38.5585,32.56
2022-06-21,32.56,32.53,32.354,35.189,38.5355,32.06
2022-06-22,32.06,32.21,32.36,35.0508,38.5113,32.07
2022-06-23,32.07,32.09,32.208,34.9178,38.4879,32.8
2022-06-24,32.8,32.28,32.312,34.797,38.4721,33.04
2022-06-27,33.04,32.89,32.506,34.6756,38.4555,32.71
2022-06-28,32.71,33.16,32.536,34.5474,38.4394,32.64
2022-06-29,32.64,32.68,32.652,34.4204,38.4209,32.16
2022-06-30,32.16,32.26,32.67,34.28,38.4052,33.07
2022-07-01,33.07,32.05,32.724,34.1502,38.3877,33.17
2022-07-05,33.17,32.64,32.75,34.035,38.3669,33.16
2022-07-06,33.16,33.33,32.84,33.934,38.3442,33.5
2022-07-07,33.5,33.18,33.012,33.8442,38.326,33.24
2022-07-08,33.24,33.56,33.228,33.777,38.3066,32.9
2022-07-11,32.9,32.95,33.194,33.7098,38.28,33.22
2022-07-12,33.22,32.86,33.204,33.6434,38.254,32.84
2022-07-13,32.84,32.86,33.14,33.5834,38.2219,32.51
2022-07-14,32.51,32.435,32.942,33.5022,38.1839,33.68
2022-07-15,33.68,32.81,33.03,33.451,38.1531,33.23
2022-07-18,33.23,33.21,33.096,33.3748,38.118,34.25
2022-07-19,34.25,33.54,33.302,33.329,38.0887,34.74
2022-07-20,34.74,34.32,33.682,33.3318,38.0585,34.95
2022-07-21,34.95,34.67,34.17,33.3666,38.0259,35.16
2022-07-22,35.16,35.0,34.466,33.4214,37.9922,35.28
2022-07-25,35.28,35.089,34.876,33.4628,37.9608,34.1
2022-07-26,34.1,35.0,34.846,33.4758,37.9206,34.67
2022-07-27,34.67,34.26,34.832,33.4932,37.8827,34.88
2022-07-28,34.88,34.53,34.818,33.517,37.8466,33.11
2022-07-29,33.11,34.91,34.408,33.4844,37.8021,33.44
2022-08-01,33.44,32.83,34.04,33.4834,37.7576,33.2
2022-08-02,33.2,33.4,33.86,33.4808,37.7113,33.57
2022-08-03,33.57,33.0,33.64,33.483,37.6711,33.53
2022-08-04,33.53,33.47,33.37,33.4698,37.6291,33.33
2022-08-05,33.33,33.17,33.414,33.4866,37.5806,33.47
2022-08-08,33.47,33.49,33.42,33.49,37.5319,33.74
2022-08-09,33.74,33.58,33.528,33.474,37.4876,34.88
2022-08-10,34.88,34.79,33.79,33.4624,37.4494,36.43
2022-08-11,36.43,35.18,34.37,33.4808,37.4224,36.5
2022-08-12,36.5,36.66,35.004,33.5136,37.3969,36.38
2022-08-15,36.38,36.25,35.586,33.5528,37.3778,36.5
2022-08-16,36.5,36.31,36.138,33.6002,37.3565,36.17
2022-08-17,36.17,36.13,36.396,33.642,37.3387,36.02
2022-08-18,36.02,36.3,36.314,33.6704,37.3135,35.68
2022-08-19,35.68,35.86,36.15,33.7028,37.2839,34.7
2022-08-22,34.7,35.3,35.814,33.7272,37.2495,34.51
2022-08-23,34.51,34.68,35.416,33.7696,37.2154,34.78
2022-08-24,34.78,34.53,35.138,33.8348,37.1819,34.98
2022-08-25,34.98,34.91,34.93,33.8938,37.154,34.24
2022-08-26,34.24,35.02,34.642,33.922,37.1225,34.32
2022-08-29,34.32,34.05,34.566,33.9628,37.0906,34.2
2022-08-30,34.2,34.22,34.504,34.0054,37.0559,34.18
2022-08-31,34.18,34.4,34.384,34.0378,37.0213,34.04
2022-09-01,34.04,34.0,34.196,34.0774,36.9851,33.74
2022-09-02,33.74,34.26,34.096,34.1108,36.9517,32.97
2022-09-06,32.97,33.81,33.826,34.1142,36.9151,33.42
2022-09-07,33.42,32.91,33.67,34.1218,36.8844,33.52
2022-09-08,33.52,33.3,33.538,34.138,36.857,34.52
2022-09-09,34.52,33.74,33.634,34.1756,36.8359,34.8
2022-09-12,34.8,34.64,33.846,34.2284,36.8143,33.49
2022-09-13,33.49,33.73,33.95,34.2368,36.7892,33.52
2022-09-14,33.52,33.58,33.97,34.2438,36.7688,34.56
2022-09-15,34.56,33.5,34.178,34.2718,36.7569,33.67
2022-09-16,33.67,34.54,34.008,34.2752,36.7468,34.36
2022-09-19,34.36,33.44,33.92,34.2976,36.7464,34.24
2022-09-20,34.24,34.03,34.07,34.3244,36.7409,32.72
2022-09-21,32.72,34.27,33.91,34.3144,36.7243,32.11
2022-09-22,32.11,32.65,33.42,34.2998,36.7022,31.71
2022-09-23,31.71,31.73,33.028,34.2838,36.6784,31.12
2022-09-26,31.12,31.5,32.38,34.2326,36.6503,30.95
2022-09-27,30.95,31.42,31.722,34.187,36.6223,31.44
2022-09-28,31.44,31.07,31.466,34.1308,36.5954,30.51
2022-09-29,30.51,31.08,31.146,34.0462,36.5664,30.68
2022-09-30,30.68,30.72,30.94,33.9608,36.5399,31.26
2022-10-03,31.26,31.07,30.968,33.8828,36.515,32.23
2022-10-04,32.23,31.41,31.224,33.8218,36.491,31.54
2022-10-05,31.54,31.71,31.244,33.7706,36.4639,31.17
2022-10-06,31.17,32.07,31.376,33.7006,36.4379,31.37
2022-10-07,31.37,30.9,31.514,33.6304,36.4102,31.14
2022-10-10,31.14,31.55,31.49,33.591,36.3818,30.67
2022-10-11,30.67,30.97,31.178,33.5356,36.3488,30.49
2022-10-12,30.49,30.69,30.968,33.4814,36.3146,31.7
2022-10-13,31.7,30.14,31.074,33.444,36.2857,31.55
2022-10-14,31.55,31.86,31.11,33.4044,36.258,28.58
2022-10-17,28.58,29.74,30.598,33.3094,36.2132,29.2
2022-10-18,29.2,29.3,30.304,33.224,36.1747,29.32
2022-10-19,29.32,29.32,30.07,33.1356,36.1331,29.01
2022-10-20,29.01,29.26,29.532,33.0182,36.0883,29.43
2022-10-21,29.43,29.02,29.108,32.8782,36.0474,29.62
2022-10-24,29.62,29.64,29.316,32.7406,36.0034,29.84
2022-10-25,29.84,29.51,29.444,32.6098,35.9575,28.97
2022-10-26,28.97,29.87,29.374,32.4592,35.9072,28.17
2022-10-27,28.17,29.0,29.206,32.2992,35.8533,28.84
2022-10-28,28.84,28.3,29.088,32.1556,35.801,28.87
2022-10-31,28.87,28.84,28.938,32.0194,35.745,30.53
2022-11-01,30.53,30.1,29.076,31.936,35.6926,30.05
2022-11-02,30.05,30.17,29.292,31.8468,35.6433,29.95
2022-11-03,29.95,29.85,29.648,31.7502,35.5948,29.84
2022-11-04,29.84,30.31,29.848,31.6474,35.553,29.14
2022-11-07,29.14,30.17,29.902,31.5454,35.5103,29.34
2022-11-08,29.34,29.06,29.664,31.4458,35.4615,28.44
2022-11-09,28.44,28.89,29.342,31.3306,35.4079,29.44
2022-11-10,29.44,29.35,29.24,31.2358,35.3649,30.52
2022-11-11,30.52,29.71,29.376,31.1654,35.3263,30.41
2022-11-14,30.41,30.59,29.63,31.0988,35.2778,30.75
2022-11-15,30.75,30.76,29.912,31.0544,35.2285,30.49
2022-11-16,30.49,30.74,30.322,30.9958,35.1794,30.63
2022-11-17,30.63,30.1,30.56,30.938,35.1292,30.93
2022-11-18,30.93,31.0,30.642,30.8662,35.0794,30.51
2022-11-21,30.51,31.05,30.662,30.7804,35.0285,30.9
2022-11-22,30.9,30.75,30.692,30.7286,34.9799,31.08
2022-11-23,31.08,30.8,30.81,30.6798,34.9312,31.29
2022-11-25,31.29,31.11,30.942,30.6144,34.8684,31.0
2022-11-28,31.0,31.08,30.956,30.561,34.8034,31.72
2022-11-29,31.72,31.12,31.198,30.5082,34.745,32.45
2022-11-30,32.45,31.63,31.508,30.4724,34.6939,32.1
2022-12-01,32.1,32.55,31.712,30.46,34.6387,32.55
2022-12-02,32.55,31.74,31.964,30.4688,34.5864,32.01
2022-12-05,32.01,32.49,32.166,30.4748,34.5319,31.0
2022-12-06,31.0,32.14,32.022,30.4724,34.475,30.7
2022-12-07,30.7,30.89,31.672,30.4674,34.4194,31.0
2022-12-08,31.0,30.82,31.452,30.4586,34.3695,31.31
2022-12-09,31.31,31.0,31.204,30.4746,34.3217,X
