ticker,TEAM US Equity,TEAM US Equity,TEAM US Equity,TEAM US Equity,TEAM US Equity,Close Tomorrow
field,PX_LAST,PX_OPEN,MOV_AVG_5D,MOV_AVG_50D,MOV_AVG_200D,
date,,,,,,
2015-12-09,21.0,,,,,27.78
2015-12-10,27.78,27.67,,,,27.5
2015-12-11,27.5,27.85,,,,26.26
2015-12-14,26.26,27.5,,,,26.5
2015-12-15,26.5,26.39,25.808,,,26.54
2015-12-16,26.54,26.75,26.916,,,28.01
2015-12-17,28.01,26.94,26.962,,,28.22
2015-12-18,28.22,27.9,27.106,,,29.35
2015-12-21,29.35,28.84,27.724,,,30.1
2015-12-22,30.1,30.16,28.444,,,28.49
2015-12-23,28.49,30.57,28.834,,,28.21
2015-12-24,28.21,28.33,28.874,,,28.9
2015-12-28,28.9,28.28,29.01,,,31.1
2015-12-29,31.1,29.21,29.36,,,30.21
2015-12-30,30.21,31.46,29.382,,,30.08
2015-12-31,30.08,30.22,29.7,,,27.41
2016-01-04,27.41,28.94,29.54,,,26.77
2016-01-05,26.77,27.91,29.114,,,27.05
2016-01-06,27.05,26.46,28.304,,,26.97
2016-01-07,26.97,26.55,27.656,,,27.17
2016-01-08,27.17,27.06,27.074,,,27.12
2016-01-11,27.12,27.1,27.016,,,26.82
2016-01-12,26.82,27.2,27.026,,,26.73
2016-01-13,26.73,27.0,26.962,,,26.84
2016-01-14,26.84,26.68,26.936,,,25.19
2016-01-15,25.19,26.04,26.54,,,24.02
2016-01-19,24.02,25.3,25.92,,,22.63
2016-01-20,22.63,23.21,25.082,,,24.24
2016-01-21,24.24,22.72,24.584,,,24.61
2016-01-22,24.61,25.11,24.138,,,23.67
2016-01-25,23.67,24.5,23.834,,,24.01
2016-01-26,24.01,23.68,23.832,,,22.28
2016-01-27,22.28,24.02,23.762,,,20.39
2016-01-28,20.39,22.72,22.992,,,20.77
2016-01-29,20.77,20.99,22.224,,,21.17
2016-02-01,21.17,20.69,21.724,,,21.34
2016-02-02,21.34,21.04,21.19,,,23.77
2016-02-03,23.77,21.93,21.488,,,24.0
2016-02-04,24.0,24.0,22.21,,,20.19
2016-02-05,20.19,24.0,22.094,,,17.92
2016-02-08,17.92,19.88,21.444,,,18.92
2016-02-09,18.92,17.85,20.96,,,20.06
2016-02-10,20.06,19.04,20.218,,,20.35
2016-02-11,20.35,19.41,19.488,,,20.1
2016-02-12,20.1,20.48,19.47,,,22.18
2016-02-16,22.18,20.4,20.322,,,23.35
2016-02-17,23.35,22.33,21.208,,,22.0
2016-02-18,22.0,23.24,21.596,,,22.13
2016-02-19,22.13,21.59,21.952,,,22.11
2016-02-22,22.11,22.1,22.354,24.8506,,22.51
2016-02-23,22.51,21.88,22.42,24.8808,,22.56
2016-02-24,22.56,22.34,22.262,24.7764,,23.535
2016-02-25,23.535,23.01,22.569,24.6971,,23.3
2016-02-26,23.3,23.47,22.803,24.6379,,23.77
2016-02-29,23.77,23.13,23.135,24.5833,,23.6
2016-03-01,23.6,23.86,23.353,24.5245,,24.16
2016-03-02,24.16,23.45,23.673,24.4475,,23.0
2016-03-03,23.0,24.04,23.566,24.3431,,23.02
2016-03-04,23.02,23.24,23.51,24.2165,,23.03
2016-03-07,23.03,22.98,23.362,24.0751,,22.36
2016-03-08,22.36,22.85,23.114,23.9525,,21.77
2016-03-09,21.77,22.55,22.636,23.8237,,22.22
2016-03-10,22.22,21.8,22.48,23.6901,,22.97
2016-03-11,22.97,22.36,22.47,23.5275,,22.73
2016-03-14,22.73,22.97,22.41,23.3779,,23.5
2016-03-15,23.5,22.51,22.638,23.2463,,24.19
2016-03-16,24.19,23.63,23.122,23.1819,,24.42
2016-03-17,24.42,23.98,23.562,23.1349,,23.24
2016-03-18,23.24,24.33,23.616,23.0587,,23.92
2016-03-21,23.92,23.4,23.854,22.9977,,24.69
2016-03-22,24.69,23.77,24.092,22.9481,,24.63
2016-03-23,24.63,24.75,24.18,22.8983,,23.82
2016-03-24,23.82,24.57,24.06,22.8383,,24.01
2016-03-28,24.01,24.0,24.214,22.7839,,24.11
2016-03-29,24.11,23.83,24.252,22.7293,,23.74
2016-03-30,23.74,24.05,24.062,22.7003,,25.15
2016-03-31,25.15,23.68,24.166,22.7229,,23.69
2016-04-01,23.69,24.85,24.14,22.7441,,24.1
2016-04-04,24.1,23.77,24.158,22.7413,,23.48
2016-04-05,23.48,23.86,24.032,22.7187,,23.55
2016-04-06,23.55,23.44,23.994,22.7163,,23.06
2016-04-07,23.06,23.19,23.576,22.6973,,23.24
2016-04-08,23.24,23.25,23.486,22.7165,,23.23
2016-04-11,23.23,23.39,23.312,22.7733,,23.11
2016-04-12,23.11,23.3,23.238,22.8201,,23.57
2016-04-13,23.57,23.27,23.242,22.8681,,22.94
2016-04-14,22.94,23.57,23.218,22.9001,,22.61
2016-04-15,22.61,22.9,23.092,22.8769,,23.3
2016-04-18,23.3,22.68,23.106,22.8629,,23.4
2016-04-19,23.4,23.41,23.164,22.9271,,23.61
2016-04-20,23.61,23.42,23.172,23.0409,,24.3
2016-04-21,24.3,23.65,23.444,23.1485,,23.82
2016-04-22,23.82,24.3,23.686,23.2237,,23.91
2016-04-25,23.91,23.62,23.808,23.2949,,24.1
2016-04-26,24.1,24.04,23.948,23.3749,,23.66
2016-04-27,23.66,24.06,23.958,23.4045,,23.19
2016-04-28,23.19,23.69,23.736,23.4013,,23.17
2016-04-29,23.17,23.15,23.606,23.4247,,24.17
2016-05-02,24.17,23.35,23.658,23.4655,,23.78
2016-05-03,23.78,23.93,23.594,23.4989,,23.28
2016-05-04,23.28,23.61,23.518,23.5143,,23.02
2016-05-05,23.02,23.38,23.484,23.5235,,21.83
2016-05-06,21.83,22.81,23.216,23.4894,,21.09
2016-05-09,21.09,21.9,22.6,23.4452,,21.81
2016-05-10,21.81,21.05,22.206,23.406,,22.01
2016-05-11,22.01,21.64,21.952,23.3742,,21.58
2016-05-12,21.58,21.95,21.664,23.3226,,21.93
2016-05-13,21.93,21.47,21.684,23.3012,,22.03
2016-05-16,22.03,21.75,21.872,23.2814,,21.73
2016-05-17,21.73,21.91,21.856,23.2554,,22.12
2016-05-18,22.12,21.57,21.878,23.2506,,21.8
2016-05-19,21.8,21.91,21.922,23.2512,,22.69
2016-05-20,22.69,21.74,22.074,23.2606,,22.37
2016-05-23,22.37,22.58,22.142,23.2486,,22.82
2016-05-24,22.82,22.5,22.36,23.2504,,23.02
2016-05-25,23.02,22.56,22.54,23.2408,,22.91
2016-05-26,22.91,22.99,22.762,23.2152,,22.78
2016-05-27,22.78,22.71,22.78,23.1824,,22.57
2016-05-31,22.57,22.85,22.82,23.169,,23.93
2016-06-01,23.93,22.45,23.042,23.1692,,24.95
2016-06-02,24.95,23.96,23.428,23.1744,,24.15
2016-06-03,24.15,24.99,23.676,23.1648,,24.36
2016-06-06,24.36,24.02,23.992,23.1756,,23.46
2016-06-07,23.46,23.44,24.17,23.1646,,23.79
2016-06-08,23.79,23.56,24.142,23.1582,,23.99
2016-06-09,23.99,23.56,23.95,23.1632,,23.84
2016-06-10,23.84,23.52,23.888,23.137,,24.35
2016-06-13,24.35,23.55,23.886,23.1502,,24.52
2016-06-14,24.52,24.09,24.098,23.1586,,25.99
2016-06-15,25.99,24.78,24.538,23.2088,,25.5
2016-06-16,25.5,25.54,24.84,23.2478,,25.81
2016-06-17,25.81,25.5,25.234,23.3028,,26.26
2016-06-20,26.26,25.98,25.616,23.3632,,25.99
2016-06-21,25.99,26.0,25.91,23.4184,,26.19
2016-06-22,26.19,25.89,25.95,23.48,,26.78
2016-06-23,26.78,26.04,26.206,23.5442,,25.9
2016-06-24,25.9,25.5,26.224,23.6034,,24.95
2016-06-27,24.95,25.5,25.962,23.6502,,25.38
2016-06-28,25.38,25.36,25.84,23.6918,,25.81
2016-06-29,25.81,25.63,25.764,23.74,,25.9
2016-06-30,25.9,25.97,25.588,23.7858,,25.62
2016-07-01,25.62,25.68,25.532,23.8122,,26.17
2016-07-05,26.17,25.3,25.776,23.8592,,26.97
2016-07-06,26.97,25.84,26.094,23.9204,,26.58
2016-07-07,26.58,27.0,26.248,23.97,,26.98
2016-07-08,26.98,26.77,26.464,24.0364,,27.22
2016-07-11,27.22,27.08,26.784,24.117,,27.3
2016-07-12,27.3,27.11,27.01,24.1996,,27.11
2016-07-13,27.11,27.41,27.038,24.2584,,27.35
2016-07-14,27.35,27.08,27.192,24.3298,,27.4
2016-07-15,27.4,27.58,27.276,24.4122,,27.2
2016-07-18,27.2,27.4,27.272,24.4958,,27.51
2016-07-19,27.51,27.22,27.314,24.6094,,28.02
2016-07-20,28.02,27.73,27.496,24.748,,27.73
2016-07-21,27.73,27.9,27.572,24.8664,,28.16
2016-07-22,28.16,27.81,27.724,24.9894,,28.4
2016-07-25,28.4,28.2,27.964,25.1258,,28.7
2016-07-26,28.7,28.31,28.202,25.2612,,29.0
2016-07-27,29.0,28.73,28.398,25.4006,,29.74
2016-07-28,29.74,29.23,28.8,25.5608,,29.97
2016-07-29,29.97,29.7,29.162,25.7178,,29.84
2016-08-01,29.84,29.99,29.45,25.8786,,29.33
2016-08-02,29.33,29.96,29.576,26.0114,,29.79
2016-08-03,29.79,29.2,29.734,26.1598,,30.04
2016-08-04,30.04,29.99,29.794,26.3042,,31.97
2016-08-05,31.97,30.5,30.194,26.4832,,30.49
2016-08-08,30.49,31.82,30.324,26.6348,,30.66
2016-08-09,30.66,30.23,30.59,26.7924,,29.95
2016-08-10,29.95,30.15,30.622,26.94,,29.98
2016-08-11,29.98,29.9,30.61,27.061,,30.0
2016-08-12,30.0,29.92,30.216,27.162,,30.33
2016-08-15,30.33,29.85,30.184,27.2856,,29.95
2016-08-16,29.95,30.39,30.042,27.3974,,29.63
2016-08-17,29.63,29.84,29.978,27.5208,,29.71
2016-08-18,29.71,29.7,29.924,27.6392,,29.42
2016-08-19,29.42,29.59,29.808,27.7478,,28.97
2016-08-22,28.97,29.2,29.536,27.8504,,28.97
2016-08-23,28.97,28.97,29.34,27.9428,,28.74
2016-08-24,28.74,28.98,29.162,28.0272,,28.93
2016-08-25,28.93,28.47,29.006,28.086,,28.94
2016-08-26,28.94,28.74,28.91,28.1548,,29.02
2016-08-29,29.02,28.74,28.92,28.219,,29.7
2016-08-30,29.7,29.04,29.066,28.2878,,29.48
2016-08-31,29.48,29.61,29.214,28.3576,,29.97
2016-09-01,29.97,29.3,29.422,28.4332,,30.1
2016-09-02,30.1,30.0,29.654,28.4996,,30.42
2016-09-06,30.42,30.28,29.934,28.59,,30.64
2016-09-07,30.64,30.34,30.122,28.7038,,30.67
2016-09-08,30.67,30.6,30.36,28.8096,,29.48
2016-09-09,29.48,30.56,30.262,28.883,,30.23
2016-09-12,30.23,29.25,30.288,28.9696,,29.49
2016-09-13,29.49,29.85,30.102,29.047,,29.73
2016-09-14,29.73,29.48,29.92,29.1182,,30.01
2016-09-15,30.01,29.73,29.788,29.179,,30.0
2016-09-16,30.0,29.9,29.892,29.2474,,30.29
2016-09-19,30.29,29.99,29.904,29.3136,,30.26
2016-09-20,30.26,30.5,30.058,29.3744,,31.9
2016-09-21,31.9,30.45,30.492,29.4664,,31.36
2016-09-22,31.36,32.1,30.762,29.5514,,30.75
2016-09-23,30.75,31.46,30.912,29.6194,25.5747,30.02
2016-09-26,30.02,30.39,30.858,29.6718,25.6198,29.78
2016-09-27,29.78,29.9,30.762,29.7234,25.6298,30.0
2016-09-28,30.0,29.83,30.382,29.7732,25.6423,30.32
2016-09-29,30.32,31.48,30.174,29.8192,25.6626,29.97
2016-09-30,29.97,30.4,30.018,29.864,25.6799,29.19
2016-10-03,29.19,29.8,29.852,29.8846,25.6932,28.72
2016-10-04,28.72,29.13,29.64,29.891,25.6967,29.08
2016-10-05,29.08,29.28,29.456,29.8986,25.701,28.85
2016-10-06,28.85,29.15,29.162,29.8956,25.6985,28.27
2016-10-07,28.27,28.78,28.822,29.8662,25.6894,28.46
2016-10-10,28.46,28.38,28.676,29.836,25.6892,28.41
2016-10-11,28.41,28.35,28.614,29.8074,25.6902,28.0
2016-10-12,28.0,28.23,28.398,29.7808,25.6857,28.05
2016-10-13,28.05,27.75,28.238,29.746,25.6705,28.42
2016-10-14,28.42,28.34,28.268,29.7136,25.6615,28.43
2016-10-17,28.43,28.5,28.262,29.6428,25.6533,28.91
2016-10-18,28.91,28.53,28.362,29.6112,25.6608,29.03
2016-10-19,29.03,29.0,28.568,29.5786,25.6721,28.7
2016-10-20,28.7,29.1,28.698,29.5536,25.6803,29.04
2016-10-21,29.04,28.83,28.822,29.5348,25.6907,29.25
2016-10-24,29.25,29.69,28.986,29.5198,25.7011,29.14
2016-10-25,29.14,29.37,29.032,29.496,25.7112,28.77
2016-10-26,28.77,28.95,28.98,29.4724,25.7209,28.31
2016-10-27,28.31,28.86,28.902,29.446,25.7288,27.2
2016-10-28,27.2,28.02,28.534,29.3958,25.7306,26.86
2016-10-31,26.86,27.0,28.056,29.3446,25.739,27.19
2016-11-01,27.19,26.78,27.666,29.309,25.7548,27.13
2016-11-02,27.13,27.07,27.338,29.2722,25.7773,26.94
2016-11-03,26.94,27.04,27.064,29.2362,25.7908,26.9
2016-11-04,26.9,26.84,27.004,29.1956,25.8023,27.44
2016-11-07,27.44,27.01,27.12,29.1656,25.8211,27.42
2016-11-08,27.42,27.31,27.166,29.1336,25.8382,27.32
2016-11-09,27.32,26.0,27.204,29.086,25.8634,27.47
2016-11-10,27.47,27.3,27.31,29.0458,25.8988,27.49
2016-11-11,27.49,27.41,27.428,28.9962,25.9324,27.59
2016-11-14,27.59,27.52,27.458,28.946,25.9645,27.91
2016-11-15,27.91,27.72,27.556,28.8958,25.9973,28.55
2016-11-16,28.55,27.91,27.802,28.854,26.0212,29.36
2016-11-17,29.36,28.59,28.18,28.8278,26.048,28.76
2016-11-18,28.76,29.19,28.434,28.8134,26.0909,27.91
2016-11-21,27.91,28.71,28.498,28.767,26.1408,27.34
2016-11-22,27.34,27.85,28.384,28.724,26.1829,27.41
2016-11-23,27.41,27.36,28.156,28.6776,26.2197,27.42
2016-11-25,27.42,27.5,27.768,28.6258,26.255,27.22
2016-11-28,27.22,27.11,27.46,28.5702,26.2906,27.61
2016-11-29,27.61,27.12,27.4,28.5166,26.3178,27.14
2016-11-30,27.14,27.51,27.36,28.4542,26.3367,26.12
2016-12-01,26.12,27.03,27.102,28.3386,26.3573,25.23
2016-12-02,25.23,26.71,26.664,28.216,26.3728,25.59
2016-12-05,25.59,25.13,26.338,28.1128,26.3902,25.58
2016-12-06,25.58,25.77,25.932,28.024,26.4056,26.08
2016-12-07,26.08,25.65,25.72,27.95,26.4232,26.53
2016-12-08,26.53,26.18,25.802,27.8806,26.4381,26.55
2016-12-09,26.55,26.71,26.066,27.8052,26.4544,25.64
2016-12-12,25.64,26.31,26.076,27.7186,26.4637,25.28
2016-12-13,25.28,25.64,26.016,27.6404,26.4721,24.89
2016-12-14,24.89,25.3,25.778,27.5638,26.4758,24.65
2016-12-15,24.65,24.94,25.402,27.4752,26.484,24.19
2016-12-16,24.19,24.64,24.93,27.382,26.4899,24.07
2016-12-19,24.07,25.24,24.616,27.298,26.4951,24.61
2016-12-20,24.61,24.08,24.482,27.221,26.5063,24.33
2016-12-21,24.33,24.65,24.37,27.1394,26.5191,24.05
2016-12-22,24.05,24.34,24.25,27.0604,26.5283,24.13
2016-12-23,24.13,24.11,24.238,26.982,26.5341,24.31
2016-12-27,24.31,24.41,24.286,26.8998,26.542,24.25
2016-12-28,24.25,24.36,24.214,26.8162,26.5457,24.26
2016-12-29,24.26,24.27,24.2,26.7232,26.5461,24.08
2016-12-30,24.08,24.34,24.206,26.6242,26.5444,24.6
2017-01-03,24.6,24.32,24.3,26.5422,26.5512,25.15
2017-01-04,25.15,24.75,24.468,26.4644,26.5573,24.97
2017-01-05,24.97,25.16,24.612,26.3788,26.5587,24.72
2017-01-06,24.72,25.07,24.704,26.2904,26.5592,25.03
2017-01-09,25.03,24.73,24.894,26.2156,26.5652,25.24
2017-01-10,25.24,25.03,25.022,26.1542,26.5714,26.0
2017-01-11,26.0,25.28,25.192,26.1302,26.5808,26.81
2017-01-12,26.81,26.03,25.56,26.1292,26.5962,26.91
2017-01-13,26.91,26.92,25.998,26.1236,26.605,26.63
2017-01-17,26.63,26.82,26.318,26.1136,26.6197,27.2
2017-01-18,27.2,26.88,26.71,26.1188,26.6352,27.42
2017-01-19,27.42,27.35,26.994,26.1292,26.6549,28.03
2017-01-20,28.03,27.21,27.238,26.141,26.6773,27.64
2017-01-23,27.64,27.78,27.384,26.1454,26.7002,27.93
2017-01-24,27.93,27.52,27.644,26.1576,26.7236,27.85
2017-01-25,27.85,28.69,27.774,26.1652,26.7467,27.77
2017-01-26,27.77,27.86,27.844,26.1708,26.77,27.76
2017-01-27,27.76,27.81,27.79,26.1742,26.791,27.61
2017-01-30,27.61,27.51,27.784,26.1682,26.8143,27.63
2017-01-31,27.63,27.39,27.724,26.1498,26.8394,28.02
2017-02-01,28.02,27.57,27.758,26.123,26.863,28.14
2017-02-02,28.14,28.0,27.832,26.1106,26.8867,28.16
2017-02-03,28.16,28.06,27.912,26.1156,26.9095,27.93
2017-02-06,27.93,27.96,27.976,26.1274,26.9276,28.0
2017-02-07,28.0,28.0,28.05,26.1392,26.9486,28.11
2017-02-08,28.11,27.98,28.068,26.153,26.9695,28.26
2017-02-09,28.26,28.11,28.092,26.1738,26.9903,28.64
2017-02-10,28.64,28.21,28.188,26.1944,27.0152,28.92
2017-02-13,28.92,28.64,28.386,26.23,27.0439,28.96
2017-02-14,28.96,28.95,28.578,26.2868,27.0729,29.62
2017-02-15,29.62,28.9,28.88,26.3746,27.1001,29.16
2017-02-16,29.16,29.47,29.06,26.446,27.127,29.89
2017-02-17,29.89,28.96,29.31,26.5322,27.1601,30.05
2017-02-21,30.05,29.79,29.536,26.6116,27.1952,29.42
2017-02-22,29.42,30.06,29.628,26.6694,27.2332,29.5
2017-02-23,29.5,29.35,29.604,26.7284,27.2752,29.27
2017-02-24,29.27,29.39,29.626,26.801,27.3125,28.82
2017-02-27,28.82,29.06,29.412,26.8718,27.3465,28.44
2017-02-28,28.44,28.54,29.09,26.9428,27.3808,28.93
2017-03-01,28.93,28.73,28.992,27.0284,27.4158,28.6
2017-03-02,28.6,28.83,28.812,27.1166,27.4487,28.79
2017-03-03,28.79,28.66,28.716,27.211,27.484,28.63
2017-03-06,28.63,28.56,28.678,27.2914,27.5166,28.55
2017-03-07,28.55,28.69,28.7,27.3758,27.5503,28.63
2017-03-08,28.63,28.67,28.64,27.4674,27.58,28.54
2017-03-09,28.54,28.75,28.628,27.5556,27.6109,28.67
2017-03-10,28.67,28.69,28.604,27.6428,27.6401,29.13
2017-03-13,29.13,28.58,28.704,27.7404,27.6707,28.92
2017-03-14,28.92,29.15,28.778,27.8336,27.7007,29.03
2017-03-15,29.03,29.04,28.858,27.9326,27.732,29.39
2017-03-16,29.39,29.13,29.028,28.0284,27.7661,29.66
2017-03-17,29.66,29.53,29.226,28.1186,27.7947,29.45
2017-03-20,29.45,29.81,29.29,28.2082,27.8172,28.99
2017-03-21,28.99,29.73,29.304,28.2936,27.8414,29.18
2017-03-22,29.18,29.04,29.334,28.3766,27.8655,29.29
2017-03-23,29.29,29.02,29.314,28.4576,27.8947,29.43
2017-03-24,29.43,29.32,29.268,28.5262,27.9229,29.59
2017-03-27,29.59,29.3,29.296,28.5818,27.9509,29.81
2017-03-28,29.81,29.6,29.46,28.6398,27.9807,29.85
2017-03-29,29.85,29.81,29.594,28.7042,28.0082,29.83
2017-03-30,29.83,29.9,29.702,28.7568,28.0348,29.95
2017-03-31,29.95,29.64,29.806,28.8074,28.0546,29.74
2017-04-03,29.74,29.85,29.836,28.8416,28.0758,29.91
2017-04-04,29.91,29.81,29.856,28.887,28.0963,30.11
2017-04-05,30.11,30.0,29.908,28.9306,28.1155,31.32
2017-04-06,31.32,30.15,30.206,29.0,28.1422,31.32
2017-04-07,31.32,31.11,30.48,29.071,28.1678,31.55
2017-04-10,31.55,31.43,30.842,29.1468,28.1917,31.22
2017-04-11,31.22,31.43,31.104,29.219,28.2183,31.6
2017-04-12,31.6,31.01,31.402,29.2984,28.2515,31.23
2017-04-13,31.23,31.6,31.384,29.3626,28.2808,31.49
2017-04-17,31.49,31.34,31.418,29.4296,28.3092,31.59
2017-04-18,31.59,31.45,31.426,29.4982,28.3376,31.83
2017-04-19,31.83,31.58,31.548,29.5762,28.3687,31.27
2017-04-20,31.27,31.44,31.482,29.6416,28.3942,31.54
2017-04-21,31.54,31.44,31.544,29.7102,28.417,32.02
2017-04-24,32.02,31.89,31.65,29.7854,28.4442,32.57
2017-04-25,32.57,31.97,31.846,29.864,28.4722,32.82
2017-04-26,32.82,32.57,32.044,29.942,28.5002,33.47
2017-04-27,33.47,32.66,32.484,30.0322,28.531,34.48
2017-04-28,34.48,34.2,33.072,30.1294,28.5679,34.72
2017-05-01,34.72,33.65,33.612,30.2406,28.6047,34.94
2017-05-02,34.94,34.69,34.086,30.3416,28.6424,35.28
2017-05-03,35.28,34.96,34.578,30.4462,28.6828,36.53
2017-05-04,36.53,35.36,35.19,30.5884,28.7279,36.81
2017-05-05,36.81,36.48,35.656,30.7346,28.7719,36.82
2017-05-08,36.82,36.92,36.076,30.8856,28.8173,36.84
2017-05-09,36.84,36.83,36.456,31.046,28.8607,37.18
2017-05-10,37.18,36.79,36.836,31.2208,28.9046,36.93
2017-05-11,36.93,37.0,36.916,31.3808,28.9458,36.84
2017-05-12,36.84,36.79,36.922,31.5456,28.985,37.06
2017-05-15,37.06,36.92,36.97,31.711,29.0216,36.9
2017-05-16,36.9,37.06,36.982,31.8764,29.0562,35.4
2017-05-17,35.4,36.51,36.626,32.0134,29.084,35.34
2017-05-18,35.34,35.3,36.308,32.1476,29.1141,35.25
2017-05-19,35.25,35.46,35.99,32.2818,29.1414,35.56
2017-05-22,35.56,35.14,35.69,32.4196,29.169,35.43
2017-05-23,35.43,35.63,35.396,32.5456,29.1863,35.9
2017-05-24,35.9,35.41,35.496,32.6852,29.2133,35.95
2017-05-25,35.95,35.76,35.618,32.8236,29.2398,35.58
2017-05-26,35.58,35.81,35.684,32.9474,29.2679,35.6
2017-05-30,35.6,35.46,35.692,33.0662,29.296,35.76
2017-05-31,35.76,35.67,35.758,33.1924,29.3248,36.51
2017-06-01,36.51,35.86,35.88,33.3428,29.3557,36.74
2017-06-02,36.74,36.61,36.038,33.494,29.3897,36.86
2017-06-05,36.86,36.7,36.294,33.6454,29.4258,37.71
2017-06-06,37.71,36.77,36.716,33.811,29.4658,36.87
2017-06-07,36.87,37.78,36.938,33.9566,29.5031,37.21
2017-06-08,37.21,37.05,37.078,34.1046,29.5443,34.62
2017-06-09,34.62,37.39,36.654,34.2,29.5725,34.57
2017-06-12,34.57,34.51,36.196,34.2948,29.6017,34.63
2017-06-13,34.63,34.79,35.58,34.3884,29.6302,34.63
2017-06-14,34.63,34.82,35.132,34.4862,29.6586,34.64
2017-06-15,34.64,34.34,34.618,34.5808,29.6867,34.79
2017-06-16,34.79,34.78,34.652,34.6744,29.7122,34.85
2017-06-19,34.85,34.94,34.708,34.745,29.739,34.6
2017-06-20,34.6,34.81,34.702,34.8106,29.7622,34.8
2017-06-21,34.8,34.8,34.736,34.8756,29.7857,35.3
2017-06-22,35.3,34.72,34.868,34.9572,29.8101,36.0
2017-06-23,36.0,35.3,35.11,35.0452,29.8369,35.93
2017-06-26,35.93,36.01,35.326,35.1392,29.8632,35.67
2017-06-27,35.67,35.91,35.54,35.2228,29.8941,36.1
2017-06-28,36.1,35.85,35.8,35.313,29.9235,35.18
2017-06-29,35.18,36.01,35.776,35.38,29.9519,35.18
2017-06-30,35.18,35.27,35.612,35.4582,29.9792,34.16
2017-07-03,34.16,35.25,35.258,35.5106,29.9999,34.68
2017-07-05,34.68,34.2,35.06,35.5638,30.0233,34.62
2017-07-06,34.62,34.4,34.764,35.6048,30.045,35.31
2017-07-07,35.31,34.73,34.79,35.6546,30.0702,35.32
2017-07-10,35.32,35.31,34.818,35.6916,30.0873,35.34
2017-07-11,35.34,35.16,35.054,35.7088,30.1072,36.24
2017-07-12,36.24,35.76,35.366,35.7392,30.1347,35.53
2017-07-13,35.53,36.3,35.548,35.751,30.1622,35.65
2017-07-14,35.65,35.72,35.616,35.7584,30.1916,35.65
2017-07-17,35.65,35.75,35.682,35.7408,30.2198,35.43
2017-07-18,35.43,35.67,35.7,35.7132,30.2454,36.26
2017-07-19,36.26,35.55,35.704,35.702,30.2768,35.98
2017-07-20,35.98,36.29,35.794,35.6848,30.3108,35.75
2017-07-21,35.75,35.97,35.814,35.6562,30.3459,36.41
2017-07-24,36.41,35.42,35.966,35.6458,30.3826,38.0
2017-07-25,38.0,36.94,36.48,35.669,30.4283,38.84
2017-07-26,38.84,38.0,36.996,35.7046,30.4812,37.97
2017-07-27,37.97,39.0,37.394,35.726,30.5287,37.14
2017-07-28,37.14,37.21,37.672,35.7608,30.5724,35.82
2017-07-31,35.82,36.93,37.554,35.7704,30.6115,36.29
2017-08-01,36.29,35.82,37.212,35.7912,30.6527,34.5
2017-08-02,34.5,36.37,36.344,35.77,30.6831,35.04
2017-08-03,35.04,34.65,35.758,35.7622,30.7161,35.33
2017-08-04,35.33,35.0,35.396,35.7508,30.7482,35.43
2017-08-07,35.43,35.51,35.318,35.7404,30.7802,35.15
2017-08-08,35.15,35.3,35.09,35.7318,30.8125,35.44
2017-08-09,35.44,35.0,35.278,35.7286,30.8445,34.78
2017-08-10,34.78,35.25,35.226,35.709,30.8721,35.46
2017-08-11,35.46,35.07,35.252,35.688,30.9037,35.98
2017-08-14,35.98,35.63,35.362,35.6728,30.9398,36.37
2017-08-15,36.37,35.98,35.606,35.663,30.9801,37.46
2017-08-16,37.46,36.39,36.01,35.658,31.0314,36.91
2017-08-17,36.91,37.26,36.436,35.6588,31.0816,36.34
2017-08-18,36.34,36.92,36.612,35.6414,31.1274,36.17
2017-08-21,36.17,36.22,36.65,35.6724,31.1726,35.9
2017-08-22,35.9,36.37,36.556,35.699,31.2174,35.75
2017-08-23,35.75,35.57,36.214,35.7214,31.2616,35.22
2017-08-24,35.22,35.75,35.876,35.7332,31.3005,34.64
2017-08-25,34.64,35.19,35.536,35.7332,31.3366,34.68
2017-08-28,34.68,34.7,35.238,35.731,31.3734,34.61
2017-08-29,34.61,34.34,34.98,35.7262,31.4091,35.53
2017-08-30,35.53,34.53,34.936,35.7448,31.4493,35.6
2017-08-31,35.6,35.43,35.012,35.7608,31.4894,34.9
2017-09-01,34.9,35.53,35.064,35.7528,31.5243,34.9
2017-09-05,34.9,34.96,35.108,35.7308,31.5561,34.39
2017-09-06,34.39,35.06,35.064,35.7,31.5812,34.49
2017-09-07,34.49,34.59,34.856,35.6764,31.6099,34.35
2017-09-08,34.35,34.55,34.606,35.6414,31.6421,35.03
2017-09-11,35.03,36.0,34.632,35.6384,31.6805,33.8
2017-09-12,33.8,34.83,34.412,35.6108,31.7125,33.82
2017-09-13,33.82,33.88,34.298,35.604,31.7445,36.55
2017-09-14,36.55,33.93,34.71,35.6414,31.7911,36.15
2017-09-15,36.15,36.63,35.07,35.672,31.8338,36.39
2017-09-18,36.39,36.13,35.342,35.6936,31.8801,36.42
2017-09-19,36.42,36.5,35.866,35.7156,31.9316,36.07
2017-09-20,36.07,36.47,36.316,35.7302,31.9858,35.16
2017-09-21,35.16,36.31,36.038,35.7086,32.0336,35.17
2017-09-22,35.17,35.16,35.842,35.7014,32.0816,34.23
2017-09-25,34.23,35.11,35.41,35.673,32.1223,33.94
2017-09-26,33.94,34.53,34.914,35.6388,32.1594,34.3
2017-09-27,34.3,34.16,34.56,35.6162,32.1981,34.49
2017-09-28,34.49,34.31,34.426,35.5808,32.2424,35.15
2017-09-29,35.15,34.52,34.422,35.5642,32.2917,36.25
2017-10-02,36.25,35.0,34.826,35.5742,32.3485,36.65
2017-10-03,36.65,36.41,35.368,35.579,32.4085,37.89
2017-10-04,37.89,36.58,36.086,35.5768,32.477,38.15
2017-10-05,38.15,37.87,36.818,35.563,32.5474,38.67
2017-10-06,38.67,38.12,37.522,35.577,32.6177,39.59
2017-10-09,39.59,38.8,38.19,35.626,32.694,39.77
2017-10-10,39.77,39.66,38.814,35.705,32.7726,40.39
2017-10-11,40.39,39.89,39.314,35.787,32.8539,40.33
2017-10-12,40.33,40.4,39.75,35.9036,32.934,39.64
2017-10-13,39.64,40.46,39.944,35.9956,33.011,39.55
2017-10-16,39.55,39.82,39.936,36.08,33.0874,39.75
2017-10-17,39.75,39.61,39.932,36.1664,33.1658,39.81
2017-10-18,39.81,39.75,39.816,36.2596,33.2418,40.25
2017-10-19,40.25,39.49,39.8,36.3558,33.3173,50.17
2017-10-20,50.17,45.98,41.906,36.6636,33.4433,49.0
2017-10-23,49.0,48.66,43.796,36.9344,33.5647,49.28
2017-10-24,49.28,48.55,45.702,37.2004,33.686,48.26
2017-10-25,48.26,49.27,47.392,37.4382,33.8011,47.91
2017-10-26,47.91,48.08,48.924,37.6472,33.9106,47.03
2017-10-27,47.03,48.02,48.296,37.8496,34.0117,48.31
2017-10-30,48.31,46.92,48.158,38.089,34.1187,48.37
2017-10-31,48.37,48.27,47.976,38.333,34.2274,48.69
2017-11-01,48.69,48.235,48.062,38.5888,34.3349,49.43
2017-11-02,49.43,48.61,48.366,38.8624,34.4449,50.99
2017-11-03,50.99,49.57,49.158,39.1778,34.5597,52.06
2017-11-06,52.06,50.98,49.908,39.5262,34.6818,51.81
2017-11-07,51.81,52.27,50.596,39.8688,34.8012,52.94
2017-11-08,52.94,51.76,51.446,40.2354,34.9267,52.33
2017-11-09,52.33,52.28,52.026,40.5714,35.0495,52.4
2017-11-10,52.4,52.29,52.308,40.9074,35.1727,52.27
2017-11-13,52.27,51.9,52.35,41.2548,35.296,52.38
2017-11-14,52.38,52.26,52.464,41.6044,35.4197,51.9
2017-11-15,51.9,51.72,52.256,41.9546,35.5391,52.43
2017-11-16,52.43,51.94,52.276,42.3134,35.6606,52.37
2017-11-17,52.37,52.38,52.27,42.6738,35.7816,50.9
2017-11-20,50.9,52.21,51.996,42.9912,35.8965,52.21
2017-11-21,52.21,50.9,51.962,43.3594,36.0175,51.74
2017-11-22,51.74,52.11,51.93,43.7178,36.1357,52.23
2017-11-24,52.23,52.1,51.89,44.0314,36.2555,51.55
2017-11-27,51.55,52.29,51.726,44.3394,36.3701,51.19
2017-11-28,51.19,51.81,51.784,44.6354,36.4814,46.59
2017-11-29,46.59,50.75,50.66,44.8388,36.5696,46.69
2017-11-30,46.69,47.09,49.65,45.0512,36.6549,47.01
2017-12-01,47.01,46.79,48.606,45.2882,36.7442,44.28
2017-12-04,44.28,47.53,47.152,45.4704,36.8161,44.97
2017-12-05,44.97,43.88,45.908,45.6852,36.8907,45.17
2017-12-06,45.17,44.82,45.624,45.9098,36.9695,45.52
2017-12-07,45.52,45.42,45.39,46.1342,37.0496,46.46
2017-12-08,46.46,45.79,45.28,46.3736,37.1355,47.11
2017-12-11,47.11,46.83,45.846,46.6128,37.227,45.46
2017-12-12,45.46,47.0,45.944,46.797,37.3121,45.98
2017-12-13,45.98,45.51,46.106,46.9836,37.3973,45.43
2017-12-14,45.43,46.04,46.088,47.1344,37.4815,47.03
2017-12-15,47.03,45.44,46.202,47.312,37.5727,46.81
2017-12-18,46.81,47.5,46.142,47.4748,37.6636,46.87
2017-12-19,46.87,46.87,46.424,47.6204,37.7552,46.69
2017-12-20,46.69,47.05,46.566,47.7588,37.8455,46.41
2017-12-21,46.41,46.61,46.762,47.8792,37.9348,46.26
2017-12-22,46.26,46.5,46.608,47.9978,38.0228,46.49
2017-12-26,46.49,46.05,46.544,48.1348,38.1096,46.14
2017-12-27,46.14,46.4,46.398,48.2666,38.1957,46.04
2017-12-28,46.04,46.35,46.268,48.3924,38.2807,45.52
2017-12-29,45.52,46.2,46.09,48.5066,38.3614,47.06
2018-01-02,47.06,45.94,46.25,48.6428,38.4484,50.4
2018-01-03,50.4,47.32,47.032,48.6474,38.5531,51.6
2018-01-04,51.6,51.06,48.124,48.6994,38.6662,51.87
2018-01-05,51.87,51.62,49.29,48.7512,38.7796,51.91
2018-01-08,51.91,51.89,50.568,48.8242,38.8927,52.72
2018-01-09,52.72,52.31,51.7,48.9204,39.0092,51.05
2018-01-10,51.05,52.22,51.83,49.0008,39.1165,52.04
2018-01-11,52.04,51.15,51.918,49.0754,39.2276,52.57
2018-01-12,52.57,52.04,52.058,49.1594,39.3412,52.82
2018-01-16,52.82,53.38,52.24,49.242,39.4562,54.87
2018-01-17,54.87,53.31,52.67,49.3508,39.5808,55.6
2018-01-18,55.6,55.91,53.58,49.443,39.7101,53.07
2018-01-19,53.07,53.31,53.786,49.4632,39.8259,52.26
2018-01-22,52.26,52.6,53.724,49.4722,39.9366,53.93
2018-01-23,53.93,51.92,53.946,49.492,40.0497,52.77
2018-01-24,52.77,53.93,53.526,49.5008,40.1569,53.09
2018-01-25,53.09,52.85,53.024,49.5146,40.2646,53.85
2018-01-26,53.85,53.64,53.18,49.5462,40.3778,54.74
2018-01-29,54.74,53.65,53.676,49.5934,40.4935,53.39
2018-01-30,53.39,53.81,53.568,49.6232,40.6043,53.99
2018-01-31,53.99,53.78,53.812,49.6544,40.7168,53.26
2018-02-01,53.26,53.47,53.846,49.6722,40.8251,52.72
2018-02-02,52.72,53.06,53.62,49.7086,40.9296,51.23
2018-02-05,51.23,51.93,52.918,49.689,41.0294,52.02
2018-02-06,52.02,49.79,52.644,49.6946,41.1318,51.79
2018-02-07,51.79,51.78,52.204,49.6858,41.2306,48.86
2018-02-08,48.86,51.8,51.324,49.632,41.3121,50.19
2018-02-09,50.19,49.57,50.818,49.612,41.3989,51.22
2018-02-12,51.22,50.29,50.816,49.7046,41.4877,51.8
2018-02-13,51.8,51.13,50.772,49.8068,41.5743,52.09
2018-02-14,52.09,51.29,50.832,49.9084,41.6611,52.92
2018-02-15,52.92,52.24,51.644,50.0812,41.751,53.23
2018-02-16,53.23,52.97,52.252,50.2464,41.8408,54.26
2018-02-20,54.26,52.45,52.86,50.4282,41.9294,55.45
2018-02-21,55.45,54.22,53.59,50.6268,42.0226,52.41
2018-02-22,52.41,55.32,53.654,50.7458,42.1006,53.27
2018-02-23,53.27,52.35,53.724,50.869,42.1827,52.77
2018-02-26,52.77,53.29,53.632,51.0152,42.2607,52.91
2018-02-27,52.91,52.53,53.362,51.1538,42.3406,54.29
2018-02-28,54.29,52.81,53.13,51.331,42.4278,54.19
2018-03-01,54.19,54.57,53.486,51.4742,42.5135,58.17
2018-03-02,58.17,53.78,54.466,51.7014,42.6198,58.58
2018-03-05,58.58,58.3,55.628,51.9356,42.7357,59.14
2018-03-06,59.14,59.13,56.874,52.1846,42.8547,59.77
2018-03-07,59.77,58.5,57.97,52.4518,42.9773,59.79
2018-03-08,59.79,60.28,59.09,52.7224,43.0985,61.26
2018-03-09,61.26,60.04,59.708,53.0178,43.2276,61.8
2018-03-12,61.8,61.64,60.352,53.331,43.3571,59.83
2018-03-13,59.83,62.14,60.49,53.6068,43.4765,59.98
2018-03-14,59.98,60.27,60.532,53.896,43.5985,59.56
2018-03-15,59.56,60.07,60.486,54.146,43.7183,59.26
2018-03-16,59.26,59.53,60.086,54.3232,43.8358,58.57
2018-03-19,58.57,59.18,59.44,54.4626,43.9461,59.16
2018-03-20,59.16,58.6,59.306,54.6084,44.0582,58.32
2018-03-21,58.32,59.42,58.974,54.7366,44.1655,57.51
2018-03-22,57.51,57.35,58.564,54.8324,44.2645,55.36
2018-03-23,55.36,57.53,57.784,54.9186,44.357,56.62
2018-03-26,56.62,56.5,57.394,55.0102,44.454,54.01
2018-03-27,54.01,57.2,56.364,55.039,44.551,52.16
2018-03-28,52.16,53.5,55.132,55.0258,44.6389,53.92
2018-03-29,53.92,52.55,54.414,55.0068,44.7354,53.78
2018-04-02,53.78,53.54,54.098,54.9704,44.8311,53.21
2018-04-03,53.21,54.47,53.416,54.9732,44.924,56.11
2018-04-04,56.11,52.0,53.836,55.0502,45.0306,55.97
2018-04-05,55.97,56.91,54.598,55.091,45.1362,54.59
2018-04-06,54.59,55.48,54.732,55.1274,45.2361,55.9
2018-04-09,55.9,55.48,55.156,55.1836,45.3416,56.99
2018-04-10,56.99,57.04,55.912,55.2464,45.4501,58.66
2018-04-11,58.66,56.58,56.422,55.3248,45.5634,60.64
2018-04-12,60.64,58.91,57.356,55.4698,45.6869,60.25
2018-04-13,60.25,61.09,58.488,55.595,45.8098,60.68
2018-04-16,60.68,60.87,59.444,55.7434,45.9327,62.06
2018-04-17,62.06,61.0,60.458,55.9302,46.0671,62.07
2018-04-18,62.07,61.15,61.14,56.147,46.2016,62.27
2018-04-19,62.27,62.19,61.466,56.352,46.3421,58.205
2018-04-20,58.205,54.61,61.057,56.4803,46.4597,58.98
2018-04-23,58.98,58.19,60.717,56.6827,46.5815,57.21
2018-04-24,57.21,59.4,59.747,56.8231,46.691,55.17
2018-04-25,55.17,56.51,58.367,56.9021,46.7903,56.04
2018-04-26,56.04,55.99,57.121,56.9869,46.8938,55.42
2018-04-27,55.42,56.35,56.564,57.0535,46.9897,55.98
2018-04-30,55.98,55.48,55.964,57.1147,47.0919,56.24
2018-05-01,56.24,55.6,55.77,57.1749,47.1949,56.47
2018-05-02,56.47,56.37,56.03,57.2191,47.299,58.49
2018-05-03,58.49,56.46,56.52,57.2799,47.4143,59.99
2018-05-04,59.99,58.01,57.434,57.4315,47.5329,62.61
2018-05-07,62.61,60.4,58.76,57.6183,47.6661,63.18
2018-05-08,63.18,62.14,60.148,57.8265,47.8032,64.29
2018-05-09,64.29,63.1,61.712,58.0541,47.9426,65.29
2018-05-10,65.29,64.29,63.072,58.2741,48.0791,64.87
2018-05-11,64.87,65.43,64.048,58.4877,48.2092,62.48
2018-05-14,62.48,64.88,64.022,58.5739,48.3318,61.8
2018-05-15,61.8,61.88,63.746,58.6383,48.4551,61.77
2018-05-16,61.77,61.55,63.242,58.6909,48.5848,61.64
2018-05-17,61.64,61.76,62.512,58.7283,48.7116,63.4
2018-05-18,63.4,61.84,62.218,58.8005,48.8561,61.49
2018-05-21,61.49,63.4,62.02,58.8051,48.9883,61.66
2018-05-22,61.66,61.58,61.992,58.8023,49.12,62.94
2018-05-23,62.94,60.88,62.226,58.8645,49.2575,63.92
2018-05-24,63.92,62.8,62.682,58.9433,49.4014,62.94
2018-05-25,62.94,63.45,62.59,59.0109,49.5389,62.71
2018-05-29,62.71,62.31,62.834,59.0799,49.6785,63.42
2018-05-30,63.42,62.68,63.186,59.1769,49.8183,63.79
2018-05-31,63.79,63.45,63.356,59.2695,49.9574,64.01
2018-06-01,64.01,64.05,63.374,59.3833,50.0956,64.42
2018-06-04,64.42,64.0,63.67,59.5215,50.2304,66.67
2018-06-05,66.67,64.51,64.462,59.7477,50.3792,67.82
2018-06-06,67.82,67.1,65.342,59.9717,50.5366,63.78
2018-06-07,63.78,68.0,65.34,60.1671,50.6746,64.28
2018-06-08,64.28,64.0,65.394,60.4095,50.8165,64.35
2018-06-11,64.35,64.54,65.38,60.6181,50.9595,66.21
2018-06-12,66.21,64.4,65.288,60.8667,51.1145,66.14
2018-06-13,66.14,66.3,64.952,61.1253,51.272,66.49
2018-06-14,66.49,66.64,65.494,61.3329,51.431,66.12
2018-06-15,66.12,66.28,65.862,61.5359,51.5886,66.61
2018-06-18,66.61,65.8,66.314,61.7763,51.744,65.04
2018-06-19,65.04,65.59,66.08,61.9591,51.8912,65.53
2018-06-20,65.53,65.64,65.958,62.1299,52.0443,65.59
2018-06-21,65.59,65.8,65.778,62.2685,52.1978,64.19
2018-06-22,64.19,65.51,65.392,62.3395,52.3468,62.38
2018-06-25,62.38,63.55,64.546,62.3821,52.4862,63.25
2018-06-26,63.25,62.87,64.188,62.4335,52.6307,60.75
2018-06-27,60.75,63.37,63.232,62.4073,52.7593,62.12
2018-06-28,62.12,60.69,62.538,62.4083,52.9009,62.52
2018-06-29,62.52,62.42,62.204,62.4133,53.0444,63.35
2018-07-02,63.35,62.03,62.398,62.5162,53.1784,62.98
2018-07-03,62.98,63.37,62.344,62.5962,53.3126,63.4
2018-07-05,63.4,63.02,62.874,62.72,53.4476,65.23
2018-07-06,65.23,63.3,63.496,62.9212,53.5917,64.78
2018-07-09,64.78,65.74,63.948,63.096,53.7352,64.7
2018-07-10,64.7,64.89,64.218,63.2816,53.8829,65.33
2018-07-11,65.33,64.01,64.688,63.4686,54.0337,68.26
2018-07-12,68.26,65.61,65.66,63.709,54.2039,67.19
2018-07-13,67.19,68.57,66.052,63.9234,54.3701,66.86
2018-07-16,66.86,67.52,66.468,64.0908,54.5329,67.88
2018-07-17,67.88,66.09,67.104,64.2486,54.6999,68.22
2018-07-18,68.22,67.96,67.682,64.3608,54.8652,67.86
2018-07-19,67.86,68.23,67.602,64.4544,55.0233,67.87
2018-07-20,67.87,67.85,67.738,64.526,55.1794,66.4
2018-07-23,66.4,67.49,67.646,64.5482,55.3219,64.49
2018-07-24,64.49,67.11,66.968,64.5406,55.4536,67.05
2018-07-25,67.05,64.78,66.734,64.632,55.5955,66.83
2018-07-26,66.83,66.09,66.528,64.7326,55.7317,73.84
2018-07-27,73.84,77.93,67.722,64.974,55.9021,71.08
2018-07-30,71.08,73.0,68.658,65.1628,56.0555,72.41
2018-07-31,72.41,70.78,70.242,65.343,56.2159,73.29
2018-08-01,73.29,72.5,71.49,65.579,56.3842,74.92
2018-08-02,74.92,73.0,73.108,65.8442,56.561,74.12
2018-08-03,74.12,75.2,73.164,66.0678,56.7329,75.55
2018-08-06,75.55,74.35,74.058,66.3004,56.9116,75.98
2018-08-07,75.98,75.91,74.772,66.5612,57.0902,76.17
2018-08-08,76.17,75.62,75.348,66.8304,57.2202,78.31
2018-08-09,78.31,76.2,76.026,67.1282,57.3668,78.07
2018-08-10,78.07,77.52,76.816,67.4138,57.5107,78.23
2018-08-13,78.23,78.07,77.352,67.6982,57.6606,78.71
2018-08-14,78.71,78.06,77.898,67.984,57.8146,77.64
2018-08-15,77.64,77.31,78.192,68.2034,57.9676,78.1
2018-08-16,78.1,78.0,78.15,68.409,58.1166,78.02
2018-08-17,78.02,78.0,78.14,68.6938,58.2648,78.25
2018-08-20,78.25,77.63,78.144,68.9732,58.4126,79.26
2018-08-21,79.26,78.05,78.254,69.2714,58.5618,80.06
2018-08-22,80.06,79.25,78.738,69.5484,58.7071,82.63
2018-08-23,82.63,79.52,79.644,69.8782,58.86,86.11
2018-08-24,86.11,82.52,81.262,70.2706,59.0315,86.54
2018-08-27,86.54,86.03,82.92,70.679,59.1995,87.66
2018-08-28,87.66,86.76,84.6,71.1,59.3761,89.47
2018-08-29,89.47,87.85,86.482,71.5886,59.5615,89.29
2018-08-30,89.29,89.02,87.814,72.0638,59.7466,90.01
2018-08-31,90.01,89.0,88.594,72.5522,59.9347,91.9
2018-09-04,91.9,90.2,89.666,73.1064,60.1347,87.61
2018-09-05,87.61,92.26,89.656,73.611,60.3106,86.68
2018-09-06,86.68,87.98,89.098,74.0796,60.4822,87.01
2018-09-07,87.01,86.46,88.642,74.6048,60.6627,87.96
2018-09-10,87.96,87.96,88.232,75.1216,60.8415,90.49
2018-09-11,90.49,88.09,87.95,75.681,61.0352,89.58
2018-09-12,89.58,90.13,88.344,76.2056,61.222,93.42
2018-09-13,93.42,91.75,89.692,76.8144,61.4313,94.18
2018-09-14,94.18,93.58,91.126,77.43,61.6463,91.11
2018-09-17,91.11,94.49,91.756,77.9476,61.8689,92.4
2018-09-18,92.4,91.07,92.138,78.5,62.0974,89.93
2018-09-19,89.93,92.41,92.208,79.0046,62.312,91.32
2018-09-20,91.32,90.0,91.788,79.5244,62.5472,90.69
2018-09-21,90.69,91.48,91.09,79.973,62.7758,92.47
2018-09-24,92.47,89.78,91.362,80.4786,63.0123,94.28
2018-09-25,94.28,92.9,91.738,81.027,63.2561,94.36
2018-09-26,94.36,94.67,92.624,81.5566,63.4956,95.89
2018-09-27,95.89,95.12,93.538,82.11,63.7395,96.14
2018-09-28,96.14,95.78,94.628,82.6756,63.9929,95.72
2018-10-01,95.72,97.18,95.278,83.2326,64.2416,93.6
2018-10-02,93.6,94.68,95.142,83.7766,64.4825,92.9
2018-10-03,92.9,94.0,94.85,84.3448,64.7118,85.67
2018-10-04,85.67,90.22,92.806,84.7172,64.9061,85.36
2018-10-05,85.36,86.1,90.65,85.0878,65.0986,81.09
2018-10-08,81.09,84.35,87.724,85.2328,65.2706,81.29
2018-10-09,81.29,80.68,85.262,85.437,65.445,78.65
2018-10-10,78.65,80.24,82.412,85.5618,65.6069,78.34
2018-10-11,78.34,76.62,80.946,85.6628,65.7662,81.71
2018-10-12,81.71,81.22,80.216,85.7986,65.944,79.78
2018-10-15,79.78,81.71,79.954,85.9118,66.1127,82.84
2018-10-16,82.84,80.87,80.264,86.0576,66.2993,83.63
2018-10-17,83.63,83.99,81.26,86.2106,66.4822,81.89
2018-10-18,81.89,83.03,81.97,86.325,66.6396,70.18
2018-10-19,70.18,78.0,79.664,86.1624,66.7325,72.64
2018-10-22,72.64,71.03,78.236,86.0538,66.8364,72.46
2018-10-23,72.46,71.2,76.16,85.9384,66.9391,67.12
2018-10-24,67.12,72.06,72.858,85.7066,67.0111,70.43
2018-10-25,70.43,69.29,70.566,85.5624,67.108,68.92
2018-10-26,68.92,67.99,70.314,85.3788,67.1924,68.93
2018-10-29,68.93,71.82,69.572,85.197,67.2742,71.34
2018-10-30,71.34,68.71,69.348,85.0588,67.3668,75.91
2018-10-31,75.91,72.5,71.106,84.9918,67.472,76.75
2018-11-01,76.75,76.67,72.37,84.9256,67.5778,76.48
2018-11-02,76.48,77.07,73.882,84.8026,67.6948,74.61
2018-11-05,74.61,76.2,75.018,84.5726,67.8066,72.09
2018-11-06,72.09,74.15,75.168,84.2836,67.8974,77.61
2018-11-07,77.61,73.64,75.508,84.0826,68.0216,75.95
2018-11-08,75.95,76.82,75.348,83.8122,68.1359,73.29
2018-11-09,73.29,75.02,74.71,83.4922,68.2331,70.8
2018-11-12,70.8,72.07,73.948,83.108,68.3134,73.01
2018-11-13,73.01,74.27,74.132,82.7302,68.4115,72.4
2018-11-14,72.4,74.02,73.09,82.426,68.5035,75.75
2018-11-15,75.75,72.28,73.05,82.2074,68.616,75.95
2018-11-16,75.95,75.27,73.582,81.9862,68.7321,69.31
2018-11-19,69.31,75.48,73.284,81.6132,68.8225,70.22
2018-11-20,70.22,66.04,72.726,81.2078,68.9135,72.13
2018-11-21,72.13,73.11,72.672,80.8588,69.0152,73.2
2018-11-23,73.2,70.22,72.162,80.4544,69.1369,76.17
2018-11-26,76.17,73.69,72.206,80.0942,69.2668,74.66
2018-11-27,74.66,75.29,73.276,79.7652,69.384,80.7
2018-11-28,80.7,75.47,75.372,79.5312,69.5285,83.9
2018-11-29,83.9,80.0,77.726,79.4106,69.6876,85.94
2018-11-30,85.94,84.28,80.274,79.303,69.8527,89.6
2018-12-03,89.6,89.0,82.96,79.2812,70.0345,85.72
2018-12-04,85.72,88.7,85.172,79.1462,70.1918,85.14
2018-12-06,85.14,82.3,86.06,78.9634,70.3403,80.46
2018-12-07,80.46,83.82,85.372,78.6854,70.4805,83.06
2018-12-10,83.06,80.2,84.796,78.4288,70.6295,82.98
2018-12-11,82.98,85.21,83.472,78.1656,70.7805,84.05
2018-12-12,84.05,84.83,83.138,77.9322,70.9362,84.25
2018-12-13,84.25,85.0,82.96,77.7452,71.086,83.19
2018-12-14,83.19,82.87,83.506,77.551,71.231,79.85
2018-12-17,79.85,82.75,82.864,77.4346,71.3394,79.12
2018-12-18,79.12,81.2,82.092,77.3098,71.4421,81.06
2018-12-19,81.06,79.68,81.494,77.3092,71.5517,82.25
2018-12-20,82.25,80.24,81.094,77.3284,71.6641,81.13
2018-12-21,81.13,82.97,80.682,77.378,71.7708,78.66
2018-12-24,78.66,79.79,80.444,77.3844,71.8578,85.32
2018-12-26,85.32,79.36,81.684,77.4566,71.9754,87.57
2018-12-27,87.57,83.52,82.986,77.6124,72.1141,87.6
2018-12-28,87.6,88.21,84.056,77.7076,72.2522,88.98
2018-12-31,88.98,89.23,85.626,77.8146,72.3993,89.03
2019-01-02,89.03,85.82,87.7,77.9574,72.5482,84.48
2019-01-03,84.48,87.03,87.532,78.2434,72.6777,87.09
2019-01-04,87.09,86.65,87.436,78.5324,72.8174,92.71
2019-01-07,92.71,89.05,88.458,78.9374,72.9893,94.82
2019-01-08,94.82,94.98,89.626,79.4914,73.1759,95.81
2019-01-09,95.81,95.27,90.982,79.999,73.3781,95.5
2019-01-10,95.5,95.06,93.186,80.5306,73.5725,95.65
2019-01-11,95.65,95.31,94.898,81.065,73.7807,93.71
2019-01-14,93.71,94.18,95.098,81.5124,73.9885,95.38
2019-01-15,95.38,91.35,95.21,81.9018,74.1958,94.32
2019-01-16,94.32,95.63,94.912,82.2532,74.3985,92.92
2019-01-17,92.92,94.33,94.396,82.582,74.597,90.67
2019-01-18,90.67,100.0,93.4,82.9032,74.7698,91.44
2019-01-22,91.44,88.77,92.946,83.2902,74.9472,93.65
2019-01-23,93.65,92.0,92.6,83.611,75.1425,93.32
2019-01-24,93.32,93.82,92.4,83.9584,75.3296,95.86
2019-01-25,95.86,94.5,92.988,84.4098,75.5239,94.72
2019-01-28,94.72,94.42,93.798,84.8882,75.7042,93.22
2019-01-29,93.22,94.39,94.154,85.2924,75.8671,95.01
2019-01-30,95.01,94.07,94.426,85.7446,76.0409,98.4
2019-01-31,98.4,95.0,95.442,86.1976,76.2295,98.98
2019-02-01,98.98,98.21,96.066,86.6582,76.4141,102.18
2019-02-04,102.18,99.08,97.558,87.3156,76.6147,102.77
2019-02-05,102.77,102.47,99.468,87.9666,76.8172,103.54
2019-02-06,103.54,102.73,101.174,88.5948,77.0439,102.35
2019-02-07,102.35,102.22,101.964,89.1778,77.2607,104.34
2019-02-08,104.34,101.32,103.036,89.7412,77.4964,104.57
2019-02-11,104.57,104.94,103.514,90.3394,77.7434,106.12
2019-02-12,106.12,104.85,104.184,90.8478,77.9938,105.25
2019-02-13,105.25,106.48,104.526,91.2748,78.2429,104.81
2019-02-14,104.81,104.74,105.018,91.6522,78.4871,104.9
2019-02-15,104.9,106.15,105.13,91.9582,78.7304,103.91
2019-02-19,103.91,104.38,104.998,92.322,78.9676,104.12
2019-02-20,104.12,104.0,104.598,92.7016,79.1957,103.04
2019-02-21,103.04,103.3,104.156,93.1532,79.411,105.25
2019-02-22,105.25,102.97,104.244,93.597,79.6242,106.75
2019-02-25,106.75,105.97,104.614,94.0724,79.842,105.88
2019-02-26,105.88,106.02,105.008,94.509,80.05,106.33
2019-02-27,106.33,105.3,105.45,94.9506,80.2552,107.48
2019-02-28,107.48,105.63,106.338,95.4364,80.4682,110.95
2019-03-01,110.95,108.22,107.478,96.0584,80.7106,104.71
2019-03-04,104.71,111.58,107.07,96.5702,80.9251,104.43
2019-03-05,104.43,105.33,106.78,97.0376,81.1384,103.5
2019-03-06,103.5,104.25,106.214,97.4626,81.3477,104.21
2019-03-07,104.21,102.97,105.56,97.9242,81.5518,104.25
2019-03-08,104.25,102.06,104.22,98.436,81.7656,109.51
2019-03-11,109.51,104.76,105.18,98.9198,82.0048,110.94
2019-03-12,110.94,110.06,106.482,99.3872,82.2448,108.58
2019-03-13,108.58,111.22,107.498,99.8068,82.4681,110.48
2019-03-14,110.48,109.46,108.752,100.2368,82.7058,110.27
2019-03-15,110.27,110.83,109.956,100.6616,82.9436,111.22
2019-03-18,111.22,110.12,110.298,101.1964,83.1826,112.42
2019-03-19,112.42,112.21,110.594,101.703,83.4258,112.83
2019-03-20,112.83,112.64,111.444,102.1054,83.6699,115.5
2019-03-21,115.5,112.34,112.448,102.519,83.9253,109.83
2019-03-22,109.83,114.69,112.36,102.7994,84.1411,109.86
2019-03-25,109.86,109.33,112.088,103.0866,84.3513,111.55
2019-03-26,111.55,111.63,111.914,103.4046,84.5901,106.99
2019-03-27,106.99,111.4,110.746,103.6702,84.8037,108.46
2019-03-28,108.46,107.08,109.338,103.9318,85.0242,112.39
2019-03-29,112.39,110.2,109.85,104.2932,85.2551,113.87
2019-04-01,113.87,114.03,110.652,104.7122,85.4938,115.6
2019-04-02,115.6,114.44,111.462,105.2108,85.7393,115.36
2019-04-03,115.36,116.3,113.136,105.6892,85.9855,110.22
2019-04-04,110.22,115.6,113.488,106.0206,86.2036,111.33
2019-04-05,111.33,111.53,113.276,106.3808,86.435,112.08
2019-04-08,112.08,111.28,112.918,106.7052,86.6678,112.15
2019-04-09,112.15,111.0,112.228,107.0538,86.9006,112.74
2019-04-10,112.74,112.15,111.704,107.4442,87.1433,114.44
2019-04-11,114.44,113.64,112.548,107.8328,87.4036,112.68
2019-04-12,112.68,115.28,112.818,108.1184,87.6508,114.45
2019-04-15,114.45,114.01,113.292,108.4278,87.9193,112.97
2019-04-16,112.97,115.09,113.456,108.6436,88.1735,111.19
2019-04-17,111.19,113.39,113.146,108.812,88.4169,101.94
2019-04-18,101.94,101.4,110.646,108.78,88.6098,103.75
2019-04-22,103.75,100.72,108.86,108.808,88.8137,106.72
2019-04-23,106.72,104.25,107.314,108.8556,89.0303,103.17
2019-04-24,103.17,107.52,105.354,108.8276,89.22,106.0
2019-04-25,106.0,104.0,104.316,108.8252,89.4261,108.21
2019-04-26,108.21,105.84,105.57,108.8844,89.6436,110.05
2019-04-29,110.05,107.93,106.83,108.9892,89.8672,110.15
2019-04-30,110.15,109.25,107.516,109.0942,90.0767,108.59
2019-05-01,108.59,110.23,108.6,109.1878,90.2837,109.01
2019-05-02,109.01,107.82,109.202,109.2856,90.4944,110.41
2019-05-03,110.41,110.33,109.642,109.433,90.7071,110.57
2019-05-06,110.57,107.0,109.746,109.5394,90.9188,110.67
2019-05-07,110.67,109.65,109.85,109.6178,91.1329,117.17
2019-05-08,117.17,110.99,111.566,109.8436,91.3794,125.13
2019-05-09,125.13,116.16,114.79,110.2196,91.673,128.87
2019-05-10,128.87,123.11,118.482,110.6474,91.9949,120.78
2019-05-13,120.78,124.71,120.524,110.844,92.2636,123.77
2019-05-14,123.77,121.6,123.144,111.2252,92.5483,126.08
2019-05-15,126.08,122.91,124.926,111.6582,92.8095,129.74
2019-05-16,129.74,126.09,125.848,112.183,93.1028,129.15
2019-05-17,129.15,128.94,125.904,112.6818,93.3865,124.55
2019-05-20,124.55,125.85,126.658,113.0878,93.6428,125.54
2019-05-21,125.54,126.11,127.012,113.4084,93.8959,126.25
2019-05-22,126.25,124.11,127.046,113.7146,94.1565,127.26
2019-05-23,127.26,124.89,126.55,114.0882,94.4151,129.52
2019-05-24,129.52,126.8,126.624,114.469,94.6828,128.45
2019-05-28,128.45,129.56,127.404,114.8326,94.9442,123.8
2019-05-29,123.8,124.18,127.056,115.0842,95.1716,126.22
2019-05-30,126.22,124.01,127.05,115.3602,95.4124,125.88
2019-05-31,125.88,123.82,126.774,115.6212,95.6506,117.3
2019-06-03,117.3,126.24,124.33,115.6572,95.8436,122.65
2019-06-04,122.65,119.52,123.17,115.9136,96.0686,126.43
2019-06-05,126.43,124.59,123.696,116.245,96.3103,127.71
2019-06-06,127.71,126.32,123.994,116.5682,96.5587,131.43
2019-06-07,131.43,127.91,125.104,117.057,96.8246,133.0
2019-06-10,133.0,133.45,128.244,117.5478,97.0933,128.93
2019-06-11,128.93,133.91,129.5,117.8786,97.3377,128.97
2019-06-12,128.97,129.24,130.008,118.1806,97.5694,130.28
2019-06-13,130.28,131.25,130.522,118.4742,97.7902,129.91
2019-06-14,129.91,129.87,130.218,118.7652,98.0071,130.65
2019-06-17,130.65,130.11,129.748,119.1738,98.222,129.55
2019-06-18,129.55,132.89,129.872,119.5382,98.4224,132.77
2019-06-19,132.77,130.48,130.632,119.952,98.6398,135.05
2019-06-20,135.05,134.89,131.586,120.41,98.865,132.87
2019-06-21,132.87,134.05,132.178,120.8126,99.0699,130.55
2019-06-24,130.55,134.0,132.158,121.1348,99.2846,125.74
2019-06-25,125.74,130.54,131.396,121.396,99.4799,128.35
2019-06-26,128.35,126.38,130.512,121.674,99.6866,131.04
2019-06-27,131.04,129.01,129.71,122.0354,99.902,130.84
2019-06-28,130.84,131.15,129.304,122.4284,100.1037,131.77
2019-07-01,131.77,133.2,129.548,123.025,100.3147,133.75
2019-07-02,133.75,131.88,131.15,123.625,100.5163,133.36
2019-07-03,133.36,134.49,132.152,124.1578,100.7122,135.11
2019-07-05,135.11,132.71,132.966,124.7966,100.9322,137.93
2019-07-08,137.93,134.45,134.384,125.4352,101.1599,140.6
2019-07-09,140.6,137.08,136.15,126.083,101.4132,140.36
2019-07-10,140.36,141.14,137.472,126.6892,101.6584,140.9
2019-07-11,140.9,141.56,138.98,127.3042,101.9095,138.555
2019-07-12,138.555,140.59,139.669,127.9035,102.1399,139.51
2019-07-15,139.51,139.46,139.985,128.5135,102.366,137.16
2019-07-16,137.16,140.0,139.297,129.0485,102.58,136.43
2019-07-17,136.43,137.87,138.511,129.5657,102.7827,136.06
2019-07-18,136.06,136.15,137.543,130.0735,102.9823,134.16
2019-07-19,134.16,137.0,136.664,130.4133,103.1745,135.28
2019-07-22,135.28,134.3,135.818,130.6163,103.3829,134.06
2019-07-23,134.06,136.72,135.198,130.7201,103.5887,135.35
2019-07-24,135.35,134.06,134.982,131.0115,103.8371,134.51
2019-07-25,134.51,134.82,134.672,131.2263,104.0829,146.04
2019-07-26,146.04,136.75,137.048,131.6255,104.4076,139.05
2019-07-29,139.05,144.0,137.802,131.8117,104.6964,137.0
2019-07-30,137.0,137.91,138.39,131.9687,104.9882,140.12
2019-07-31,140.12,136.81,139.344,132.2801,105.2971,143.92
2019-08-01,143.92,140.0,141.226,132.6477,105.6081,141.2
2019-08-02,141.2,142.98,140.258,132.9467,105.9152,133.19
2019-08-05,133.19,135.41,139.086,133.0653,106.167,135.47
2019-08-06,135.47,135.0,138.78,133.1843,106.4262,141.9
2019-08-07,141.9,133.03,139.136,133.4533,106.7262,145.12
2019-08-08,145.12,142.7,139.376,133.8797,107.1009,145.99
2019-08-09,145.99,144.48,140.334,134.2751,107.4677,143.68
2019-08-12,143.68,144.56,142.432,134.6311,107.8238,146.7
2019-08-13,146.7,142.76,144.678,135.2191,108.2217,139.49
2019-08-14,139.49,143.29,144.196,135.5559,108.567,139.5
2019-08-15,139.5,139.44,143.072,135.8173,108.9199,142.57
2019-08-16,142.57,140.99,142.388,136.1145,109.2881,141.27
2019-08-19,141.27,143.0,141.906,136.3113,109.6377,142.14
2019-08-20,142.14,140.7,140.994,136.4941,109.9689,143.87
2019-08-21,143.87,142.2,141.87,136.7929,110.3045,143.44
2019-08-22,143.44,143.51,142.658,137.0823,110.6393,141.05
2019-08-23,141.05,141.81,142.354,137.2977,110.9715,142.86
2019-08-26,142.86,141.79,142.672,137.5567,111.3253,142.62
2019-08-27,142.62,144.32,142.768,137.7961,111.6504,138.27
2019-08-28,138.27,141.75,141.648,137.9705,111.962,138.05
2019-08-29,138.05,140.0,140.57,138.0761,112.2858,134.51
2019-08-30,134.51,138.43,139.262,138.0653,112.6043,131.89
2019-09-03,131.89,132.92,137.068,138.0457,112.8987,129.83
2019-09-04,129.83,133.36,134.51,138.0313,113.1859,133.34
2019-09-05,133.34,130.77,133.524,138.1833,113.4738,132.21
2019-09-06,132.21,134.65,132.356,138.2605,113.7551,126.27
2019-09-09,126.27,132.31,130.708,138.1651,114.0399,122.25
2019-09-10,122.25,124.0,128.78,137.9933,114.3001,122.84
2019-09-11,122.84,121.93,127.382,137.8147,114.5536,125.51
2019-09-12,125.51,123.91,125.816,137.6499,114.8152,127.19
2019-09-13,127.19,125.58,124.812,137.5265,115.0703,130.39
2019-09-16,130.39,125.81,125.636,137.4321,115.3489,133.56
2019-09-17,133.56,130.5,127.898,137.3447,115.6132,134.25
2019-09-18,134.25,132.87,130.18,137.2177,115.865,134.93
2019-09-19,134.93,134.71,132.064,137.1091,116.1099,136.87
2019-09-20,136.87,136.08,134.0,137.0285,116.3463,136.46
2019-09-23,136.46,136.7,135.214,136.9866,116.6,129.59
2019-09-24,129.59,136.96,134.42,136.7882,116.8222,128.2
2019-09-25,128.2,130.0,133.21,136.609,117.0609,128.18
2019-09-26,128.18,128.13,131.86,136.444,117.2865,123.03
2019-09-27,123.03,128.26,129.092,136.1834,117.4868,125.44
2019-09-30,125.44,122.66,126.888,136.009,117.6937,124.27
2019-10-01,124.27,125.28,125.824,135.7888,117.8938,122.78
2019-10-02,122.78,123.16,124.74,135.5632,118.0918,128.09
2019-10-03,128.09,123.12,124.722,135.418,118.333,131.87
2019-10-04,131.87,129.83,126.49,135.3652,118.5967,132.91
2019-10-07,132.91,131.01,127.984,135.1026,118.856,124.0
2019-10-08,124.0,132.69,127.93,134.8016,119.0647,126.74
2019-10-09,126.74,126.12,128.722,134.5964,119.2928,125.87
2019-10-10,125.87,127.0,128.278,134.3114,119.5288,127.48
2019-10-11,127.48,127.63,127.4,133.9826,119.7396,127.55
2019-10-14,127.55,127.03,126.328,133.7096,119.9395,128.78
2019-10-15,128.78,128.0,127.284,133.6214,120.1454,124.28
2019-10-16,124.28,126.88,126.792,133.3976,120.3219,122.64
2019-10-17,122.64,125.52,126.146,133.0124,120.49,116.86
2019-10-18,116.86,121.12,124.022,132.4472,120.6519,116.3
2019-10-21,116.3,117.05,121.772,131.8534,120.7979,110.1
2019-10-22,110.1,117.05,118.036,131.1818,120.8849,107.75
2019-10-23,107.75,109.0,114.73,130.4028,120.9495,113.26
2019-10-24,113.26,109.49,112.854,129.8782,121.0368,113.82
2019-10-25,113.82,113.17,112.246,129.3646,121.1284,118.33
2019-10-28,118.33,116.83,112.652,128.8798,121.2418,119.74
2019-10-29,119.74,117.85,114.58,128.4492,121.3719,124.82
2019-10-30,124.82,120.0,117.994,128.1028,121.5191,120.79
2019-10-31,120.79,124.83,119.5,127.6412,121.6515,122.36
2019-11-01,122.36,121.19,121.208,127.2196,121.7987,118.37
2019-11-04,118.37,123.02,121.216,126.766,121.9372,114.19
2019-11-05,114.19,118.37,120.106,126.1926,122.0509,115.25
2019-11-06,115.25,114.67,118.192,125.6452,122.1589,114.7
2019-11-07,114.7,115.37,116.974,125.1738,122.2658,118.95
2019-11-08,118.95,114.82,116.292,124.7918,122.3813,119.47
2019-11-11,119.47,119.18,116.512,124.491,122.505,119.88
2019-11-12,119.88,119.5,117.65,124.2508,122.6383,121.49
2019-11-13,121.49,120.51,118.898,124.084,122.7707,120.84
2019-11-14,120.84,121.47,120.126,123.834,122.8829,122.73
2019-11-15,122.73,121.39,120.882,123.6444,123.0017,123.94
2019-11-18,123.94,122.0,121.776,123.5978,123.1105,125.95
2019-11-19,125.95,124.03,122.99,123.6718,123.2264,127.49
2019-11-20,127.49,125.88,124.19,123.7648,123.3461,125.97
2019-11-21,125.97,127.11,125.216,123.774,123.4642,125.98
2019-11-22,125.98,125.97,125.866,123.7498,123.5724,126.51
2019-11-25,126.51,125.59,126.38,123.6722,123.6821,129.71
2019-11-26,129.71,125.95,127.132,123.5952,123.8001,127.5
2019-11-27,127.5,129.57,127.134,123.4602,123.9113,127.11
2019-11-29,127.11,126.18,127.362,123.3038,124.0228,120.84
2019-12-02,120.84,126.75,126.334,122.9832,124.1025,123.55
2019-12-03,123.55,117.8,125.742,122.725,124.2007,123.47
2019-12-04,123.47,123.52,124.494,122.6026,124.2975,123.95
2019-12-05,123.95,124.0,123.784,122.5176,124.402,123.36
2019-12-06,123.36,123.24,123.034,122.4212,124.4926,122.8
2019-12-09,122.8,122.89,123.426,122.4166,124.5728,120.8
2019-12-10,120.8,122.7,122.876,122.3238,124.6474,118.23
2019-12-11,118.23,120.35,121.828,122.203,124.7069,116.17
2019-12-12,116.17,118.11,120.272,122.0708,124.7504,119.81
2019-12-13,119.81,116.38,119.562,121.9052,124.7947,121.22
2019-12-16,121.22,120.0,119.246,121.6922,124.8772,119.68
2019-12-17,119.68,122.28,119.022,121.4276,124.9535,118.12
2019-12-18,118.12,119.61,119.0,121.31,125.0266,120.03
2019-12-19,120.03,118.66,119.772,121.1758,125.1057,121.09
2019-12-20,121.09,120.94,120.028,121.0802,125.1899,120.75
2019-12-23,120.75,121.32,119.934,120.9456,125.2461,120.52
2019-12-24,120.52,121.34,120.102,120.805,125.294,121.7
2019-12-26,121.7,120.2,120.818,120.6634,125.3596,121.12
2019-12-27,121.12,122.41,121.036,120.6002,125.4128,119.33
2019-12-30,119.33,121.12,120.684,120.534,125.4581,120.34
2019-12-31,120.34,118.75,120.602,120.6036,125.5037,122.88
2020-01-02,122.88,121.15,121.074,120.7352,125.556,123.04
2020-01-03,123.04,121.02,121.342,120.994,125.607,127.69
2020-01-06,127.69,122.56,122.656,121.3928,125.668,128.15
2020-01-07,128.15,128.23,124.42,121.6906,125.7596,130.06
2020-01-08,130.06,128.32,126.364,122.0154,125.8606,135.41
2020-01-09,135.41,131.82,128.87,122.357,125.9799,133.9
2020-01-10,133.9,135.67,131.042,122.6402,126.1144,136.07
2020-01-13,136.07,138.59,132.718,122.8652,126.2525,134.22
2020-01-14,134.22,135.46,133.932,123.1338,126.3616,134.91
2020-01-15,134.91,134.31,134.902,123.3848,126.4668,134.72
2020-01-16,134.72,135.72,134.764,123.7118,126.5624,132.85
2020-01-17,132.85,135.11,134.554,124.085,126.6499,131.32
2020-01-21,131.32,132.2,133.604,124.4064,126.7554,131.46
2020-01-22,131.46,132.6,133.052,124.7416,126.856,132.64
2020-01-23,132.64,131.56,132.598,125.0154,126.9588,146.79
2020-01-24,146.79,145.0,135.012,125.5618,127.132,143.83
2020-01-27,143.83,143.5,137.208,126.0408,127.2875,149.27
2020-01-28,149.27,145.02,140.798,126.5964,127.4616,149.15
2020-01-29,149.15,149.16,144.336,127.1626,127.644,149.58
2020-01-30,149.58,146.94,147.724,127.6996,127.8196,147.0
2020-01-31,147.0,149.52,147.766,128.1608,127.9898,149.4
2020-02-03,149.4,146.9,148.88,128.6298,128.1808,152.09
2020-02-04,152.09,149.71,149.444,129.1218,128.4316,146.58
2020-02-05,146.58,153.01,148.93,129.534,128.6457,147.94
2020-02-06,147.94,146.58,148.602,129.9732,128.8518,148.0
2020-02-07,148.0,148.09,148.802,130.403,129.076,151.28
2020-02-10,151.28,148.1,149.178,130.8344,129.3024,149.0
2020-02-11,149.0,152.48,148.56,131.2644,129.5063,151.54
2020-02-12,151.54,149.46,149.552,131.753,129.7138,153.25
2020-02-13,153.25,150.53,150.614,132.4012,129.9293,154.42
2020-02-14,154.42,153.24,151.898,133.0186,130.1584,153.88
2020-02-18,153.88,154.05,152.418,133.6268,130.3828,152.05
2020-02-19,152.05,153.93,153.028,134.1888,130.591,148.98
2020-02-20,148.98,152.09,152.516,134.7012,130.783,145.93
2020-02-21,145.93,147.62,151.052,135.1638,130.9593,147.11
2020-02-24,147.11,138.52,149.59,135.69,131.109,144.48
2020-02-25,144.48,147.93,147.71,136.215,131.2058,146.5
2020-02-26,146.5,144.13,146.6,136.8216,131.2939,143.0
2020-02-27,143.0,140.68,145.404,137.2854,131.405,144.96
2020-02-28,144.96,137.23,145.21,137.7602,131.511,146.82
2020-03-02,146.82,147.57,145.152,138.303,131.6147,145.72
2020-03-03,145.72,147.54,145.4,138.855,131.6946,153.47
2020-03-04,153.47,148.0,146.794,139.5238,131.8162,152.21
2020-03-05,152.21,151.99,148.636,140.1462,131.9545,144.36
2020-03-06,144.36,150.57,148.516,140.6184,132.0486,133.0
2020-03-09,133.0,134.58,145.752,140.868,132.0823,135.59
2020-03-10,135.59,136.66,143.726,141.1458,132.124,130.54
2020-03-11,130.54,132.77,139.14,141.3342,132.1291,125.01
2020-03-12,125.01,117.67,133.7,141.4478,132.1119,127.94
2020-03-13,127.94,129.26,130.416,141.5998,132.1326,120.57
2020-03-16,120.57,118.48,127.93,141.5536,132.1043,124.38
2020-03-17,124.38,123.32,125.688,141.5804,132.0968,122.03
2020-03-18,122.03,116.63,123.986,141.4672,132.1205,121.56
2020-03-19,121.56,121.59,123.296,141.3354,132.115,125.9
2020-03-20,125.9,123.65,122.888,141.2522,132.1124,128.09
2020-03-23,128.09,125.9,124.392,141.1058,132.1143,138.2
2020-03-24,138.2,133.21,127.156,141.1918,132.1481,139.16
2020-03-25,139.16,136.06,130.582,141.2536,132.1789,148.2
2020-03-26,148.2,138.56,135.91,141.5332,132.2753,142.25
2020-03-27,142.25,146.0,139.18,141.68,132.3417,141.16
2020-03-30,141.16,144.85,141.794,141.8088,132.3961,137.26
2020-03-31,137.26,139.86,141.606,141.897,132.4328,134.05
2020-04-01,134.05,132.96,140.584,141.9516,132.4498,129.01
2020-04-02,129.01,132.74,136.746,141.9026,132.4471,129.96
2020-04-03,129.96,128.5,134.288,141.849,132.4331,136.86
2020-04-06,136.86,135.68,133.428,141.6504,132.4421,132.52
2020-04-07,132.52,139.1,132.48,141.4242,132.4404,140.68
2020-04-08,140.68,133.62,133.806,141.2524,132.491,137.95
2020-04-09,137.95,142.0,135.594,141.0284,132.5521,135.3
2020-04-13,135.3,140.01,136.662,140.7428,132.5868,144.57
2020-04-14,144.57,138.42,138.204,140.6942,132.6545,143.63
2020-04-15,143.63,142.96,140.426,140.5788,132.7184,146.51
2020-04-16,146.51,146.85,141.592,140.4672,132.7921,152.25
2020-04-17,152.25,149.5,144.452,140.5806,132.8846,152.63
2020-04-20,152.63,151.43,147.918,140.6744,132.981,148.2
2020-04-21,148.2,152.0,148.644,140.6784,133.0464,149.2
2020-04-22,149.2,150.88,149.758,140.6368,133.1028,149.39
2020-04-23,149.39,149.01,150.334,140.6446,133.1467,152.32
2020-04-24,152.32,149.8,150.348,140.6602,133.2065,151.87
2020-04-27,151.87,154.79,150.196,140.6326,133.2614,148.61
2020-04-28,148.61,153.71,150.278,140.5164,133.3117,152.73
2020-04-29,152.73,151.5,150.984,140.4934,133.3778,155.49
2020-04-30,155.49,155.19,152.204,140.5622,133.4694,154.59
2020-05-01,154.59,150.0,152.658,140.6744,133.5602,163.13
2020-05-04,163.13,151.72,154.91,141.0184,133.6956,169.58
2020-05-05,169.58,164.15,159.104,141.4678,133.8727,172.92
2020-05-06,172.92,170.58,163.142,142.0366,134.0609,179.78
2020-05-07,179.78,174.98,168.0,142.7022,134.2895,176.19
2020-05-08,176.19,179.92,172.32,143.366,134.4937,176.6
2020-05-11,176.6,176.29,175.014,143.9988,134.7041,176.0
2020-05-12,176.0,177.8,176.298,144.5824,134.8539,175.76
2020-05-13,175.76,176.15,176.866,145.1832,135.0375,179.79
2020-05-14,179.79,173.3,176.868,145.7096,135.2514,186.5
2020-05-15,186.5,180.0,178.93,146.3954,135.4833,182.16
2020-05-18,182.16,187.77,180.042,147.1514,135.6745,181.28
2020-05-19,181.28,183.16,181.098,148.117,135.8749,183.84
2020-05-20,183.84,182.33,182.714,149.082,136.1282,180.25
2020-05-21,180.25,182.05,182.806,150.0762,136.3521,182.6
2020-05-22,182.6,181.29,182.026,151.228,136.5556,173.06
2020-05-26,173.06,182.62,180.206,152.1304,136.6953,175.31
2020-05-27,175.31,170.05,179.012,153.2252,136.8419,178.32
2020-05-28,178.32,174.08,177.908,154.304,137.0151,185.3
2020-05-29,185.3,179.59,178.918,155.5694,137.2081,188.32
2020-06-01,188.32,184.02,180.062,156.9046,137.4522,183.67
2020-06-02,183.67,189.01,182.184,158.06,137.6731,183.46
2020-06-03,183.46,182.91,183.814,159.1674,137.8775,172.1
2020-06-04,172.1,181.48,182.57,159.8454,138.0317,174.26
2020-06-05,174.26,168.005,180.362,160.5474,138.1923,175.2
2020-06-08,175.2,173.57,177.738,161.0874,138.3489,173.54
2020-06-09,173.54,176.05,175.712,161.7132,138.4994,180.03
2020-06-10,180.03,175.45,175.026,162.4906,138.6943,173.5
2020-06-11,173.5,177.85,175.306,163.2154,138.8475,171.62
2020-06-12,171.62,177.13,174.778,163.9668,138.9925,170.73
2020-06-15,170.73,170.91,173.884,164.8012,139.1548,172.51
2020-06-16,172.51,173.34,173.678,165.6522,139.3271,176.71
2020-06-17,176.71,173.76,173.014,166.4492,139.5381,177.63
2020-06-18,177.63,177.48,173.84,167.3514,139.7668,172.64
2020-06-19,172.64,180.23,174.044,167.9906,139.9809,184.56
2020-06-22,184.56,174.53,176.81,168.9228,140.237,182.33
2020-06-23,182.33,186.11,178.774,169.8634,140.4876,176.82
2020-06-24,176.82,182.0,178.796,170.5084,140.7403,180.36
2020-06-25,180.36,177.1,179.342,171.243,141.0309,181.01
2020-06-26,181.01,181.01,181.016,171.933,141.3217,175.13
2020-06-29,175.13,180.02,179.13,172.3906,141.5698,180.27
2020-06-30,180.27,176.04,178.718,172.9434,141.8352,185.61
2020-07-01,185.61,180.99,180.476,173.6916,142.1113,190.08
2020-07-02,190.08,186.51,182.42,174.5092,142.3939,190.47
2020-07-06,190.47,193.0,184.312,175.3308,142.675,190.44
2020-07-07,190.44,191.0,187.374,176.0932,142.9526,195.88
2020-07-08,195.88,192.49,190.496,176.9734,143.2476,195.63
2020-07-09,195.63,198.41,192.5,177.9138,143.5435,192.0
2020-07-10,192.0,195.63,192.884,178.6992,143.8555,179.55
2020-07-13,179.55,194.06,190.7,179.1804,144.1123,174.15
2020-07-14,174.15,179.69,187.442,179.5716,144.3421,175.32
2020-07-15,175.32,175.08,183.33,179.8154,144.6036,171.24
2020-07-16,171.24,173.82,178.452,179.8486,144.8326,172.86
2020-07-17,172.86,172.0,174.624,179.8474,145.0755,190.32
2020-07-20,190.32,174.9,176.778,180.0582,145.4132,192.49
2020-07-21,192.49,190.79,180.446,180.3842,145.7352,191.3
2020-07-22,191.3,193.31,183.642,180.6782,146.0324,188.64
2020-07-23,188.64,190.76,187.122,180.931,146.311,184.34
2020-07-24,184.34,184.67,189.418,181.1026,146.6127,184.51
2020-07-27,184.51,185.8,188.256,181.197,146.9016,183.36
2020-07-28,183.36,184.5,186.43,181.1342,147.189,187.11
2020-07-29,187.11,185.64,185.592,181.2332,147.4872,187.66
2020-07-30,187.66,185.5,185.396,181.3608,147.7877,176.65
2020-07-31,176.65,176.95,183.858,181.217,148.0271,177.95
2020-08-03,177.95,176.345,182.546,181.171,148.2954,177.47
2020-08-04,177.47,178.5,181.368,181.0684,148.5696,180.5
2020-08-05,180.5,177.17,180.046,181.2172,148.8878,177.97
2020-08-06,177.97,181.37,178.108,181.2704,149.1961,170.93
2020-08-07,170.93,177.54,176.964,181.1226,149.5003,165.95
2020-08-10,165.95,170.8,174.564,180.7356,149.7913,160.75
2020-08-11,160.75,165.0,171.22,180.1842,150.0287,161.06
2020-08-12,161.06,161.86,167.332,179.732,150.2649,164.36
2020-08-13,164.36,163.0,164.61,179.35,150.4951,162.69
2020-08-14,162.69,166.11,162.962,179.1618,150.7098,164.35
2020-08-17,164.35,163.16,162.642,178.9636,150.9075,166.98
2020-08-18,166.98,165.43,163.888,178.7992,151.1384,163.15
2020-08-19,163.15,166.62,164.306,178.5914,151.3424,167.85
2020-08-20,167.85,163.02,165.004,178.3478,151.5898,166.64
2020-08-21,166.64,166.57,165.794,178.2106,151.852,168.93
2020-08-24,168.93,167.32,166.71,178.1568,152.1204,172.59
2020-08-25,172.59,168.4,167.832,178.194,152.4099,182.95
2020-08-26,182.95,175.01,171.792,178.4028,152.7299,188.31
2020-08-27,188.31,181.69,175.884,178.6348,153.0741,192.43
2020-08-28,192.43,188.66,181.042,178.9308,153.4368,191.76
2020-08-31,191.76,190.25,185.608,179.3132,153.7882,196.41
2020-09-01,196.41,192.61,190.372,179.5502,154.166,192.07
2020-09-02,192.07,197.99,192.196,179.745,154.5127,181.78
2020-09-03,181.78,188.94,190.89,179.8442,154.8019,175.54
2020-09-04,175.54,180.63,187.512,179.7478,155.0499,168.92
2020-09-08,168.92,170.0,182.944,179.506,155.257,171.37
2020-09-09,171.37,172.52,177.936,179.4308,155.484,169.72
2020-09-10,169.72,173.1564,173.466,179.2198,155.7027,167.63
2020-09-11,167.63,172.17,170.636,178.8602,155.9083,168.84
2020-09-14,168.84,169.1366,169.296,178.4354,156.104,171.02
2020-09-15,171.02,170.63,169.716,178.0464,156.3216,171.17
2020-09-16,171.17,172.61,169.676,177.661,156.5419,168.25
2020-09-17,168.25,167.94,169.382,177.1084,156.7789,171.14
2020-09-18,171.14,169.3,170.084,176.6186,157.0169,177.4
2020-09-21,177.4,168.91,171.796,176.3266,157.2865,180.26
2020-09-22,180.26,178.32,173.644,176.3408,157.5681,176.88
2020-09-23,176.88,180.42,174.786,176.3954,157.8357,175.78
2020-09-24,175.78,178.13,176.292,176.4046,158.1006,181.29
2020-09-25,181.29,176.0,178.322,176.6056,158.403,181.0
2020-09-28,181.0,182.02,179.042,176.7684,158.7169,182.35
2020-09-29,182.35,181.63,179.46,176.609,159.0478,181.79
2020-09-30,181.79,180.54,180.442,176.395,159.3577,186.01
2020-10-01,186.01,183.22,182.488,176.2892,159.6816,184.79
2020-10-02,184.79,182.31,183.188,176.2122,160.0072,186.85
2020-10-05,186.85,186.0,184.358,176.2624,160.3508,189.88
2020-10-06,189.88,186.79,185.864,176.3698,160.7001,193.04
2020-10-07,193.04,191.21,188.114,176.5634,161.0598,188.78
2020-10-08,188.78,194.52,188.668,176.5968,161.4,198.85
2020-10-09,198.85,190.35,191.48,176.8206,161.7916,194.27
2020-10-12,194.27,199.95,192.964,177.173,162.1545,192.99
2020-10-13,192.99,195.11,193.586,177.4738,162.5138,191.81
2020-10-14,191.81,194.9,193.34,177.7606,162.8762,190.925
2020-10-15,190.925,188.08,193.769,177.9691,163.2291,207.45
2020-10-16,207.45,191.9,195.489,178.5587,163.652,212.94
2020-10-19,212.94,208.4524,199.223,179.3989,164.1015,210.97
2020-10-20,210.97,213.73,202.819,180.2993,164.5179,206.99
2020-10-21,206.99,210.03,205.855,181.2241,164.9121,203.08
2020-10-22,203.08,207.57,208.286,182.0645,165.2772,208.49
2020-10-23,208.49,204.06,208.494,182.9471,165.6426,207.2
2020-10-26,207.2,207.5,207.346,183.8373,166.0091,213.01
2020-10-27,213.01,209.43,207.754,184.8105,166.3938,208.86
2020-10-28,208.86,209.33,208.128,185.6481,166.767,210.72
2020-10-29,210.72,210.91,209.656,186.5995,167.146,191.62
2020-10-30,191.62,199.0,206.282,187.0749,167.4305,184.29
2020-11-02,184.29,191.62,201.7,187.4279,167.6877,182.06
2020-11-03,182.06,183.85,195.51,187.6905,167.9414,188.82
2020-11-04,188.82,189.78,191.502,188.0151,168.2282,199.99
2020-11-05,199.99,195.0,189.356,188.3559,168.565,198.18
2020-11-06,198.18,200.1,190.668,188.5533,168.8219,187.52
2020-11-09,187.52,194.64,191.314,188.4551,169.0404,185.66
2020-11-10,185.66,185.4068,192.034,188.3331,169.2223,191.76
2020-11-11,191.76,188.47,192.622,188.2401,169.4354,193.0
2020-11-12,193.0,192.59,191.224,188.2587,169.6525,192.82
2020-11-13,192.82,194.48,190.152,188.4795,169.8816,189.46
2020-11-16,189.46,191.52,190.54,188.7579,170.0819,196.52
2020-11-17,196.52,192.06,192.712,189.3099,170.304,193.7
2020-11-18,193.7,201.28,193.1,189.7565,170.5396,199.45
2020-11-19,199.45,194.32,194.39,190.3511,170.7972,208.43
2020-11-20,208.43,199.22,197.512,191.1671,171.0993,211.05
2020-11-23,211.05,209.49,201.83,192.0113,171.3982,213.5
2020-11-24,213.5,210.0,205.226,192.8609,171.7207,216.35
2020-11-25,216.35,211.3,209.756,193.7645,172.0447,224.0
2020-11-27,224.0,216.07,214.666,194.8795,172.3985,225.05
2020-11-30,225.05,224.0,217.99,195.9577,172.7516,224.06
2020-12-01,224.06,226.0,220.592,196.8909,173.1025,227.99
2020-12-02,227.99,220.71,223.49,197.8455,173.4822,226.19
2020-12-03,226.19,228.1,225.458,198.8317,173.8683,225.01
2020-12-04,225.01,227.11,225.66,199.8163,174.2637,227.76
2020-12-07,227.76,224.11,226.202,200.7457,174.6669,229.84
2020-12-08,229.84,227.76,227.358,201.7225,175.0937,223.54
2020-12-09,223.54,228.94,226.468,202.5463,175.4789,227.19
2020-12-10,227.19,222.6183,226.668,203.4543,175.8999,232.01
2020-12-11,232.01,229.11,228.068,204.3743,176.3351,234.74
2020-12-14,234.74,233.77,229.464,205.3733,176.7747,237.7
2020-12-15,237.7,234.83,231.036,206.3903,177.2346,243.85
2020-12-16,243.85,237.63,235.098,207.4697,177.6865,248.05
2020-12-17,248.05,246.44,239.27,208.5699,178.1657,247.78
2020-12-18,247.78,248.67,242.424,209.7499,178.6828,248.19
2020-12-21,248.19,246.69,245.114,210.7367,179.2588,247.01
2020-12-22,247.01,250.0,246.976,211.7915,179.8159,240.88
2020-12-23,240.88,247.0,246.382,212.7493,180.3676,241.79
2020-12-24,241.79,240.55,245.13,213.7489,180.9515,231.8
2020-12-28,231.8,245.59,241.934,214.5664,181.4708,233.15
2020-12-29,233.15,233.55,238.926,215.0804,182.0337,234.04
2020-12-30,234.04,236.84,236.332,215.5024,182.582,233.87
2020-12-31,233.87,233.79,234.93,215.9604,183.1412,231.56
2021-01-04,231.56,234.5,232.884,216.4518,183.6912,234.42
2021-01-05,234.42,232.0,233.408,217.0786,184.2338,224.48
2021-01-06,224.48,228.92,231.674,217.3984,184.7157,233.38
2021-01-07,233.38,228.03,231.542,217.922,185.1916,235.48
2021-01-08,235.48,236.0,231.864,218.3714,185.6732,230.67
2021-01-11,230.67,234.79,231.686,218.8076,186.0856,234.19
2021-01-12,234.19,233.38,231.64,219.277,186.5453,229.87
2021-01-13,229.87,234.81,232.718,220.042,186.9888,222.97
2021-01-14,222.97,228.88,230.636,220.8156,187.4174,222.93
2021-01-15,222.93,224.64,228.126,221.633,187.8618,226.74
2021-01-19,226.74,225.0066,227.34,222.3914,188.3504,231.61
2021-01-20,231.61,228.0,226.824,223.0238,188.8587,234.18
2021-01-21,234.18,233.05,227.686,223.7438,189.3453,235.45
2021-01-22,235.45,234.34,230.182,224.7024,189.8599,231.08
2021-01-25,231.08,238.99,231.812,225.6108,190.3119,223.88
2021-01-26,223.88,232.69,231.24,226.2532,190.7416,217.3
2021-01-27,217.3,220.67,228.378,226.7392,191.1516,227.02
2021-01-28,227.02,216.6,226.946,227.4232,191.5638,231.13
2021-01-29,231.13,225.0,226.082,228.2566,192.0013,234.87
2021-02-01,234.87,231.21,226.84,229.0236,192.4431,248.79
2021-02-02,248.79,238.49,231.822,230.1254,192.9258,243.99
2021-02-03,243.99,248.0,237.16,231.0162,193.3826,241.0
2021-02-04,241.0,245.0,239.956,231.6676,193.8466,243.8
2021-02-05,243.8,240.04,242.49,232.3226,194.3196,244.38
2021-02-08,244.38,245.0,244.392,232.9402,194.7946,248.05
2021-02-09,248.05,244.54,244.244,233.5742,195.2732,252.46
2021-02-10,252.46,249.33,245.938,234.1434,195.7762,252.8
2021-02-11,252.8,256.57,248.298,234.6984,196.2971,252.97
2021-02-12,252.97,252.6,250.132,235.2766,196.7983,248.95
2021-02-16,248.95,253.59,251.046,235.6958,197.2656,250.53
2021-02-17,250.53,248.88,251.542,236.1826,197.7453,256.73
2021-02-18,256.73,245.72,252.396,236.817,198.2133,258.41
2021-02-19,258.41,256.44,253.518,237.43,198.6575,241.01
2021-02-22,241.01,251.33,251.126,237.6534,198.9979,241.46
2021-02-23,241.46,230.16,249.628,238.0118,199.3063,239.93
2021-02-24,239.93,240.0,247.508,238.2666,199.625,232.4
2021-02-25,232.4,234.4,242.642,238.2744,199.904,237.7
2021-02-26,237.7,233.73,238.5,238.3336,200.2125,251.5
2021-03-01,251.5,242.48,240.598,238.6096,200.5912,244.4
2021-03-02,244.4,253.16,241.186,238.6206,200.9143,227.68
2021-03-03,227.68,244.27,238.736,238.2132,201.1202,225.44
2021-03-04,225.44,226.59,237.344,237.7664,201.3366,228.21
2021-03-05,228.21,226.97,235.446,237.3668,201.5712,223.42
2021-03-08,223.42,226.0,229.83,236.895,201.7691,233.05
2021-03-09,233.05,233.08,227.56,236.7384,202.0331,225.69
2021-03-10,225.69,238.0,227.162,236.4164,202.2486,235.8
2021-03-11,235.8,233.2,229.234,236.4964,202.5623,229.26
2021-03-12,229.26,231.74,229.444,236.4186,202.832,236.62
2021-03-15,236.62,228.15,232.084,236.4702,203.1235,235.89
2021-03-16,235.89,237.35,232.652,236.5106,203.3765,234.0
2021-03-17,234.0,233.73,234.314,236.5594,203.6049,219.28
2021-03-18,219.28,229.0,231.01,236.2566,203.7829,219.09
2021-03-19,219.09,221.21,228.976,236.1488,203.9611,221.74
2021-03-22,221.74,220.62,226.0,235.916,204.2093,222.92
2021-03-23,222.92,224.24,223.406,235.6648,204.4526,210.44
2021-03-24,210.44,222.72,218.694,235.2602,204.6288,206.84
2021-03-25,206.84,206.13,216.206,234.7132,204.7953,212.94
2021-03-26,212.94,207.44,214.976,234.3746,204.9598,204.59
2021-03-29,204.59,210.75,211.546,234.007,205.1153,204.43
2021-03-30,204.43,199.315,207.848,233.637,205.2793,210.76
2021-03-31,210.76,208.57,207.912,233.3174,205.4795,223.06
2021-04-01,223.06,216.01,211.156,233.1464,205.7322,221.23
2021-04-05,221.23,224.33,212.814,232.8874,205.9548,223.13
2021-04-06,223.13,221.18,216.522,232.641,206.1823,217.63
2021-04-07,217.63,222.33,219.162,232.372,206.4073,224.11
2021-04-08,224.11,221.77,221.832,232.3766,206.605,225.4
2021-04-09,225.4,223.85,222.3,232.5386,206.8204,230.66
2021-04-12,230.66,225.11,224.186,232.6114,207.0896,242.19
2021-04-13,242.19,234.9,227.998,232.8326,207.3987,231.48
2021-04-14,231.48,243.75,230.768,232.7648,207.6511,239.13
2021-04-15,239.13,233.69,233.772,232.5716,207.9711,234.76
2021-04-16,234.76,239.25,235.644,232.387,208.2435,228.21
2021-04-19,228.21,232.915,235.154,232.1312,208.4565,226.34
2021-04-20,226.34,227.55,231.984,231.782,208.6378,226.58
2021-04-21,226.58,225.72,231.004,231.426,208.8184,228.45
2021-04-22,228.45,226.02,228.868,231.034,209.0084,230.82
2021-04-23,230.82,229.41,228.08,230.6012,209.1831,236.5
2021-04-26,236.5,230.68,229.738,230.2752,209.3875,236.12
2021-04-27,236.12,237.03,231.694,229.9382,209.6081,235.96
2021-04-28,235.96,235.0,233.57,229.6784,209.8901,228.12
2021-04-29,228.12,235.04,233.504,229.2302,210.16,237.56
2021-04-30,237.56,231.05,234.852,228.8468,210.4712,229.99
2021-05-03,229.99,237.79,233.55,228.2784,210.7649,225.02
2021-05-04,225.02,226.05,231.33,227.9586,211.0257,223.5
2021-05-05,223.5,226.73,228.838,227.5994,211.1916,218.77
2021-05-06,218.77,221.63,226.968,227.1762,211.323,219.63
2021-05-07,219.63,224.0,223.382,226.9208,211.4647,215.83
2021-05-10,215.83,216.57,220.55,226.4834,211.6006,224.44
2021-05-11,224.44,207.91,220.434,225.9422,211.8011,223.87
2021-05-12,223.87,216.36,220.508,225.5316,211.9979,212.45
2021-05-13,212.45,227.3,219.244,225.227,212.1434,214.99
2021-05-14,214.99,217.59,218.316,225.018,212.2828,212.3
2021-05-17,212.3,213.9,217.61,224.6998,212.406,217.02
2021-05-18,217.02,214.18,216.126,224.5718,212.6078,216.18
2021-05-19,216.18,211.91,214.588,224.2344,212.799,224.66
2021-05-20,224.66,218.99,217.03,224.2138,213.0349,223.65
2021-05-21,223.65,225.0,218.762,223.9708,213.2507,222.6
2021-05-24,222.6,224.21,220.822,223.8376,213.4738,225.72
2021-05-25,225.72,221.02,222.562,223.6196,213.7478,230.49
2021-05-26,230.49,225.97,225.424,223.5116,214.0705,231.89
2021-05-27,231.89,226.69,226.87,223.4694,214.4262,233.28
2021-05-28,233.28,233.67,228.796,223.7494,214.7873,231.98
2021-06-01,231.98,233.49,230.672,224.0072,215.1254,231.45
2021-06-02,231.45,231.06,231.818,224.2014,215.4692,221.37
2021-06-03,221.37,228.33,229.994,224.1704,215.7543,225.88
2021-06-04,225.88,225.29,228.792,224.4792,216.0488,228.13
2021-06-07,228.13,224.56,227.762,224.905,216.3737,228.93
2021-06-08,228.93,230.0,227.152,225.2248,216.6791,232.31
2021-06-09,232.31,230.79,227.324,225.7792,217.0074,238.56
2021-06-10,238.56,229.2,230.762,226.4618,217.3556,244.09
2021-06-11,244.09,238.81,234.404,227.1284,217.7131,250.89
2021-06-14,250.89,245.0,238.956,227.685,218.0528,245.8
2021-06-15,245.8,250.0,242.33,228.1764,218.3402,248.46
2021-06-16,248.46,245.7,245.56,228.683,218.6204,262.51
2021-06-17,262.51,247.34,250.35,229.5806,218.9741,266.56
2021-06-18,266.56,262.15,254.844,230.4296,219.3249,267.16
2021-06-21,267.16,264.51,258.098,231.2648,219.7003,267.96
2021-06-22,267.96,267.44,262.53,232.0108,220.1312,267.49
2021-06-23,267.49,267.03,266.336,232.5168,220.591,266.96
2021-06-24,266.96,269.64,267.226,233.2264,221.0812,264.69
2021-06-25,264.69,268.41,266.852,233.7376,221.5478,263.23
2021-06-28,263.23,265.22,266.066,234.307,222.0153,264.15
2021-06-29,264.15,264.54,265.304,235.0258,222.4979,256.86
2021-06-30,256.86,262.89,263.178,235.6362,222.938,258.43
2021-07-01,258.43,256.23,261.472,236.2732,223.3751,262.72
2021-07-02,262.72,259.71,261.078,236.9586,223.8328,268.43
2021-07-06,268.43,262.99,262.118,237.7108,224.3337,269.06
2021-07-07,269.06,270.5,263.1,238.362,224.8233,266.66
2021-07-08,266.66,264.02,265.06,238.9728,225.2696,268.64
2021-07-09,268.64,265.21,267.102,239.6264,225.7115,261.36
2021-07-12,261.36,271.07,266.83,240.2912,226.1339,261.14
2021-07-13,261.14,260.81,265.372,240.7628,226.5607,259.22
2021-07-14,259.22,263.89,263.404,241.3474,226.9504,259.36
2021-07-15,259.36,260.39,261.944,242.0342,227.3422,260.64
2021-07-16,260.64,260.35,260.344,242.777,227.7336,262.87
2021-07-19,262.87,259.0,260.646,243.659,228.139,267.62
2021-07-20,267.62,264.5,261.942,244.6188,228.5471,268.85
2021-07-21,268.85,266.99,263.868,245.6792,228.9674,269.13
2021-07-22,269.13,262.0,265.822,246.573,229.3788,271.29
2021-07-23,271.29,269.58,267.952,247.5214,229.7858,267.54
2021-07-26,267.54,270.87,268.886,248.6232,230.1583,264.97
2021-07-27,264.97,267.61,268.356,249.6228,230.5393,269.08
2021-07-28,269.08,265.13,268.402,250.7584,230.8904,266.79
2021-07-29,266.79,267.5,267.934,251.7538,231.253,325.12
2021-07-30,325.12,310.0,278.7,253.9326,231.9137,322.58
2021-08-02,322.58,324.2,289.708,255.891,232.5675,329.42
2021-08-03,329.42,325.62,302.598,258.0064,233.26,340.44
2021-08-04,340.44,328.86,316.87,260.3632,233.925,342.43
2021-08-05,342.43,340.21,331.998,262.6974,234.5724,334.51
2021-08-06,334.51,338.05,333.876,264.7778,235.1901,335.84
2021-08-09,335.84,336.28,336.528,266.8568,235.8344,327.52
2021-08-10,327.52,337.61,336.148,268.7416,236.4566,332.56
2021-08-11,332.56,329.98,334.572,270.7532,237.0769,338.04
2021-08-12,338.04,329.95,333.694,272.885,237.7311,337.94
2021-08-13,337.94,338.01,334.38,275.2164,238.3558,334.02
2021-08-16,334.02,336.83,334.016,277.3792,238.9816,336.73
2021-08-17,336.73,332.58,335.858,279.5512,239.6116,337.73
2021-08-18,337.73,335.92,336.892,281.7272,240.3422,334.56
2021-08-19,334.56,335.13,336.196,283.7722,241.0935,346.0
2021-08-20,346.0,334.47,337.808,285.921,241.9132,352.49
2021-08-23,352.49,342.23,341.502,288.089,242.7316,353.89
2021-08-24,353.89,351.78,344.934,290.149,243.5011,353.41
2021-08-25,353.41,349.74,348.07,292.3012,244.2772,349.99
2021-08-26,349.99,352.18,351.156,294.3318,245.0896,358.34
2021-08-27,358.34,350.99,353.624,296.2484,245.953,366.03
2021-08-30,366.03,360.0,356.332,298.2378,246.8243,367.06
2021-08-31,367.06,364.33,358.966,300.2358,247.6946,371.7
2021-09-01,371.7,369.05,362.624,302.3106,248.589,376.0
2021-09-02,376.0,371.88,367.826,304.4808,249.5217,384.59
2021-09-03,384.59,376.04,373.076,306.8334,250.4621,381.69
2021-09-07,381.69,383.39,376.208,309.1734,251.402,381.75
2021-09-08,381.75,380.41,379.146,311.5438,252.3135,378.84
2021-09-09,378.84,380.17,380.574,313.8376,253.1656,379.97
2021-09-10,379.97,379.4,381.368,316.2998,254.0102,376.71
2021-09-13,376.71,379.77,379.792,318.6654,254.8262,389.39
2021-09-14,389.39,380.24,381.332,321.1988,255.6914,394.53
2021-09-15,394.53,387.47,383.888,323.7208,256.5441,403.91
2021-09-16,403.91,394.4,388.902,326.4178,257.4384,404.6
2021-09-17,404.6,404.0,393.828,329.1766,258.3411,400.59
2021-09-20,400.59,395.22,398.604,331.8156,259.2041,405.98
2021-09-21,405.98,408.46,401.922,334.708,260.103,406.4
2021-09-22,406.4,405.96,404.296,337.6132,261.01,409.6
2021-09-23,409.6,407.94,405.434,340.6208,261.9192,413.94
2021-09-24,413.94,411.33,407.302,343.7124,262.8397,391.89
2021-09-27,391.89,405.5,405.562,346.3374,263.6814,381.58
2021-09-28,381.58,383.71,400.682,348.7116,264.4534,387.6
2021-09-29,387.6,385.0,396.922,351.1112,265.2313,391.42
2021-09-30,391.42,391.94,393.286,353.5626,266.0147,392.22
2021-10-01,392.22,393.0,388.942,356.0244,266.7873,382.71
2021-10-04,382.71,390.76,387.106,358.2528,267.4816,389.94
2021-10-05,389.94,385.7,388.778,360.7008,268.1911,395.19
2021-10-06,395.19,385.79,390.296,363.3052,268.9281,392.98
2021-10-07,392.98,397.6,390.608,365.7832,269.6521,390.74
2021-10-08,390.74,400.17,390.312,368.2622,270.3707,389.5
2021-10-11,389.5,387.15,391.67,369.5498,271.1138,397.47
2021-10-12,397.47,393.27,393.176,371.0476,271.8922,407.04
2021-10-13,407.04,401.32,395.546,372.6,272.7684,406.73
2021-10-14,406.73,412.61,398.296,373.9258,273.6363,409.74
2021-10-15,409.74,406.73,402.096,375.272,274.5148,414.77
2021-10-18,414.77,407.73,407.15,376.8772,275.4193,410.46
2021-10-19,410.46,415.0,409.748,378.3696,276.3138,409.69
2021-10-20,409.69,414.9,410.278,380.013,277.1902,417.12
2021-10-21,417.12,410.12,412.356,381.7042,278.1534,423.2
2021-10-22,423.2,418.67,415.048,383.4074,279.1025,429.01
2021-10-25,429.01,426.14,417.896,385.2288,280.0701,424.52
2021-10-26,424.52,424.0,420.708,387.0388,281.0394,412.88
2021-10-27,412.88,424.53,421.346,388.5618,281.9328,417.33
2021-10-28,417.33,410.77,421.388,390.1538,282.8701,458.13
2021-10-29,458.13,452.5,428.374,392.6252,284.0459,450.14
2021-11-01,450.14,455.2,432.6,394.708,285.182,450.29
2021-11-02,450.29,450.21,437.754,396.664,286.2997,445.43
2021-11-03,445.43,450.83,444.264,398.4948,287.3688,449.12
2021-11-04,449.12,444.11,450.622,400.409,288.4435,440.22
2021-11-05,440.22,447.38,447.04,402.2136,289.4674,442.76
2021-11-08,442.76,441.01,445.564,403.902,290.5258,444.5
2021-11-09,444.5,448.67,444.406,405.4714,291.6289,433.57
2021-11-10,433.57,444.0,442.034,406.8016,292.7102,441.59
2021-11-11,441.59,438.71,440.528,408.1994,293.7831,445.12
2021-11-12,445.12,444.66,441.508,409.5818,294.853,433.99
2021-11-15,433.99,445.91,439.754,410.5698,295.8486,443.96
2021-11-16,443.96,431.75,439.646,411.8152,296.8245,440.24
2021-11-17,440.24,445.0,440.98,412.985,297.8057,440.69
2021-11-18,440.69,441.0,440.8,414.222,298.8042,429.86
2021-11-19,429.86,441.0,437.748,415.2198,299.7345,403.0
2021-11-22,403.0,426.85,431.55,415.7456,300.5276,389.51
2021-11-23,389.51,397.5554,420.66,415.748,301.2349,393.07
2021-11-24,393.07,386.96,411.226,415.7188,301.9379,391.54
2021-11-26,391.54,388.56,401.396,415.4714,302.6316,397.69
2021-11-29,397.69,395.6,394.962,415.3332,303.3552,376.32
2021-11-30,376.32,398.29,389.626,414.8478,303.9921,357.21
2021-12-01,357.21,383.71,383.166,413.8724,304.5255,368.94
2021-12-02,368.94,357.1,378.34,413.1232,305.0865,349.5
2021-12-03,349.5,368.95,369.932,411.9212,305.542,353.44
2021-12-06,353.44,343.5,361.082,410.7112,306.1041,382.99
2021-12-07,382.99,366.53,362.416,410.5332,306.8118,387.41
2021-12-08,387.41,384.57,368.456,410.6498,307.5492,375.44
2021-12-09,375.44,387.41,369.756,410.4066,308.2644,372.62
2021-12-10,372.62,379.59,374.38,410.0306,308.939,369.93
2021-12-13,369.93,372.2,377.678,409.5848,309.5311,351.74
2021-12-14,351.74,361.71,371.428,408.9654,310.0678,364.43
2021-12-15,364.43,352.28,366.832,408.4552,310.7516,345.44
2021-12-16,345.44,364.43,360.832,407.4602,311.3516,350.96
2021-12-17,350.96,342.63,356.5,406.6198,311.9653,343.33
2021-12-20,343.33,336.76,351.18,405.6716,312.5649,380.63
2021-12-21,380.63,347.58,356.958,405.4942,313.3028,388.05
2021-12-22,388.05,382.32,361.682,405.3058,314.1146,387.92
2021-12-23,387.92,386.22,370.178,404.9234,314.8752,394.43
2021-12-27,394.43,390.59,378.872,404.6774,315.701,388.61
2021-12-28,388.61,395.37,387.928,404.2548,316.461,382.78
2021-12-29,382.78,388.61,388.358,403.615,317.1954,385.36
2021-12-30,385.36,383.58,387.82,403.113,317.9522,381.29
2021-12-31,381.29,383.81,386.494,402.545,318.7623,350.42
2022-01-03,350.42,380.43,377.692,401.211,319.4189,334.99
2022-01-04,334.99,347.28,366.968,399.4468,319.9852,311.64
2022-01-05,311.64,327.25,352.74,397.0994,320.4288,313.75
2022-01-06,313.75,309.11,338.418,394.884,320.9453,303.71
2022-01-07,303.71,310.36,322.902,392.7006,321.4297,312.98
2022-01-10,312.98,295.5,315.414,390.6136,321.9299,314.95
2022-01-11,314.95,309.99,311.406,387.75,322.4817,320.59
2022-01-12,320.59,318.48,313.196,385.159,323.0625,298.65
2022-01-13,298.65,319.85,310.176,382.1262,323.5019,297.39
2022-01-14,297.39,296.42,308.912,379.1654,323.8736,293.63
2022-01-18,293.63,284.64,305.042,376.0556,324.2356,293.46
2022-01-19,293.46,298.01,300.744,373.1204,324.5872,291.32
2022-01-20,291.32,300.47,294.89,370.0916,324.9557,283.0
2022-01-21,283.0,289.35,291.76,366.8616,325.2501,300.27
2022-01-24,300.27,277.485,292.336,364.1956,325.6245,286.69
2022-01-25,286.69,294.58,290.948,361.0976,325.9046,293.06
2022-01-26,293.06,294.74,290.868,358.0564,326.159,290.89
2022-01-27,290.89,300.02,290.782,355.1944,326.456,319.17
2022-01-28,319.17,312.05,298.016,352.6986,326.8562,324.34
2022-01-31,324.34,319.08,302.83,350.3806,327.3041,325.87
2022-02-01,325.87,324.83,310.666,348.0842,327.7924,314.29
2022-02-02,314.29,328.89,314.912,345.7728,328.2322,304.41
2022-02-03,304.41,306.25,317.616,343.801,328.6213,320.91
2022-02-04,320.91,304.78,317.964,342.429,329.0836,314.19
2022-02-07,314.19,319.85,315.934,340.8514,329.5005,318.05
2022-02-08,318.05,311.8,314.37,339.3816,329.9082,335.6
2022-02-09,335.6,323.47,318.632,338.1398,330.4056,346.16
2022-02-10,346.16,326.63,326.982,337.5366,330.9566,321.76
2022-02-11,321.76,346.9,327.152,336.8276,331.4248,320.25
2022-02-14,320.25,320.77,328.364,335.8538,331.8383,330.33
2022-02-15,330.33,328.06,330.82,335.4704,332.34,318.71
2022-02-16,318.71,324.88,327.442,334.7758,332.8084,304.0
2022-02-17,304.0,314.31,319.01,333.196,333.2109,298.07
2022-02-18,298.07,304.2,314.272,331.4092,333.6074,295.7
2022-02-22,295.7,292.18,309.362,329.8144,333.9878,281.02
2022-02-23,281.02,298.7,299.5,327.9824,334.3137,301.6
2022-02-24,301.6,270.19,296.078,326.6158,334.6995,305.03
2022-02-25,305.03,297.74,296.284,325.6816,335.1053,305.72
2022-02-28,305.72,300.0,297.814,324.5074,335.5717,307.27
2022-03-01,307.27,308.0,300.128,323.744,336.0331,309.28
2022-03-02,309.28,310.23,305.78,322.9104,336.518,286.88
2022-03-03,286.88,309.9,302.836,321.7814,336.8673,267.61
2022-03-04,267.61,287.33,295.352,319.521,337.1244,244.24
2022-03-07,244.24,270.84,283.056,316.6448,337.2223,240.95
2022-03-08,240.95,242.76,269.792,313.7054,337.3088,261.59
2022-03-09,261.59,256.25,260.254,311.0486,337.5038,255.2
2022-03-10,255.2,253.98,253.918,308.3804,337.6512,246.39
2022-03-11,246.39,258.3,249.674,305.6526,337.7307,238.66
2022-03-14,238.66,244.59,248.558,302.7186,337.7645,245.17
2022-03-15,245.17,238.35,249.402,299.9962,337.824,280.96
2022-03-16,280.96,255.61,253.276,298.607,338.0689,280.13
2022-03-17,280.13,277.08,258.262,297.5098,338.3123,294.73
2022-03-18,294.73,283.6,267.93,297.1716,338.6791,288.31
2022-03-21,288.31,291.29,277.86,296.6628,338.9912,298.51
2022-03-22,298.51,286.17,288.528,296.5588,339.3431,289.41
2022-03-23,289.41,290.17,290.218,296.0874,339.6455,294.13
2022-03-24,294.13,292.49,293.018,295.671,339.9546,284.21
2022-03-25,284.21,294.13,290.914,294.9434,340.1829,302.31
2022-03-28,302.31,286.81,293.714,295.0166,340.474,311.64
2022-03-29,311.64,304.77,296.34,295.3016,340.7777,302.64
2022-03-30,302.64,306.85,298.986,295.4818,341.0619,293.83
2022-03-31,293.83,303.2,298.926,295.4892,341.2888,305.75
2022-04-01,305.75,297.03,303.234,295.7778,341.505,317.18
2022-04-04,317.18,305.83,306.208,296.4614,341.7581,299.86
2022-04-05,299.86,317.0,303.852,296.4532,341.9216,286.96
2022-04-06,286.96,294.02,300.716,296.4586,342.0166,292.97
2022-04-07,292.97,286.9,300.544,296.4568,342.144,272.02
2022-04-08,272.02,271.15,293.798,296.0794,342.1693,271.63
2022-04-11,271.63,267.59,284.688,295.1286,342.204,268.32
2022-04-12,268.32,281.33,278.38,294.0082,342.2294,280.33
2022-04-13,280.33,270.04,277.054,293.0974,342.3103,265.35
2022-04-14,265.35,280.07,271.53,292.1186,342.3528,259.12
2022-04-18,259.12,265.35,268.95,291.2128,342.3562,273.9
2022-04-19,273.9,258.0,269.404,290.2726,342.4121,265.81
2022-04-20,265.81,277.82,268.902,289.305,342.399,253.82
2022-04-21,253.82,267.59,263.6,288.0204,342.3228,245.29
2022-04-22,245.29,255.36,259.588,286.2142,342.216,253.63
2022-04-25,253.63,245.84,258.49,284.3636,342.1409,242.98
2022-04-26,242.98,250.28,252.306,282.788,342.049,243.66
2022-04-27,243.66,245.74,247.876,281.2562,341.9616,259.98
2022-04-28,259.98,251.45,249.108,279.8492,341.9654,224.83
2022-04-29,224.83,242.33,245.016,277.9716,341.7928,235.28
2022-05-02,235.28,224.39,241.346,276.5972,341.666,223.54
2022-05-03,223.54,232.42,237.458,275.1066,341.4693,234.7
2022-05-04,234.7,226.7,235.666,273.8866,341.3047,212.71
2022-05-05,212.71,229.25,226.212,272.5204,341.024,202.26
2022-05-06,202.26,210.9,221.698,270.5336,340.6897,183.35
2022-05-09,183.35,198.27,211.312,268.1,340.25,180.98
2022-05-10,180.98,191.79,202.8,265.6052,339.8172,169.28
2022-05-11,169.28,178.12,189.716,262.8454,339.3387,168.24
2022-05-12,168.24,164.572,180.822,260.0246,338.8345,188.9
2022-05-13,188.9,175.56,178.15,258.065,338.4451,177.0
2022-05-16,177.0,184.39,176.88,256.2528,337.7045,174.43
2022-05-17,174.43,184.93,175.57,254.8566,336.9637,162.49
2022-05-18,162.49,171.8,174.212,253.2874,336.1291,174.75
2022-05-19,174.75,163.93,175.514,251.5506,335.3006,177.4
2022-05-20,177.4,178.6,173.214,249.9946,334.4755,177.7
2022-05-23,177.7,174.03,173.354,248.6208,333.6914,164.17
2022-05-24,164.17,174.08,171.302,247.131,332.8331,170.75
2022-05-25,170.75,162.0,172.954,245.6426,332.0492,175.18
2022-05-26,175.18,168.45,173.04,243.527,331.2623,184.78
2022-05-27,184.78,178.0,174.516,241.62,330.496,177.32
2022-05-31,177.32,184.78,174.44,239.2718,329.6929,179.25
2022-06-01,179.25,181.1,177.456,237.0906,328.9191,196.62
2022-06-02,196.62,178.22,182.63,235.0528,328.2185,190.57
2022-06-03,190.57,191.81,185.708,233.076,327.4827,190.27
2022-06-06,190.27,194.45,186.806,230.9988,326.7613,200.85
2022-06-07,200.85,186.34,191.512,229.3316,326.0355,200.8
2022-06-08,200.8,198.77,195.822,227.3014,325.2771,196.06
2022-06-09,196.06,197.44,195.71,224.9898,324.4879,183.81
2022-06-10,183.81,190.64,194.358,222.6132,323.6399,166.29
2022-06-13,166.29,173.97,189.562,220.0624,322.7214,167.68
2022-06-14,167.68,167.12,182.928,217.301,321.7681,179.66
2022-06-15,179.66,170.0,178.7,214.5506,320.8363,165.74
2022-06-16,165.74,172.14,172.636,211.8682,319.8297,178.55
2022-06-17,178.55,167.78,171.584,209.7,318.8639,183.0
2022-06-21,183.0,181.55,174.926,207.5006,317.8989,185.4
2022-06-22,185.4,179.76,178.47,205.7682,316.903,193.26
2022-06-23,193.26,188.57,181.19,204.2008,315.9608,205.32
2022-06-24,205.32,198.71,189.106,202.9408,315.0787,202.21
2022-06-27,202.21,210.0,193.838,201.3784,314.1955,192.6
2022-06-28,192.6,200.41,195.758,199.9234,313.2587,192.36
2022-06-29,192.36,191.77,197.15,198.5882,312.3369,187.4
2022-06-30,187.4,189.0,195.978,196.8582,311.327,197.51
2022-07-01,197.51,188.39,194.416,195.4922,310.3419,208.39
2022-07-05,208.39,194.4,195.652,194.5836,309.3643,207.85
2022-07-06,207.85,209.43,198.702,193.8348,308.3805,213.77
2022-07-07,213.77,207.54,202.984,193.0376,307.4464,214.08
2022-07-08,214.08,206.51,208.32,192.4596,306.4869,211.03
2022-07-11,211.03,213.46,211.024,191.807,305.5101,192.67
2022-07-12,192.67,207.0,207.88,190.4608,304.4254,194.47
2022-07-13,194.47,187.82,205.204,189.8536,303.3281,184.98
2022-07-14,184.98,192.42,199.446,188.8476,302.2935,188.89
2022-07-15,188.89,185.95,194.408,188.1546,301.3301,187.97
2022-07-18,187.97,194.42,189.796,187.22,300.3319,191.59
2022-07-19,191.59,191.15,189.58,186.7976,299.3328,213.04
2022-07-20,213.04,198.15,193.294,187.0132,298.4369,214.18
2022-07-21,214.18,211.64,199.134,187.6298,297.5942,202.27
2022-07-22,202.27,215.67,201.81,188.0556,296.6559,196.05
2022-07-25,196.05,201.09,203.426,188.591,295.6602,187.61
2022-07-26,187.61,194.79,202.63,188.9784,294.6333,197.28
2022-07-27,197.28,194.66,199.478,189.146,293.666,204.85
2022-07-28,204.85,195.06,197.612,189.703,292.7428,209.32
2022-07-29,209.32,205.54,199.022,190.4008,291.802,210.59
2022-08-01,210.59,207.83,201.93,191.3628,290.8198,214.21
2022-08-02,214.21,205.0,207.25,192.152,289.8572,225.14
2022-08-03,225.14,216.6,212.822,193.1068,288.9342,230.41
2022-08-04,230.41,222.31,217.934,194.161,288.0124,268.59
2022-08-05,268.59,245.68,229.788,196.2494,287.303,279.35
2022-08-08,279.35,265.41,243.54,198.4214,286.6513,278.86
2022-08-09,278.86,274.0,256.47,200.495,285.96,286.19
2022-08-10,286.19,287.37,268.68,202.5232,285.275,275.8
2022-08-11,275.8,291.53,277.758,204.4928,284.5089,283.25
2022-08-12,283.25,278.58,280.69,206.5728,283.8026,288.47
2022-08-15,288.47,282.23,282.514,208.4098,283.1805,289.36
2022-08-16,289.36,286.5,284.614,210.3856,282.5407,284.26
2022-08-17,284.26,283.0,284.228,212.2654,281.6713,283.37
2022-08-18,283.37,283.0,285.742,213.9158,280.8375,269.34
2022-08-19,269.34,278.02,282.96,215.2866,279.9327,258.47
2022-08-22,258.47,260.9,276.96,216.5348,278.9979,258.28
2022-08-23,258.28,258.41,270.744,218.0242,278.0437,258.66
2022-08-24,258.66,260.85,265.624,219.8716,277.1359,266.33
2022-08-25,266.33,260.0,262.216,221.8446,276.2538,257.05
2022-08-26,257.05,265.68,259.758,223.3924,275.3165,250.96
2022-08-29,250.96,250.02,258.256,225.0968,274.4035,251.4
2022-08-30,251.4,251.73,256.88,226.5538,273.4525,247.66
2022-08-31,247.66,252.0,254.68,227.847,272.4652,235.43
2022-09-01,235.43,243.02,248.5,228.8476,271.4724,232.42
2022-09-02,232.42,239.16,243.574,229.6308,270.4147,229.67
2022-09-06,229.67,232.42,239.316,230.1178,269.3619,235.42
2022-09-07,235.42,231.11,236.12,230.782,268.3355,240.32
2022-09-08,240.32,231.86,234.652,231.7364,267.3878,258.93
2022-09-09,258.93,245.38,239.352,233.0678,266.6675,264.79
2022-09-12,264.79,261.0,245.826,234.6156,266.0439,248.9
2022-09-13,248.9,247.1,249.672,235.6434,265.323,255.57
2022-09-14,255.57,250.54,253.702,236.587,264.6432,252.89
2022-09-15,252.89,250.06,256.216,237.4878,263.9192,242.9
2022-09-16,242.9,248.2,253.01,238.0704,263.2521,241.62
2022-09-19,241.62,241.43,248.376,238.6212,262.6741,235.19
2022-09-20,235.19,238.62,245.634,239.1044,262.0054,232.3
2022-09-21,232.3,237.41,240.98,239.897,261.4194,220.69
2022-09-22,220.69,230.0,234.54,240.4214,260.7556,217.56
2022-09-23,217.56,216.5,229.472,241.073,259.9285,213.61
2022-09-26,213.61,216.85,223.87,241.5674,259.0595,214.59
2022-09-27,214.59,218.7,219.75,242.0998,258.2552,218.14
2022-09-28,218.14,214.08,216.918,242.6308,257.4828,212.33
2022-09-29,212.33,212.61,215.246,242.6166,256.6948,210.59
2022-09-30,210.59,212.4,213.852,242.5448,255.9891,217.33
2022-10-03,217.33,214.55,214.596,242.846,255.2536,236.21
2022-10-04,236.21,226.66,218.92,243.6492,254.7074,242.46
2022-10-05,242.46,230.48,223.784,244.7462,254.1649,238.99
2022-10-06,238.99,244.57,229.116,245.5804,253.6432,228.24
2022-10-07,228.24,231.94,232.646,246.0482,252.8813,220.27
2022-10-10,220.27,228.23,233.234,246.2672,252.0424,207.64
2022-10-11,207.64,216.85,227.52,246.2082,251.141,203.37
2022-10-12,203.37,207.82,219.702,245.9914,250.1857,202.2
2022-10-13,202.2,191.79,212.344,245.5326,249.2536,189.0
2022-10-14,189.0,207.02,204.496,244.7044,248.2847,204.67
2022-10-17,204.67,196.93,201.376,243.426,247.3813,201.44
2022-10-18,201.44,211.77,200.136,241.8678,246.482,187.73
2022-10-19,187.73,197.01,197.008,240.0452,245.6686,192.62
2022-10-20,192.62,189.47,195.092,238.1738,244.9567,194.1
2022-10-21,194.1,190.13,196.112,236.5398,244.369,194.85
2022-10-24,194.85,193.47,194.148,234.7718,243.7745,206.04
2022-10-25,206.04,197.37,195.068,233.1232,243.2862,195.22
2022-10-26,195.22,196.21,196.566,231.2404,242.6974,198.0
2022-10-27,198.0,202.11,197.642,229.5152,242.1126,200.82
2022-10-28,200.82,194.5,198.986,227.8642,241.5138,202.73
2022-10-31,202.73,197.84,200.562,226.532,241.0342,191.74
2022-11-01,191.74,209.87,197.702,225.1974,240.5059,172.4
2022-11-02,172.4,191.81,193.138,223.4798,239.8998,174.17
2022-11-03,174.17,170.0,188.372,221.79,239.3033,123.73
2022-11-04,123.73,131.0,172.954,218.938,238.4654,119.23
2022-11-07,119.23,122.89,156.254,216.1816,237.6465,122.72
2022-11-08,122.72,120.18,142.45,213.6168,236.7588,122.29
2022-11-09,122.29,121.61,132.428,211.0346,235.9368,140.85
2022-11-10,140.85,131.29,125.764,208.8984,235.1757,142.37
2022-11-11,142.37,138.83,129.492,207.0372,234.4331,134.96
2022-11-14,134.96,139.76,132.638,205.088,233.5121,141.18
2022-11-15,141.18,140.48,136.33,203.3182,232.5963,129.27
2022-11-16,129.27,138.44,137.726,201.1952,231.6133,121.69
2022-11-17,121.69,124.7,133.894,198.8226,230.6503,118.76
2022-11-18,118.76,124.85,129.172,196.0192,229.722,117.56
2022-11-21,117.56,116.4,125.692,193.0746,228.7053,116.34
2022-11-22,116.34,117.55,120.724,190.4234,227.716,124.5
2022-11-23,124.5,117.07,119.77,187.802,226.7483,124.13
2022-11-25,124.13,122.49,120.258,185.2268,225.6909,126.45
2022-11-28,126.45,123.41,121.796,182.8978,224.5924,122.01
2022-11-29,122.01,125.83,122.686,180.5056,223.5936,131.55
2022-11-30,131.55,120.17,125.728,178.4328,222.6501,140.06
2022-12-01,140.06,132.07,128.84,176.588,221.6988,141.0
2022-12-02,141.0,136.9,132.214,174.9942,220.8102,133.61
2022-12-05,133.61,140.2,133.646,173.3152,219.9583,124.96
2022-12-06,124.96,134.94,134.236,171.5422,219.0927,125.46
2022-12-07,125.46,125.81,133.018,169.7596,218.2415,135.71
2022-12-08,135.71,130.6,132.148,168.111,217.515,137.33
2022-12-09,137.33,134.21,131.414,166.611,216.6936,X
