ticker,CRWD US Equity,CRWD US Equity,CRWD US Equity,CRWD US Equity,CRWD US Equity,Predictions,OneHotPred
field,PX_LAST,PX_OPEN,MOV_AVG_5D,MOV_AVG_50D,MOV_AVG_200D,,
date,,,,,,,
2019-06-11,34.0,,,,,UP,1
2019-06-12,58.0,63.5,,,,UP,1
2019-06-13,67.56,63.86,,,,DOWN,0
2019-06-14,64.16,69.78,,,,UP,1
2019-06-17,70.01,64.75,58.746,,,UP,1
2019-06-18,76.5,73.0,67.246,,,UP,1
2019-06-19,77.22,78.75,71.09,,,DOWN,0
2019-06-20,74.85,78.0,72.548,,,DOWN,0
2019-06-21,72.23,72.46,74.162,,,DOWN,0
2019-06-24,67.97,71.05,73.754,,,DOWN,0
2019-06-25,61.52,67.1,70.758,,,UP,1
2019-06-26,62.65,63.3,67.844,,,UP,1
2019-06-27,63.28,63.39,65.53,,,UP,1
2019-06-28,68.29,64.36,64.742,,,DOWN,0
2019-07-01,63.2,69.1,63.788,,,UP,1
2019-07-02,64.52,63.3,64.388,,,UP,1
2019-07-03,67.24,64.68,65.306,,,DOWN,0
2019-07-05,67.21,67.15,66.092,,,DOWN,0
2019-07-08,66.91,68.26,65.816,,,UP,1
2019-07-09,68.45,67.42,66.866,,,UP,1
2019-07-10,74.34,70.0,68.83,,,DOWN,0
2019-07-11,70.88,74.5,69.558,,,UP,1
2019-07-12,73.5,71.6,70.816,,,DOWN,0
2019-07-15,71.6,74.0,71.754,,,DOWN,0
2019-07-16,69.54,71.93,71.972,,,UP,1
2019-07-17,71.0,70.0,71.304,,,UP,1
2019-07-18,72.75,71.0,71.678,,,UP,1
2019-07-19,83.52,85.16,73.682,,,UP,1
2019-07-22,87.68,82.27,76.898,,,DOWN,0
2019-07-23,86.74,88.32,80.338,,,UP,1
2019-07-24,87.46,86.79,83.63,,,UP,1
2019-07-25,92.28,87.5,87.536,,,UP,1
2019-07-26,92.88,93.04,89.408,,,DOWN,0
2019-07-29,87.23,93.69,89.318,,,UP,1
2019-07-30,94.0,86.0,90.77,,,DOWN,0
2019-07-31,89.07,94.0,91.092,,,UP,1
2019-08-01,91.53,90.07,90.942,,,DOWN,0
2019-08-02,88.01,91.54,89.968,,,DOWN,0
2019-08-05,85.48,83.34,89.618,,,DOWN,0
2019-08-06,85.24,87.2,87.866,,,DOWN,0
2019-08-07,84.22,83.69,86.896,,,UP,1
2019-08-08,91.65,85.49,86.92,,,UP,1
2019-08-09,94.9,90.25,88.298,,,DOWN,0
2019-08-12,93.01,94.25,89.804,,,UP,1
2019-08-13,99.65,92.84,92.686,,,DOWN,0
2019-08-14,94.02,96.52,94.646,,,DOWN,0
2019-08-15,93.66,95.99,95.048,,,UP,1
2019-08-16,96.05,95.0,95.278,,,UP,1
2019-08-19,99.39,98.8,96.554,,,DOWN,0
2019-08-20,99.16,99.23,96.456,78.3242,,DOWN,0
2019-08-21,96.58,100.59,96.968,79.5758,,DOWN,0
2019-08-22,92.97,96.29,96.83,80.2752,,DOWN,0
2019-08-23,88.43,91.37,95.306,80.6926,,UP,1
2019-08-26,88.88,90.24,93.204,81.187,,DOWN,0
2019-08-27,84.08,89.28,90.188,81.4684,,UP,1
2019-08-28,86.99,84.0,88.27,81.6782,,DOWN,0
2019-08-29,83.82,88.3,86.44,81.8102,,DOWN,0
2019-08-30,81.28,84.02,85.01,81.9388,,UP,1
2019-09-03,83.76,80.85,83.986,82.1694,,UP,1
2019-09-04,85.31,85.0,84.232,82.5162,,UP,1
2019-09-05,86.85,86.25,84.204,83.0228,,DOWN,0
2019-09-06,75.98,79.7,82.636,83.2894,,DOWN,0
2019-09-09,67.1,76.105,79.8,83.3658,,UP,1
2019-09-10,71.65,65.7,77.378,83.433,,DOWN,0
2019-09-11,69.11,69.21,74.138,83.5512,,UP,1
2019-09-12,69.66,69.68,70.7,83.654,,DOWN,0
2019-09-13,64.86,69.86,68.476,83.6064,,UP,1
2019-09-16,67.86,63.71,68.628,83.6194,,UP,1
2019-09-17,71.04,68.64,68.506,83.702,,DOWN,0
2019-09-18,70.85,70.12,68.854,83.75,,DOWN,0
2019-09-19,68.93,71.5,68.708,83.6418,,DOWN,0
2019-09-20,66.97,68.95,69.13,83.5636,,DOWN,0
2019-09-23,66.91,67.12,68.94,83.4318,,DOWN,0
2019-09-24,62.52,67.02,67.236,83.2502,,DOWN,0
2019-09-25,62.02,62.0,65.47,83.0998,,DOWN,0
2019-09-26,58.3,62.05,63.344,82.8458,,DOWN,0
2019-09-27,53.46,58.27,60.642,82.46,,UP,1
2019-09-30,58.31,53.5,58.922,81.9558,,DOWN,0
2019-10-01,57.89,58.3,57.996,81.36,,DOWN,0
2019-10-02,56.63,56.805,56.918,80.7578,,UP,1
2019-10-03,62.14,59.48,57.686,80.2514,,UP,1
2019-10-04,63.84,62.0,59.762,79.6826,,UP,1
2019-10-07,68.78,63.36,61.856,79.2006,,DOWN,0
2019-10-08,65.3,67.4,63.338,78.762,,DOWN,0
2019-10-09,63.08,66.35,64.628,78.1436,,DOWN,0
2019-10-10,61.41,62.6,64.482,77.5904,,DOWN,0
2019-10-11,60.27,58.77,63.768,76.9652,,DOWN,0
2019-10-14,54.52,55.8,60.916,76.2954,,UP,1
2019-10-15,55.21,55.01,58.898,75.69,,DOWN,0
2019-10-16,52.03,53.57,56.688,75.0258,,DOWN,0
2019-10-17,50.44,51.76,54.494,74.3502,,DOWN,0
2019-10-18,47.04,50.0,51.848,73.458,,UP,1
2019-10-21,47.4,46.93,50.424,72.508,,DOWN,0
2019-10-22,46.2,47.25,48.622,71.5718,,UP,1
2019-10-23,47.87,47.0,47.79,70.5362,,UP,1
2019-10-24,51.84,48.6,48.07,69.6926,,DOWN,0
2019-10-25,50.11,50.88,48.684,68.8216,,DOWN,0
2019-10-28,47.95,50.26,48.794,67.8596,,DOWN,0
2019-10-29,47.8,47.43,49.114,66.8278,,UP,1
2019-10-30,51.445,47.72,49.829,65.8735,,DOWN,0
2019-10-31,49.91,51.2,49.443,64.9401,,DOWN,0
2019-11-01,48.5,49.94,49.121,64.0507,,UP,1
2019-11-04,49.65,49.15,49.461,63.2751,,DOWN,0
2019-11-05,48.7,50.18,49.641,62.4715,,DOWN,0
2019-11-06,47.83,48.56,48.918,61.7465,,DOWN,0
2019-11-07,45.5,48.26,48.036,60.9167,,UP,1
2019-11-08,47.21,45.02,47.778,60.1845,,DOWN,0
2019-11-11,46.2,46.5,47.088,59.4829,,UP,1
2019-11-12,47.05,47.5,46.758,58.7487,,UP,1
2019-11-13,52.0,46.83,47.592,58.0825,,UP,1
2019-11-14,52.73,51.31,49.038,57.4001,,UP,1
2019-11-15,59.75,53.0,51.546,57.0755,,DOWN,0
2019-11-18,57.07,60.0,53.72,56.8749,,DOWN,0
2019-11-19,56.0,57.45,55.51,56.5619,,DOWN,0
2019-11-20,54.88,55.24,56.086,56.2773,,DOWN,0
2019-11-21,53.77,55.46,56.294,55.9595,,UP,1
2019-11-22,54.2,54.19,55.184,55.7463,,UP,1
2019-11-25,55.84,55.32,54.938,55.5059,,DOWN,0
2019-11-26,55.58,56.5,54.854,55.1967,,UP,1
2019-11-27,56.29,56.37,55.136,54.9055,,UP,1
2019-11-29,58.0,56.96,55.982,54.6869,,DOWN,0
2019-12-02,55.01,58.5,56.144,54.4477,,UP,1
2019-12-03,57.37,53.29,56.45,54.2569,,DOWN,0
2019-12-04,54.98,56.61,56.33,54.1061,,DOWN,0
2019-12-05,52.95,55.0,55.662,53.9247,,DOWN,0
2019-12-06,50.89,54.0,54.24,53.7765,,DOWN,0
2019-12-09,49.0,49.14,53.038,53.6873,,DOWN,0
2019-12-10,47.55,49.92,51.074,53.4721,,UP,1
2019-12-11,47.73,47.01,49.624,53.2689,,DOWN,0
2019-12-12,47.3,47.95,48.494,53.0823,,UP,1
2019-12-13,49.41,47.5,48.198,52.8277,,UP,1
2019-12-16,49.45,50.0,48.288,52.5399,,DOWN,0
2019-12-17,48.39,49.34,48.456,52.1321,,UP,1
2019-12-18,50.14,48.96,48.938,51.8289,,DOWN,0
2019-12-19,49.47,50.45,49.372,51.5567,,UP,1
2019-12-20,49.49,49.91,49.388,51.3183,,DOWN,0
2019-12-23,47.85,49.25,49.068,51.0699,,DOWN,0
2019-12-24,47.75,48.0,48.94,50.9345,,UP,1
2019-12-26,50.03,48.41,48.918,50.8309,,DOWN,0
2019-12-27,48.92,50.3,48.808,50.7687,,UP,1
2019-12-30,50.03,50.0,48.916,50.7605,,DOWN,0
2019-12-31,49.87,49.34,49.32,50.8171,,DOWN,0
2020-01-02,49.44,50.03,49.658,50.8579,,UP,1
2020-01-03,50.75,48.92,49.802,50.9489,,UP,1
2020-01-06,55.11,51.85,51.04,51.0937,,DOWN,0
2020-01-07,54.75,54.55,51.984,51.1519,,UP,1
2020-01-08,55.66,54.2,53.142,51.2629,,UP,1
2020-01-09,55.94,56.95,54.442,51.4227,,UP,1
2020-01-10,57.2,56.49,55.732,51.6107,,UP,1
2020-01-13,58.97,57.36,56.504,51.7612,,UP,1
2020-01-14,59.24,59.23,57.402,51.9478,,UP,1
2020-01-15,60.25,59.23,58.32,52.1828,,UP,1
2020-01-16,62.24,61.5,59.58,52.4346,,UP,1
2020-01-17,63.45,63.05,60.83,52.7296,,DOWN,0
2020-01-21,62.24,63.02,61.484,53.0178,,UP,1
2020-01-22,62.57,63.0,62.15,53.3592,,DOWN,0
2020-01-23,61.55,62.57,62.41,53.646,,DOWN,0
2020-01-24,59.25,62.0,61.812,53.907,,DOWN,0
2020-01-27,58.06,56.58,60.734,54.1272,,UP,1
2020-01-28,59.07,58.66,60.1,54.2686,,UP,1
2020-01-29,60.26,60.0,59.638,54.4192,,UP,1
2020-01-30,62.45,60.0,59.818,54.4732,,DOWN,0
2020-01-31,61.09,62.5,60.186,54.5536,,DOWN,0
2020-02-03,61.08,61.13,60.79,54.6552,,UP,1
2020-02-04,63.555,61.92,61.687,54.8287,,DOWN,0
2020-02-05,61.815,64.21,61.998,54.9896,,UP,1
2020-02-06,62.19,61.6,61.946,55.1494,,DOWN,0
2020-02-07,62.09,62.0,62.146,55.2744,,UP,1
2020-02-10,63.3,62.33,62.59,55.4288,,UP,1
2020-02-11,65.19,66.0,62.917,55.6068,,DOWN,0
2020-02-12,65.08,65.19,63.57,55.7484,,UP,1
2020-02-13,65.31,64.25,64.194,55.9544,,DOWN,0
2020-02-14,64.85,65.81,64.746,56.104,,UP,1
2020-02-18,66.04,65.0,65.294,56.3252,,DOWN,0
2020-02-19,66.03,66.63,65.462,56.5868,,DOWN,0
2020-02-20,63.38,65.7,65.122,56.8366,,DOWN,0
2020-02-21,60.93,62.58,64.246,57.0752,,DOWN,0
2020-02-24,58.08,56.4,62.892,57.2858,,DOWN,0
2020-02-25,57.74,59.5,61.232,57.486,,UP,1
2020-02-26,58.46,58.39,59.718,57.7092,,DOWN,0
2020-02-27,57.5,56.15,58.542,57.871,,UP,1
2020-02-28,59.64,55.6,58.284,58.0748,,DOWN,0
2020-03-02,59.13,60.2,58.494,58.2896,,DOWN,0
2020-03-03,56.48,59.61,58.242,58.4164,,UP,1
2020-03-04,57.2,57.18,57.99,58.571,,DOWN,0
2020-03-05,55.92,56.08,57.674,58.6996,,DOWN,0
2020-03-06,51.96,54.24,56.138,58.7818,,DOWN,0
2020-03-09,45.74,46.81,53.46,58.7416,,UP,1
2020-03-10,46.91,48.47,51.546,58.6792,,DOWN,0
2020-03-11,42.85,45.96,48.676,58.5578,,DOWN,0
2020-03-12,37.82,38.6,45.056,58.3136,,UP,1
2020-03-13,39.55,39.9,42.574,58.1072,,DOWN,0
2020-03-16,33.01,36.0,40.028,57.7786,,UP,1
2020-03-17,38.01,33.93,38.248,57.5238,,UP,1
2020-03-18,38.63,35.76,37.404,57.1942,,UP,1
2020-03-19,41.74,40.43,38.188,56.934,,UP,1
2020-03-20,49.01,49.955,40.08,56.801,,UP,1
2020-03-23,51.45,46.24,43.768,56.7112,,UP,1
2020-03-24,57.33,54.92,47.632,56.7138,,DOWN,0
2020-03-25,55.78,56.0,51.062,56.65,63.1522,UP,1
2020-03-26,58.64,55.84,54.442,56.638,63.2754,UP,1
2020-03-27,58.79,57.02,56.398,56.6088,63.2794,DOWN,0
2020-03-30,57.72,58.81,57.652,56.5184,63.2302,DOWN,0
2020-03-31,55.68,57.03,57.322,56.363,63.1878,DOWN,0
2020-04-01,54.58,54.0,57.082,56.2098,63.1106,UP,1
2020-04-02,56.69,54.51,56.692,56.0922,63.0116,UP,1
2020-04-03,57.82,55.85,56.498,56.0176,62.9146,UP,1
2020-04-06,59.07,59.08,56.768,56.014,62.8357,UP,1
2020-04-07,59.6,59.45,57.552,56.0448,62.7725,UP,1
2020-04-08,60.32,59.65,58.7,56.0698,62.7343,DOWN,0
2020-04-09,58.15,60.48,58.992,56.0276,62.7174,UP,1
2020-04-13,58.77,58.0,59.182,55.954,62.698,UP,1
2020-04-14,60.89,59.99,59.546,55.95,62.6861,UP,1
2020-04-15,61.82,59.34,59.99,55.9648,62.6537,UP,1
2020-04-16,63.45,62.0,60.616,55.9627,62.655,UP,1
2020-04-17,64.74,64.46,61.934,56.0212,62.6561,UP,1
2020-04-20,68.43,64.87,63.866,56.146,62.662,DOWN,0
2020-04-21,66.07,68.66,64.902,56.2256,62.6563,UP,1
2020-04-22,68.07,67.67,66.152,56.321,62.6621,UP,1
2020-04-23,68.91,68.06,67.244,56.3954,62.6644,UP,1
2020-04-24,72.0,69.0,68.696,56.5338,62.6527,UP,1
2020-04-27,73.6,73.0,69.73,56.6996,62.6663,DOWN,0
2020-04-28,70.13,74.0,70.542,56.8052,62.6495,DOWN,0
2020-04-29,69.28,71.0,70.784,56.87,62.6379,DOWN,0
2020-04-30,67.66,69.28,70.534,56.9026,62.6285,UP,1
2020-05-01,69.21,66.28,69.976,57.0192,62.6195,UP,1
2020-05-04,73.43,68.35,69.942,57.2692,62.6229,DOWN,0
2020-05-05,71.59,74.27,70.234,57.5394,62.5633,UP,1
2020-05-06,72.44,71.94,70.866,57.8334,62.4871,UP,1
2020-05-07,75.49,74.0,72.432,58.174,62.4308,UP,1
2020-05-08,76.7,76.55,73.93,58.558,62.377,DOWN,0
2020-05-11,76.23,77.05,74.49,58.8898,62.2968,DOWN,0
2020-05-12,76.15,77.0,75.402,59.2302,62.2131,UP,1
2020-05-13,76.57,77.86,76.228,59.632,62.1598,UP,1
2020-05-14,77.14,76.0,76.558,60.0308,62.0755,DOWN,0
2020-05-15,77.14,77.5,76.646,60.4552,62.0159,DOWN,0
2020-05-18,76.1,78.11,76.62,60.938,61.9387,UP,1
2020-05-19,78.55,76.53,77.1,61.5942,61.8914,UP,1
2020-05-20,80.97,80.72,77.98,62.2754,61.8689,DOWN,0
2020-05-21,80.6,81.62,78.672,63.0304,61.8457,UP,1
2020-05-22,82.22,81.0,79.688,63.9184,61.8357,DOWN,0
2020-05-26,79.35,83.39,80.338,64.7144,61.7742,DOWN,0
2020-05-27,77.99,79.0,80.226,65.614,61.6896,UP,1
2020-05-28,79.5,78.2,79.932,66.4438,61.6221,UP,1
2020-05-29,87.81,83.19,81.374,67.4274,61.5629,UP,1
2020-06-01,94.84,90.56,83.898,68.4894,61.567,DOWN,0
2020-06-02,92.25,96.59,86.478,69.3542,61.5599,UP,1
2020-06-03,98.1,99.98,90.5,70.2872,61.5702,DOWN,0
2020-06-04,95.98,94.23,93.796,71.0602,61.5531,DOWN,0
2020-06-05,93.93,92.73,95.02,71.8232,61.527,UP,1
2020-06-08,95.43,93.87,95.138,72.559,61.5212,DOWN,0
2020-06-09,93.9,96.0,95.468,73.2612,61.5259,UP,1
2020-06-10,97.22,95.0,95.292,74.0512,61.5698,DOWN,0
2020-06-11,95.04,94.85,95.104,74.8384,61.6006,DOWN,0
2020-06-12,93.12,97.9865,94.942,75.6092,61.6458,UP,1
2020-06-15,99.02,92.65,95.66,76.4558,61.706,UP,1
2020-06-16,101.04,100.0,97.088,77.3202,61.7921,DOWN,0
2020-06-17,98.69,101.64,97.382,78.1126,61.8791,UP,1
2020-06-18,101.61,98.18,98.696,78.9528,61.9684,DOWN,0
2020-06-19,101.08,103.0,100.288,79.768,62.0472,UP,1
2020-06-22,105.02,101.34,101.488,80.7054,62.1381,DOWN,0
2020-06-23,104.27,105.8,102.134,81.6154,62.2795,DOWN,0
2020-06-24,103.7,103.83,103.136,82.4716,62.4625,UP,1
2020-06-25,105.71,103.8,103.956,83.3494,62.6328,DOWN,0
2020-06-26,98.79,104.0,103.498,84.0562,62.7812,DOWN,0
2020-06-29,98.1,99.77,102.114,84.7234,62.9234,UP,1
2020-06-30,100.29,98.44,101.318,85.3606,63.1006,UP,1
2020-07-01,102.95,100.0,101.168,86.0982,63.276,UP,1
2020-07-02,107.27,103.65,101.48,86.8822,63.4572,DOWN,0
2020-07-06,106.39,109.339,103.0,87.6318,63.6349,UP,1
2020-07-07,106.42,107.0,104.664,88.3202,63.8223,UP,1
2020-07-08,114.55,107.37,107.516,89.1392,64.0602,UP,1
2020-07-09,117.46,115.51,110.418,90.0858,64.313,DOWN,0
2020-07-10,116.65,117.57,112.294,91.0332,64.5836,DOWN,0
2020-07-13,106.21,118.02,112.258,91.8042,64.8046,DOWN,0
2020-07-14,105.61,107.14,112.096,92.5322,65.0411,DOWN,0
2020-07-15,103.15,105.58,109.816,93.1266,65.2896,DOWN,0
2020-07-16,101.06,102.1,106.536,93.716,65.5033,UP,1
2020-07-17,101.43,101.4047,103.492,94.2958,65.721,UP,1
2020-07-20,106.72,101.89,103.594,94.9204,65.9715,DOWN,0
2020-07-21,106.6,108.44,103.792,95.5184,66.1938,DOWN,0
2020-07-22,103.71,106.6,103.904,96.068,66.3931,DOWN,0
2020-07-23,101.46,104.56,103.984,96.5742,66.5565,DOWN,0
2020-07-24,100.03,99.1,103.704,97.0434,66.7302,UP,1
2020-07-27,103.6,101.32,103.08,97.5726,66.9328,UP,1
2020-07-28,105.73,104.4,102.906,98.1444,67.1544,UP,1
2020-07-29,112.92,107.61,104.748,98.8808,67.4176,DOWN,0
2020-07-30,111.91,111.0,106.838,99.548,67.7046,UP,1
2020-07-31,113.2,112.91,109.472,100.1926,67.9945,UP,1
2020-08-03,115.48,114.48,111.848,100.8902,68.3118,DOWN,0
2020-08-04,114.96,115.56,113.694,101.545,68.6344,DOWN,0
2020-08-05,114.75,114.97,114.06,102.253,68.9729,DOWN,0
2020-08-06,110.3,114.56,113.738,102.8992,69.2874,DOWN,0
2020-08-07,101.75,107.2,111.448,103.3442,69.5652,DOWN,0
2020-08-10,97.0,102.81,107.752,103.528,69.8108,UP,1
2020-08-11,98.16,97.1,104.392,103.5944,70.0424,UP,1
2020-08-12,98.45,98.61,101.132,103.7184,70.2841,UP,1
2020-08-13,100.89,99.44,99.25,103.7742,70.5488,UP,1
2020-08-14,101.25,103.21,99.15,103.8796,70.8161,UP,1
2020-08-17,105.34,102.01,100.818,104.1078,71.0856,UP,1
2020-08-18,107.1,106.52,102.606,104.3412,71.3715,UP,1
2020-08-19,108.15,107.65,104.546,104.6262,71.6698,UP,1
2020-08-20,112.49,107.55,106.866,104.9316,71.984,DOWN,0
2020-08-21,112.02,112.0,109.02,105.2712,72.3006,DOWN,0
2020-08-24,111.245,113.4,110.201,105.6337,72.6176,UP,1
2020-08-25,113.57,110.3,111.495,105.9247,72.958,UP,1
2020-08-26,117.11,115.01,113.287,106.2461,73.3075,UP,1
2020-08-27,117.13,117.4,114.215,106.6149,73.6621,UP,1
2020-08-28,118.64,118.2598,115.539,106.9555,74.0201,UP,1
2020-08-31,125.73,120.0,118.436,107.4485,74.3887,UP,1
2020-09-01,143.69,134.44,124.46,108.2219,74.8435,DOWN,0
2020-09-02,142.07,152.04,129.452,108.9779,75.2551,DOWN,0
2020-09-03,129.25,131.0,131.876,109.4889,75.616,DOWN,0
2020-09-04,125.19,125.28,133.186,109.8785,75.962,UP,1
2020-09-08,125.63,118.86,133.166,110.4153,76.3157,UP,1
2020-09-09,128.18,129.611,130.064,111.0169,76.6878,UP,1
2020-09-10,129.35,130.28,127.52,111.5981,77.0635,DOWN,0
2020-09-11,126.28,131.12,126.926,112.0647,77.4157,UP,1
2020-09-14,128.5,127.78,127.588,112.4893,77.7803,UP,1
2020-09-15,131.45,130.6514,128.752,112.9905,78.1561,DOWN,0
2020-09-16,131.15,132.0,129.346,113.4851,78.5219,DOWN,0
2020-09-17,128.58,127.48,129.192,113.7657,78.8897,UP,1
2020-09-18,131.43,130.22,130.222,114.0451,79.26,UP,1
2020-09-21,138.13,127.25,132.148,114.4747,79.6758,UP,1
2020-09-22,142.68,138.52,134.394,115.2041,80.1244,DOWN,0
2020-09-23,138.6,141.0,135.884,115.8639,80.563,DOWN,0
2020-09-24,133.9,137.12,136.948,116.4789,80.9875,UP,1
2020-09-25,136.39,135.8,137.94,117.1855,81.4317,UP,1
2020-09-28,137.43,137.82,137.8,117.9055,81.8802,DOWN,0
2020-09-29,136.35,137.7,136.534,118.4981,82.3254,UP,1
2020-09-30,137.32,135.31,136.278,119.1125,82.765,UP,1
2020-10-01,142.87,139.5,138.072,119.8957,83.2321,DOWN,0
2020-10-02,139.87,139.73,138.768,120.6639,83.6895,UP,1
2020-10-05,144.88,143.81,140.258,121.5609,84.1632,UP,1
2020-10-06,145.13,146.0,142.014,122.3915,84.6415,DOWN,0
2020-10-07,144.57,146.0,143.464,123.1683,85.1169,DOWN,0
2020-10-08,142.97,146.45,143.484,123.7693,85.5925,UP,1
2020-10-09,143.57,144.1,144.224,124.4025,86.0716,UP,1
2020-10-12,145.96,146.5,144.44,125.0577,86.5512,UP,1
2020-10-13,152.8,147.08,145.974,125.8041,87.0706,DOWN,0
2020-10-14,147.79,153.6,146.618,126.4607,87.5594,DOWN,0
2020-10-15,145.36,143.39,147.096,127.0729,88.0369,DOWN,0
2020-10-16,145.34,148.0,147.45,127.7737,88.5164,DOWN,0
2020-10-19,144.66,146.72,147.19,128.6319,88.9859,DOWN,0
2020-10-20,142.64,145.285,145.158,129.5447,89.4236,DOWN,0
2020-10-21,135.14,143.07,142.628,130.2843,89.8255,DOWN,0
2020-10-22,134.54,136.83,140.464,131.0061,90.2199,UP,1
2020-10-23,135.42,134.91,138.48,131.6967,90.6173,DOWN,0
2020-10-26,133.08,134.01,136.164,132.3333,90.9967,UP,1
2020-10-27,133.48,134.078,134.332,132.8961,91.3693,DOWN,0
2020-10-28,131.57,132.05,133.618,133.3855,91.7309,DOWN,0
2020-10-29,127.36,132.36,132.182,133.7697,92.0665,DOWN,0
2020-10-30,123.84,125.4,129.866,133.9967,92.3745,UP,1
2020-11-02,124.47,124.55,128.144,134.2457,92.6796,UP,1
2020-11-03,126.86,125.71,126.82,134.558,93.0027,UP,1
2020-11-04,136.32,133.98,127.77,135.013,93.3714,UP,1
2020-11-05,138.92,140.485,130.082,135.4492,93.7583,UP,1
2020-11-06,141.79,138.58,133.672,135.9424,94.171,DOWN,0
2020-11-09,126.55,136.25,134.088,136.1006,94.5134,DOWN,0
2020-11-10,123.5,127.08,133.416,136.056,94.8356,UP,1
2020-11-11,130.96,128.1327,132.344,135.8014,95.1891,UP,1
2020-11-12,137.3,132.92,132.02,135.706,95.5633,DOWN,0
2020-11-13,132.18,137.75,130.098,135.7646,95.9188,DOWN,0
2020-11-16,131.58,129.39,131.104,135.8924,96.2713,UP,1
2020-11-17,137.78,132.74,133.96,136.1354,96.6424,DOWN,0
2020-11-18,137.68,137.73,135.304,136.3254,97.0217,UP,1
2020-11-19,143.76,138.39,136.596,136.6136,97.4296,UP,1
2020-11-20,145.72,145.19,139.304,137.0024,97.8477,UP,1
2020-11-23,147.54,146.5,142.496,137.3832,98.2689,UP,1
2020-11-24,149.45,145.7,144.83,137.7432,98.6902,UP,1
2020-11-25,149.96,150.0,147.286,138.1194,99.1146,UP,1
2020-11-27,150.83,150.38,148.7,138.5644,99.5422,UP,1
2020-11-30,153.28,154.55,150.212,139.0014,99.9844,DOWN,0
2020-12-01,147.5,153.5,150.204,139.1888,100.3917,DOWN,0
2020-12-02,141.84,144.36,148.682,139.172,100.7707,UP,1
2020-12-03,161.19,159.52,150.928,139.6238,101.2598,UP,1
2020-12-04,167.26,160.36,154.214,140.291,101.7914,UP,1
2020-12-07,170.72,168.0,157.702,140.9776,102.3546,UP,1
2020-12-08,177.48,171.29,163.698,141.7786,102.9533,DOWN,0
2020-12-09,166.17,175.44,168.564,142.375,103.4919,UP,1
2020-12-10,179.99,165.35,172.324,143.2284,104.1043,DOWN,0
2020-12-11,175.92,177.17,174.056,143.8894,104.6857,DOWN,0
2020-12-14,173.8,176.8115,174.672,144.568,105.2591,UP,1
2020-12-15,174.93,175.4034,174.162,145.169,105.8513,UP,1
2020-12-16,179.79,177.05,176.886,145.8622,106.4643,UP,1
2020-12-17,185.25,182.14,177.938,146.6758,107.1109,UP,1
2020-12-18,203.75,193.7,183.504,147.8914,107.8699,UP,1
2020-12-21,210.65,202.24,190.874,149.233,108.6944,UP,1
2020-12-22,224.9,213.015,200.868,150.8118,109.5844,DOWN,0
2020-12-23,223.5,225.63,209.61,152.2258,110.4876,DOWN,0
2020-12-24,221.12,223.5,216.784,153.6924,111.4041,DOWN,0
2020-12-28,212.55,225.0886,218.544,155.0362,112.2691,DOWN,0
2020-12-29,205.93,210.6,217.6,156.248,113.1337,UP,1
2020-12-30,210.29,207.77,214.678,157.5606,113.9951,UP,1
2020-12-31,211.82,211.47,212.342,158.9442,114.8611,DOWN,0
2021-01-04,200.49,209.96,208.216,160.2512,115.6548,UP,1
2021-01-05,211.24,200.245,207.954,161.7852,116.466,DOWN,0
2021-01-06,208.85,204.0,208.538,163.2538,117.253,UP,1
2021-01-07,221.47,213.025,210.774,165.0216,118.0737,UP,1
2021-01-08,223.73,225.83,213.156,166.8266,118.9134,UP,1
2021-01-11,232.24,223.65,219.506,168.84,119.7814,UP,1
2021-01-12,233.59,233.405,223.976,170.9646,120.6554,DOWN,0
2021-01-13,226.42,236.5,227.49,173.0162,121.4989,DOWN,0
2021-01-14,225.62,228.65,228.32,175.0392,122.3486,DOWN,0
2021-01-15,219.51,228.08,227.476,176.8922,123.1733,UP,1
2021-01-19,221.92,224.0,225.412,178.6042,123.9994,UP,1
2021-01-20,226.33,227.0,223.96,180.3524,124.842,DOWN,0
2021-01-21,221.0,228.0,222.876,181.9366,125.6516,UP,1
2021-01-22,223.52,220.97,222.456,183.876,126.4712,DOWN,0
2021-01-25,217.49,227.72,222.052,185.7558,127.2571,DOWN,0
2021-01-26,206.8,217.13,219.028,187.2726,128.0003,DOWN,0
2021-01-27,200.93,200.0,213.948,188.5452,128.7111,UP,1
2021-01-28,212.49,202.0,212.246,190.1514,129.4691,UP,1
2021-01-29,215.8,211.33,210.702,191.8358,130.239,DOWN,0
2021-02-01,215.01,216.56,210.206,193.3804,130.9968,UP,1
2021-02-02,219.64,218.53,212.774,195.0196,131.7713,DOWN,0
2021-02-03,218.12,223.0,216.212,196.5068,132.5198,UP,1
2021-02-04,224.01,219.74,218.516,198.0726,133.3095,DOWN,0
2021-02-05,223.53,226.0,220.062,199.5924,134.0868,DOWN,0
2021-02-08,222.36,225.5045,221.532,201.0506,134.854,UP,1
2021-02-09,223.72,221.2,222.348,202.5258,135.6126,UP,1
2021-02-10,231.35,225.0,224.994,204.1362,136.4014,UP,1
2021-02-11,234.8,233.49,227.152,205.7666,137.2247,UP,1
2021-02-12,242.1,236.55,230.866,207.6586,138.0888,UP,1
2021-02-16,242.42,248.54,234.878,209.6702,138.9626,DOWN,0
2021-02-17,238.56,238.9,237.846,211.2176,139.8094,UP,1
2021-02-18,239.25,236.7827,239.426,212.6574,140.6385,DOWN,0
2021-02-19,239.2,241.83,240.306,214.027,141.4765,DOWN,0
2021-02-22,225.83,235.6517,237.052,214.994,142.2435,DOWN,0
2021-02-23,218.39,211.2,232.246,216.0384,142.958,DOWN,0
2021-02-24,216.6,219.78,227.854,216.7706,143.6575,DOWN,0
2021-02-25,208.66,216.43,221.736,217.4254,144.3196,UP,1
2021-02-26,216.0,209.3,217.096,218.2694,145.0189,UP,1
2021-03-01,223.4,220.8192,216.61,219.2388,145.753,DOWN,0
2021-03-02,222.1,226.5,217.352,220.085,146.4778,DOWN,0
2021-03-03,210.62,220.8571,216.156,220.5924,147.1452,DOWN,0
2021-03-04,192.99,204.79,213.022,220.3772,147.7297,DOWN,0
2021-03-05,183.12,194.64,206.446,219.8266,148.2525,DOWN,0
2021-03-08,179.75,184.29,197.716,218.9236,148.7464,UP,1
2021-03-09,199.1,192.65,193.116,218.4356,149.3389,DOWN,0
2021-03-10,194.86,204.0,189.964,217.9104,149.9021,UP,1
2021-03-11,205.8,203.99,192.526,217.7754,150.5344,DOWN,0
2021-03-12,199.0,200.9,195.702,217.6368,151.1394,UP,1
2021-03-15,200.55,199.5,199.862,217.442,151.7447,DOWN,0
2021-03-16,196.31,203.81,199.304,217.1318,152.2872,UP,1
2021-03-17,208.03,199.0,201.938,217.2826,152.8531,DOWN,0
2021-03-18,190.21,203.59,198.82,216.862,153.3429,UP,1
2021-03-19,194.63,192.88,197.946,216.5776,153.8256,UP,1
2021-03-22,195.73,191.91,196.982,216.0628,154.3243,DOWN,0
2021-03-23,190.6,195.74,195.84,215.4002,154.8077,DOWN,0
2021-03-24,181.6,191.0,190.554,214.3874,155.2385,DOWN,0
2021-03-25,179.16,175.67,188.344,213.2988,155.6648,DOWN,0
2021-03-26,177.685,179.03,184.955,212.3241,156.0671,DOWN,0
2021-03-29,173.85,177.6898,180.579,211.2887,156.4612,UP,1
2021-03-30,175.28,171.08,177.515,210.4041,156.872,UP,1
2021-03-31,182.51,179.24,177.697,209.6159,157.2894,UP,1
2021-04-01,187.03,188.7665,179.271,208.8299,157.7194,DOWN,0
2021-04-05,186.62,191.43,181.058,208.1423,158.159,UP,1
2021-04-06,194.38,186.62,185.164,207.5595,158.6229,DOWN,0
2021-04-07,193.93,195.07,188.894,207.0883,159.0871,UP,1
2021-04-08,203.45,197.545,193.082,207.0213,159.5793,DOWN,0
2021-04-09,202.68,201.44,196.212,207.0563,160.0713,UP,1
2021-04-12,203.99,201.53,199.686,206.8863,160.5728,UP,1
2021-04-13,216.35,206.52,204.08,206.8973,161.126,DOWN,0
2021-04-14,208.2,216.39,206.934,206.7611,161.673,UP,1
2021-04-15,213.1,215.5,208.864,206.6303,162.248,UP,1
2021-04-16,215.2,213.5065,211.368,206.5719,162.8226,DOWN,0
2021-04-19,213.37,211.05,213.244,206.3591,163.3747,DOWN,0
2021-04-20,206.6,216.09,211.294,206.0205,163.8713,UP,1
2021-04-21,210.37,205.48,211.728,205.7807,164.3912,UP,1
2021-04-22,216.73,212.0,212.454,205.6409,164.9428,UP,1
2021-04-23,219.3,219.51,213.274,205.3999,165.4665,UP,1
2021-04-26,224.47,220.05,215.494,205.1933,166.0016,DOWN,0
2021-04-27,221.25,225.48,218.424,204.7763,166.5246,DOWN,0
2021-04-28,220.24,217.87,220.398,204.3327,167.0947,DOWN,0
2021-04-29,211.53,221.0,219.358,203.7921,167.6243,DOWN,0
2021-04-30,208.51,207.3335,217.2,203.1773,168.1511,DOWN,0
2021-05-03,205.12,209.0,213.33,202.4957,168.6714,DOWN,0
2021-05-04,197.79,201.95,208.638,201.9349,169.1532,DOWN,0
2021-05-05,193.24,202.26,203.238,201.4319,169.5858,DOWN,0
2021-05-06,187.07,191.52,198.346,200.8413,169.9882,UP,1
2021-05-07,189.18,194.28,194.48,200.4517,170.4155,DOWN,0
2021-05-10,187.58,189.18,190.972,199.8833,170.8461,UP,1
2021-05-11,195.1,178.92,190.434,199.3173,171.3215,DOWN,0
2021-05-12,189.27,192.0,189.64,198.6607,171.7498,DOWN,0
2021-05-13,183.76,190.965,188.978,198.1235,172.14,UP,1
2021-05-14,190.64,187.5124,189.27,198.0765,172.5286,DOWN,0
2021-05-17,188.53,189.76,189.46,198.1847,172.9117,UP,1
2021-05-18,196.78,191.33,189.796,198.5253,173.3296,UP,1
2021-05-19,198.71,189.63,191.684,198.5175,173.7457,UP,1
2021-05-20,204.03,201.55,195.738,198.7009,174.1911,UP,1
2021-05-21,210.6,207.84,199.73,198.7969,174.6703,UP,1
2021-05-24,214.35,212.44,204.894,199.1039,175.1906,DOWN,0
2021-05-25,212.86,214.58,208.11,199.3501,175.7461,UP,1
2021-05-26,219.96,217.96,212.36,199.8231,176.3609,UP,1
2021-05-27,222.81,218.0,216.116,200.1187,176.9842,DOWN,0
2021-05-28,222.15,222.85,218.426,200.7575,177.6027,DOWN,0
2021-06-01,222.07,223.23,219.97,201.3063,178.2086,DOWN,0
2021-06-02,220.58,221.35,221.514,201.8033,178.8052,DOWN,0
2021-06-03,216.0,220.05,220.722,202.3113,179.3585,DOWN,0
2021-06-04,206.94,216.99,217.548,202.8181,179.8577,UP,1
2021-06-07,215.41,206.44,216.2,203.5431,180.394,DOWN,0
2021-06-08,215.14,217.735,214.814,204.2922,180.9073,DOWN,0
2021-06-09,213.95,215.69,213.488,205.0942,181.4169,UP,1
2021-06-10,228.6,214.89,216.008,206.1606,182.0037,UP,1
2021-06-11,231.27,226.61,220.874,207.1358,182.5922,UP,1
2021-06-14,233.53,231.5,224.498,208.0658,183.1743,DOWN,0
2021-06-15,228.34,233.75,227.138,208.9002,183.7304,UP,1
2021-06-16,234.17,229.0,231.182,209.696,184.308,UP,1
2021-06-17,241.31,233.0,233.724,210.6436,184.8859,UP,1
2021-06-18,244.91,241.2,236.452,211.4728,185.392,DOWN,0
2021-06-21,237.68,238.04,237.282,212.1728,185.8701,UP,1
2021-06-22,256.61,243.83,242.936,213.2252,186.5069,DOWN,0
2021-06-23,252.9,255.31,246.682,213.9562,187.1454,UP,1
2021-06-24,253.7,255.7715,249.16,214.8662,187.7858,DOWN,0
2021-06-25,253.24,255.0,250.826,215.669,188.4111,UP,1
2021-06-28,255.09,255.0,254.308,216.4668,189.0398,UP,1
2021-06-29,257.12,255.09,254.41,217.3418,189.694,DOWN,0
2021-06-30,251.31,257.1383,254.092,218.236,190.308,DOWN,0
2021-07-01,251.16,251.0,253.584,219.0518,190.9066,UP,1
2021-07-02,252.59,254.2693,253.454,219.769,191.5138,UP,1
2021-07-06,264.98,257.84,255.432,220.6826,192.1958,UP,1
2021-07-07,267.52,268.73,257.512,221.5436,192.8762,DOWN,0
2021-07-08,263.39,259.65,259.928,222.3864,193.5025,UP,1
2021-07-09,264.44,262.955,262.584,223.2704,194.1113,DOWN,0
2021-07-12,261.79,267.6965,264.424,224.2756,194.7273,DOWN,0
2021-07-13,261.16,261.14,263.66,225.3286,195.3636,DOWN,0
2021-07-14,254.23,263.16,261.002,226.3108,195.9528,DOWN,0
2021-07-15,249.3,255.74,258.184,227.341,196.5121,UP,1
2021-07-16,249.96,252.01,255.288,228.4754,197.0802,UP,1
2021-07-19,250.4,245.05,253.01,229.742,197.6456,UP,1
2021-07-20,252.24,254.895,251.226,231.0032,198.1924,UP,1
2021-07-21,253.55,252.45,251.09,232.3226,198.7608,UP,1
2021-07-22,263.04,254.72,253.838,233.6814,199.3516,UP,1
2021-07-23,268.96,261.32,257.638,235.2752,199.9708,DOWN,0
2021-07-26,264.83,267.56,260.524,236.8966,200.5721,DOWN,0
2021-07-27,257.84,266.0,261.644,238.2406,201.1464,UP,1
2021-07-28,263.58,260.18,263.65,239.7416,201.7465,DOWN,0
2021-07-29,260.03,263.51,263.048,241.0066,202.3168,DOWN,0
2021-07-30,253.61,256.07,259.978,242.1046,202.8209,UP,1
2021-08-02,253.91,254.26,257.794,243.1022,203.3515,UP,1
2021-08-03,254.34,255.31,257.094,243.977,203.8964,UP,1
2021-08-04,264.21,255.38,257.22,244.9742,204.4907,UP,1
2021-08-05,265.62,265.31,258.338,246.0294,205.0955,DOWN,0
2021-08-06,260.74,264.3,259.764,246.845,205.686,UP,1
2021-08-09,263.56,258.95,261.694,247.66,206.3281,DOWN,0
2021-08-10,252.67,266.25,261.36,248.2704,206.9188,DOWN,0
2021-08-11,239.88,254.2046,256.494,248.6266,207.4411,UP,1
2021-08-12,245.82,240.0,252.534,249.1314,208.0048,DOWN,0
2021-08-13,243.82,245.82,249.15,249.6878,208.5565,DOWN,0
2021-08-16,234.71,243.33,243.38,250.2432,209.0722,DOWN,0
2021-08-17,232.8,234.0,239.406,250.591,209.5994,UP,1
2021-08-18,233.78,233.475,238.186,250.9638,210.1491,UP,1
2021-08-19,234.96,231.9753,236.014,251.384,210.7015,UP,1
2021-08-20,237.88,236.54,234.826,251.5696,211.2566,UP,1
2021-08-23,245.8,242.1,237.044,251.8602,211.804,UP,1
2021-08-24,265.63,260.57,243.61,252.5022,212.4376,UP,1
2021-08-25,270.0,267.03,250.854,253.3354,213.0786,UP,1
2021-08-26,278.77,269.58,259.616,254.2274,213.8397,UP,1
2021-08-27,282.31,279.545,268.502,255.0474,214.6338,UP,1
2021-08-30,286.37,285.31,276.616,255.8766,215.4108,DOWN,0
2021-08-31,281.0,281.99,279.69,256.743,216.1293,DOWN,0
2021-09-01,269.97,273.22,279.684,257.0102,216.8183,UP,1
2021-09-02,272.67,272.25,278.464,257.4056,217.5237,UP,1
2021-09-03,278.23,272.59,277.648,257.8962,218.226,DOWN,0
2021-09-07,269.68,279.37,274.31,258.225,218.886,DOWN,0
2021-09-08,265.23,270.23,271.156,258.4278,219.4933,DOWN,0
2021-09-09,265.16,265.01,270.194,258.5886,220.0905,DOWN,0
2021-09-10,262.0,268.07,268.06,258.8024,220.6628,DOWN,0
2021-09-13,254.03,258.72,263.22,258.8598,221.1857,UP,1
2021-09-14,257.3,256.04,260.744,258.954,221.7224,UP,1
2021-09-15,259.57,257.89,259.612,258.8458,222.2661,UP,1
2021-09-16,264.74,260.23,259.528,258.7902,222.8234,DOWN,0
2021-09-17,263.09,266.33,259.746,258.7842,223.4014,DOWN,0
2021-09-20,257.56,254.35,260.452,258.6466,223.98,DOWN,0
2021-09-21,254.11,254.65,259.814,258.493,224.4446,UP,1
2021-09-22,259.86,252.89,259.872,258.467,224.9076,UP,1
2021-09-23,262.29,262.49,259.382,258.6282,225.3654,DOWN,0
2021-09-24,261.75,262.05,259.114,258.8772,225.7868,DOWN,0
2021-09-27,253.34,259.3,258.27,258.9448,226.2226,DOWN,0
2021-09-28,241.86,249.05,255.82,258.774,226.532,DOWN,0
2021-09-29,239.57,243.7,251.762,258.5206,226.8502,UP,1
2021-09-30,245.78,240.88,248.46,258.3652,227.2101,UP,1
2021-10-01,249.27,246.6502,245.964,258.0898,227.5818,DOWN,0
2021-10-04,238.88,245.57,243.072,257.4882,227.8773,UP,1
2021-10-05,244.92,240.09,243.684,257.09,228.1756,UP,1
2021-10-06,248.2,243.34,245.41,256.8972,228.3979,UP,1
2021-10-07,249.88,251.3275,246.23,256.6232,228.594,DOWN,0
2021-10-08,245.0,250.1519,245.376,256.3226,228.6945,DOWN,0
2021-10-11,244.36,243.21,246.472,256.1376,228.7988,UP,1
2021-10-12,252.74,246.19,248.036,256.1142,228.9569,UP,1
2021-10-13,270.44,253.81,252.484,256.4362,229.2464,UP,1
2021-10-14,276.01,270.06,257.71,256.6722,229.5968,DOWN,0
2021-10-15,273.11,276.0,263.332,256.822,229.9109,UP,1
2021-10-18,285.35,273.0,271.53,257.3142,230.2785,DOWN,0
2021-10-19,282.35,283.23,277.452,257.69,230.6878,UP,1
2021-10-20,283.33,282.7093,280.03,258.3032,231.0483,UP,1
2021-10-21,284.1,283.0,281.648,259.1876,231.4245,DOWN,0
2021-10-22,283.39,284.23,283.704,259.939,231.7341,DOWN,0
2021-10-25,280.1,284.0,282.654,260.6646,232.016,UP,1
2021-10-26,287.08,284.0,283.6,261.712,232.2902,DOWN,0
2021-10-27,279.0,287.859,282.734,262.636,232.5172,UP,1
2021-10-28,281.17,278.0,282.148,263.5838,232.791,UP,1
2021-10-29,281.8,281.0,281.83,264.5206,233.0719,DOWN,0
2021-11-01,269.17,275.5413,279.644,265.1464,233.3202,DOWN,0
2021-11-02,268.12,266.58,275.852,265.5928,233.5512,UP,1
2021-11-03,270.65,269.9,274.182,265.6932,233.7728,UP,1
2021-11-04,279.62,272.71,273.872,265.8856,234.0659,DOWN,0
2021-11-05,273.43,281.0,272.198,265.7788,234.3154,UP,1
2021-11-08,282.93,274.29,274.95,265.7912,234.6426,UP,1
2021-11-09,293.18,285.6756,279.962,265.9274,235.0745,DOWN,0
2021-11-10,281.56,290.99,282.144,265.9386,235.4777,DOWN,0
2021-11-11,280.92,285.44,282.404,266.1576,235.8198,UP,1
2021-11-12,284.3,283.96,284.578,266.3902,236.1623,DOWN,0
2021-11-15,254.15,270.86,278.822,265.9086,236.358,UP,1
2021-11-16,262.51,255.31,272.688,265.7652,236.5724,UP,1
2021-11-17,269.78,265.39,270.332,265.8562,236.8307,DOWN,0
2021-11-18,264.72,270.42,267.092,265.8474,237.0342,DOWN,0
2021-11-19,257.63,269.4,261.758,265.76,237.2047,DOWN,0
2021-11-22,239.64,252.7554,258.856,265.4722,237.2911,DOWN,0
2021-11-23,230.58,231.0,252.47,264.9378,237.3254,UP,1
2021-11-24,230.77,229.64,244.668,264.3618,237.3225,UP,1
2021-11-26,232.64,235.72,238.252,263.7198,237.3117,DOWN,0
2021-11-29,224.57,235.0,231.64,262.9494,237.2241,DOWN,0
2021-11-30,217.14,226.825,227.14,262.141,237.0977,DOWN,0
2021-12-01,201.5,220.6877,221.324,261.0888,236.9124,UP,1
2021-12-02,209.35,207.975,217.04,260.0786,236.7629,DOWN,0
2021-12-03,197.05,212.84,209.922,258.7738,236.5521,DOWN,0
2021-12-06,194.71,190.05,203.95,257.433,236.3965,UP,1
2021-12-07,204.32,200.62,201.386,256.4526,236.3262,UP,1
2021-12-08,209.18,205.605,202.922,255.799,236.2891,DOWN,0
2021-12-09,201.27,209.96,201.306,255.033,236.2521,DOWN,0
2021-12-10,198.6,201.7475,201.616,254.0894,236.1651,UP,1
2021-12-13,198.68,198.59,202.41,253.0776,236.0415,UP,1
2021-12-14,198.71,197.008,201.288,252.2742,235.9246,UP,1
2021-12-15,210.71,198.55,201.594,251.59,235.925,DOWN,0
2021-12-16,200.28,211.695,201.396,250.6316,235.9615,UP,1
2021-12-17,205.1,196.2124,202.696,249.736,236.0714,UP,1
2021-12-20,206.29,200.2373,204.218,248.9618,236.2041,UP,1
2021-12-21,210.31,207.33,206.538,248.2808,236.2601,DOWN,0
2021-12-22,207.6,205.48,205.916,247.378,236.3238,UP,1
2021-12-23,211.52,207.6,208.164,246.1996,236.3524,DOWN,0
2021-12-27,209.64,211.48,209.072,244.8722,236.4056,DOWN,0
2021-12-28,207.23,210.0,209.26,243.5546,236.439,DOWN,0
2021-12-29,206.87,206.69,208.572,241.985,236.4918,UP,1
2021-12-30,208.95,207.0,208.842,240.517,236.4964,DOWN,0
2021-12-31,204.75,208.95,207.488,238.9454,236.5691,DOWN,0
2022-01-03,198.33,205.0,205.226,237.23,236.5876,DOWN,0
2022-01-04,189.19,195.89,201.618,235.346,236.5549,DOWN,0
2022-01-05,179.29,185.0,196.102,233.3298,236.4984,UP,1
2022-01-06,187.49,180.25,191.81,231.338,236.5278,UP,1
2022-01-07,188.99,185.0,188.658,229.5378,236.577,UP,1
2022-01-10,192.5,182.61,187.492,227.7644,236.651,UP,1
2022-01-11,196.11,189.61,188.876,226.0506,236.7623,DOWN,0
2022-01-12,187.97,196.61,190.612,224.4266,236.8258,DOWN,0
2022-01-13,174.9,188.15,188.094,222.5622,236.7877,UP,1
2022-01-14,176.7,173.87,185.636,220.6832,236.7361,DOWN,0
2022-01-18,172.85,172.73,181.706,218.5478,236.6672,UP,1
2022-01-19,175.71,171.71,177.626,216.5934,236.5739,DOWN,0
2022-01-20,173.89,177.33,174.81,214.4126,236.4737,DOWN,0
2022-01-21,164.73,171.88,172.776,211.8436,236.2801,UP,1
2022-01-24,167.27,157.175,170.89,209.5578,236.103,DOWN,0
2022-01-25,158.59,167.0,168.038,207.1112,235.876,UP,1
2022-01-26,160.94,162.26,165.084,204.644,235.599,DOWN,0
2022-01-27,159.81,164.16,162.268,202.7572,235.357,UP,1
2022-01-28,168.9,160.6,163.102,200.885,235.136,UP,1
2022-01-31,180.64,170.7,165.776,199.1022,234.9632,UP,1
2022-02-01,182.15,182.01,170.488,197.4508,234.8071,DOWN,0
2022-02-02,177.04,183.0,173.708,195.839,234.6593,DOWN,0
2022-02-03,170.63,171.9733,175.872,194.4588,234.4606,UP,1
2022-02-04,177.21,170.89,177.534,193.3914,234.263,UP,1
2022-02-07,178.84,176.8,177.174,192.3528,234.0607,UP,1
2022-02-08,178.9,175.98,176.524,191.278,233.8329,UP,1
2022-02-09,186.9,182.1,178.496,190.5246,233.6611,UP,1
2022-02-10,187.88,182.23,181.946,189.9394,233.4993,DOWN,0
2022-02-11,181.86,188.49,182.876,189.5466,233.351,DOWN,0
2022-02-14,180.6,180.0633,183.228,188.9716,233.2114,UP,1
2022-02-15,189.3,185.103,185.308,188.8166,233.1323,DOWN,0
2022-02-16,183.28,186.2361,184.584,188.588,233.0598,DOWN,0
2022-02-17,169.85,181.86,180.978,187.8986,232.9428,DOWN,0
2022-02-18,164.93,169.06,177.592,187.0136,232.8321,UP,1
2022-02-22,166.71,161.5,174.814,186.3224,232.7198,DOWN,0
2022-02-23,161.83,170.615,169.32,185.587,232.591,UP,1
2022-02-24,182.88,153.5,169.24,185.271,232.5299,DOWN,0
2022-02-25,181.75,182.51,171.62,184.9318,232.4923,UP,1
2022-02-28,195.21,187.35,177.676,184.6218,232.5496,UP,1
2022-03-01,197.64,201.33,183.862,184.569,232.5846,UP,1
2022-03-02,201.75,198.6,191.846,184.502,232.6507,DOWN,0
2022-03-03,191.02,200.0,193.474,184.1966,232.6219,DOWN,0
2022-03-04,179.03,193.76,192.93,183.571,232.5235,DOWN,0
2022-03-07,167.4,180.99,187.368,182.767,232.3403,DOWN,0
2022-03-08,156.77,165.0,179.194,181.672,232.0712,UP,1
2022-03-09,169.79,161.31,172.802,180.875,231.8484,UP,1
2022-03-10,191.02,187.9,172.802,180.5508,231.7392,DOWN,0
2022-03-11,190.54,191.12,175.104,180.2242,231.5921,DOWN,0
2022-03-14,183.12,188.01,178.248,179.7076,231.3936,UP,1
2022-03-15,188.64,183.5,184.622,179.3854,231.2261,UP,1
2022-03-16,189.66,191.59,188.596,179.212,231.064,UP,1
2022-03-17,204.13,189.28,191.218,179.5108,230.9818,UP,1
2022-03-18,208.06,201.6,194.722,180.0862,230.9421,DOWN,0
2022-03-21,204.13,203.0,198.924,180.419,230.928,UP,1
2022-03-22,217.06,204.2,204.608,180.9804,230.9363,UP,1
2022-03-23,219.48,213.245,210.572,181.52,230.958,UP,1
2022-03-24,223.4,220.0,214.426,182.0658,231.0052,DOWN,0
2022-03-25,221.95,225.0,217.204,182.7454,230.972,UP,1
2022-03-28,222.12,220.15,220.802,183.6898,230.9262,UP,1
2022-03-29,223.01,224.45,221.992,184.616,230.8736,UP,1
2022-03-30,224.96,220.74,223.088,185.6582,230.8567,UP,1
2022-03-31,227.08,225.05,223.824,186.6856,230.8213,UP,1
2022-04-01,227.85,225.3,225.004,187.7648,230.754,UP,1
2022-04-04,229.03,228.0,226.386,189.0508,230.6746,DOWN,0
2022-04-05,219.96,229.99,225.776,190.1046,230.586,DOWN,0
2022-04-06,211.22,212.535,223.028,191.1572,230.359,UP,1
2022-04-07,217.03,210.78,221.018,192.279,230.1797,UP,1
2022-04-08,218.21,221.5,219.09,193.447,230.0022,DOWN,0
2022-04-11,216.6,213.77,216.604,194.401,229.819,UP,1
2022-04-12,223.51,227.35,217.314,195.2584,229.6611,UP,1
2022-04-13,239.86,224.11,223.042,196.4126,229.5748,DOWN,0
2022-04-14,235.22,238.02,226.68,197.5762,229.4944,DOWN,0
2022-04-18,224.99,234.0,228.036,198.6634,229.3635,UP,1
2022-04-19,228.66,224.99,230.448,199.6924,229.2439,DOWN,0
2022-04-20,222.49,229.32,230.244,200.5654,229.0314,DOWN,0
2022-04-21,209.85,223.81,224.242,201.1844,228.7431,DOWN,0
2022-04-22,205.62,209.0,218.322,201.5588,228.4542,UP,1
2022-04-25,214.58,202.84,216.24,202.0928,228.2049,DOWN,0
2022-04-26,201.4,211.74,210.788,202.4836,227.903,DOWN,0
2022-04-27,201.06,200.09,206.502,202.8928,227.6025,UP,1
2022-04-28,207.06,202.81,205.944,203.248,227.3666,DOWN,0
2022-04-29,198.76,206.61,204.572,203.5576,227.1139,UP,1
2022-05-02,203.65,198.5,202.386,204.2336,226.8824,DOWN,0
2022-05-03,199.4,203.65,201.986,204.923,226.6274,UP,1
2022-05-04,200.39,200.36,201.852,205.5966,226.3681,DOWN,0
2022-05-05,180.98,199.02,196.636,205.9796,226.0053,DOWN,0
2022-05-06,164.81,178.665,189.846,205.6182,225.5141,DOWN,0
2022-05-09,143.69,159.01,177.854,204.857,224.8878,UP,1
2022-05-10,151.88,150.67,168.35,203.9904,224.323,DOWN,0
2022-05-11,137.4,148.324,155.752,202.7856,223.7208,UP,1
2022-05-12,139.81,134.2,147.518,201.5468,223.102,UP,1
2022-05-13,156.29,143.06,145.814,200.8522,222.5833,DOWN,0
2022-05-16,146.39,154.0,146.354,200.1994,222.0472,UP,1
2022-05-17,147.27,151.33,145.432,199.7968,221.514,DOWN,0
2022-05-18,138.5,144.18,145.652,199.4314,220.9348,UP,1
2022-05-19,142.64,138.6,146.218,198.8884,220.3269,UP,1
2022-05-20,148.74,151.78,144.708,198.0428,219.7425,UP,1
2022-05-23,149.27,147.76,145.284,197.2174,219.1852,DOWN,0
2022-05-24,139.87,146.69,143.804,196.3524,218.5667,UP,1
2022-05-25,146.64,138.825,145.432,195.5124,218.0366,UP,1
2022-05-26,155.84,145.7,148.072,194.836,217.6164,UP,1
2022-05-27,166.82,158.89,151.688,194.0898,217.2214,DOWN,0
2022-05-31,159.99,167.57,153.832,193.1284,216.8022,UP,1
2022-06-01,161.45,163.01,158.148,192.2748,216.4359,UP,1
2022-06-02,174.02,161.0,163.624,191.414,216.142,DOWN,0
2022-06-03,162.1,165.864,164.876,190.2664,215.7836,UP,1
2022-06-06,168.97,167.48,165.306,189.1778,215.4537,UP,1
2022-06-07,176.68,166.1,168.644,188.2724,215.1477,UP,1
2022-06-08,178.84,176.0,172.122,187.4068,214.8129,DOWN,0
2022-06-09,173.55,176.5,172.028,186.4176,214.3525,DOWN,0
2022-06-10,169.32,168.125,173.472,185.3048,213.8491,DOWN,0
2022-06-13,154.52,158.71,170.582,183.8536,213.2278,UP,1
2022-06-14,159.26,156.0,167.098,182.4818,212.6126,UP,1
2022-06-15,164.35,161.33,164.2,181.1882,212.0025,DOWN,0
2022-06-16,157.21,157.04,160.932,179.9332,211.3835,UP,1
2022-06-17,163.9,158.5,159.848,178.9868,210.8532,UP,1
2022-06-21,164.64,165.0,161.872,177.939,210.313,UP,1
2022-06-22,165.71,162.61,163.162,176.889,209.7504,UP,1
2022-06-23,174.9,168.59,165.272,176.055,209.2765,UP,1
2022-06-24,184.99,177.99,170.828,175.2846,208.8753,DOWN,0
2022-06-27,181.93,185.02,174.434,174.126,208.4592,DOWN,0
2022-06-28,174.19,181.44,176.344,172.9054,208.0201,UP,1
2022-06-29,175.94,174.375,178.39,171.9244,207.6297,DOWN,0
2022-06-30,168.56,173.62,177.122,170.7224,207.186,UP,1
2022-07-01,179.25,168.24,175.974,169.8576,206.7844,UP,1
2022-07-05,187.02,179.2,176.992,169.401,206.3958,DOWN,0
2022-07-06,185.92,188.29,179.338,169.007,206.0099,UP,1
2022-07-07,190.2,185.32,182.19,168.5194,205.6731,UP,1
2022-07-08,190.38,185.0,186.554,168.299,205.3545,DOWN,0
2022-07-11,185.37,188.0,187.778,167.9852,204.982,DOWN,0
2022-07-12,174.39,186.9,185.252,167.3318,204.5425,UP,1
2022-07-13,174.97,169.98,183.062,166.856,204.1086,DOWN,0
2022-07-14,172.75,172.34,179.572,166.238,203.7057,UP,1
2022-07-15,177.9,174.07,177.076,165.808,203.3859,DOWN,0
2022-07-18,177.25,183.52,175.452,165.3452,203.0743,UP,1
2022-07-19,180.55,180.35,176.684,165.3366,202.7481,UP,1
2022-07-20,184.3,182.98,178.55,165.7264,202.4233,UP,1
2022-07-21,189.0,183.55,181.8,166.6326,202.1739,DOWN,0
2022-07-22,183.53,190.0,182.926,167.2656,201.8669,DOWN,0
2022-07-25,182.62,182.8,184.0,168.17,201.539,DOWN,0
2022-07-26,169.17,182.17,181.724,168.7572,201.1355,UP,1
2022-07-27,176.96,175.3,180.256,169.1706,200.7953,UP,1
2022-07-28,182.09,176.78,178.874,169.8846,200.4839,UP,1
2022-07-29,183.6,182.91,178.888,170.6112,200.1382,DOWN,0
2022-08-01,183.3,180.78,179.024,171.5072,199.7025,UP,1
2022-08-02,188.14,180.52,182.818,172.4172,199.2632,UP,1
2022-08-03,195.32,191.07,186.49,173.3488,198.8742,DOWN,0
2022-08-04,189.24,191.31,187.92,174.1482,198.3937,UP,1
2022-08-05,191.17,186.0,189.434,175.1742,197.9378,DOWN,0
2022-08-08,189.52,193.69,190.678,176.0318,197.4687,DOWN,0
2022-08-09,186.78,188.16,190.406,176.6506,196.9821,UP,1
2022-08-10,200.8,193.34,191.502,177.3302,196.5692,DOWN,0
2022-08-11,198.06,204.0,193.266,178.0916,196.159,UP,1
2022-08-12,200.87,203.0,195.206,178.88,195.7279,UP,1
2022-08-15,201.82,199.26,197.666,179.436,195.342,DOWN,0
2022-08-16,200.41,200.0,200.392,180.2022,194.9382,DOWN,0
2022-08-17,196.89,196.4,199.61,180.7606,194.5137,DOWN,0
2022-08-18,195.76,195.33,199.15,181.1422,194.1466,DOWN,0
2022-08-19,190.52,192.74,197.08,181.3758,193.7586,DOWN,0
2022-08-22,185.88,186.36,193.892,181.6224,193.3348,UP,1
2022-08-23,192.36,191.46,192.282,182.0832,192.8985,UP,1
2022-08-24,194.62,196.2,191.828,182.8852,192.5044,UP,1
2022-08-25,202.94,199.295,193.264,183.7588,192.1045,DOWN,0
2022-08-26,194.56,202.64,194.072,184.363,191.6114,DOWN,0
2022-08-29,192.05,191.005,195.306,185.0598,191.1638,UP,1
2022-08-30,193.295,196.32,195.493,185.6477,190.7257,DOWN,0
2022-08-31,182.61,197.21,193.091,186.0071,190.2173,DOWN,0
2022-09-01,172.97,178.45,187.097,186.1523,189.8114,DOWN,0
2022-09-02,172.45,174.28,182.675,186.1033,189.3611,DOWN,0
2022-09-06,171.15,172.45,178.495,185.8265,188.8679,UP,1
2022-09-07,171.96,170.69,174.228,185.6271,188.4041,UP,1
2022-09-08,179.875,170.17,173.681,185.7408,188.0153,UP,1
2022-09-09,190.86,183.74,177.259,186.0392,187.7714,UP,1
2022-09-12,195.1,191.28,181.789,186.57,187.594,DOWN,0
2022-09-13,184.7,186.63,184.499,186.679,187.3637,DOWN,0
2022-09-14,184.11,184.7,186.929,186.6208,187.121,DOWN,0
2022-09-15,178.86,181.82,186.726,186.4796,186.8925,DOWN,0
2022-09-16,171.01,174.15,182.756,186.0958,186.6618,UP,1
2022-09-19,175.39,170.22,178.814,185.796,186.5313,DOWN,0
2022-09-20,173.87,173.8,176.648,185.566,186.3539,DOWN,0
2022-09-21,169.25,173.67,173.676,185.4632,186.2149,DOWN,0
2022-09-22,161.28,167.04,170.16,185.1894,186.0477,DOWN,0
2022-09-23,160.39,159.08,168.036,184.9422,185.8281,DOWN,0
2022-09-26,159.35,159.99,164.828,184.5712,185.5789,UP,1
2022-09-27,162.58,163.95,162.57,184.2778,185.3855,UP,1
2022-09-28,167.25,164.11,162.17,184.0118,185.2287,DOWN,0
2022-09-29,165.7,163.48,163.054,183.6398,185.0638,DOWN,0
2022-09-30,164.81,166.15,163.938,183.156,184.8943,UP,1
2022-10-03,169.31,166.63,165.93,182.8716,184.6873,UP,1
2022-10-04,175.07,174.58,168.428,182.7206,184.5613,UP,1
2022-10-05,176.7,171.01,170.318,182.8712,184.4193,UP,1
2022-10-06,178.39,178.42,172.856,182.8998,184.2798,DOWN,0
2022-10-07,171.88,174.44,174.27,182.6956,184.0876,DOWN,0
2022-10-10,161.08,171.74,172.624,182.2452,183.855,DOWN,0
2022-10-11,155.79,158.72,168.768,181.695,183.5764,DOWN,0
2022-10-12,152.99,154.32,164.026,180.992,183.2931,DOWN,0
2022-10-13,152.6,145.452,158.868,180.1376,183.02,DOWN,0
2022-10-14,145.98,155.75,153.688,179.2724,182.7155,UP,1
2022-10-17,151.61,149.35,151.794,178.4812,182.4288,UP,1
2022-10-18,156.88,157.26,152.012,177.8284,182.1895,DOWN,0
2022-10-19,152.54,155.41,151.922,177.1436,181.9605,UP,1
2022-10-20,153.88,152.1,152.178,176.2052,181.784,UP,1
2022-10-21,156.32,152.49,154.246,175.3704,181.6691,UP,1
2022-10-24,157.97,158.11,155.518,174.5124,181.5215,UP,1
2022-10-25,162.11,159.22,156.564,173.7182,181.3871,DOWN,0
2022-10-26,161.77,158.05,158.41,172.9454,181.2335,UP,1
2022-10-27,164.73,164.75,160.58,172.3022,181.0766,DOWN,0
2022-10-28,163.65,162.55,162.046,171.66,180.955,DOWN,0
2022-10-31,161.2,161.62,162.692,171.0736,180.8865,DOWN,0
2022-11-01,160.53,165.0,162.376,170.5666,180.8056,DOWN,0
2022-11-02,147.99,161.0,159.62,169.6792,180.6813,DOWN,0
2022-11-03,141.53,146.14,154.98,168.6174,180.5104,DOWN,0
2022-11-04,127.56,140.96,147.762,167.1098,180.2788,DOWN,0
2022-11-07,124.68,129.83,140.458,165.7122,180.0785,UP,1
2022-11-08,127.0,126.0,133.752,164.4112,179.8772,DOWN,0
2022-11-09,122.36,124.55,128.626,162.9925,179.696,UP,1
2022-11-10,135.76,132.49,127.472,162.0555,179.5701,UP,1
2022-11-11,143.12,136.75,130.584,161.4585,179.4867,DOWN,0
2022-11-14,142.01,141.55,134.05,160.8497,179.3522,UP,1
2022-11-15,148.3,148.99,138.31,160.3927,179.1905,DOWN,0
2022-11-16,143.65,146.705,142.568,159.8265,178.998,DOWN,0
2022-11-17,139.23,139.62,143.262,159.0136,178.809,DOWN,0
2022-11-18,138.99,146.505,142.436,157.9762,178.6508,DOWN,0
2022-11-21,135.56,137.11,141.146,156.7854,178.4425,UP,1
2022-11-22,135.8,135.82,138.646,155.8074,178.2273,UP,1
2022-11-23,140.89,135.58,138.094,154.943,178.0373,DOWN,0
2022-11-25,140.05,139.85,138.258,154.1668,177.803,DOWN,0
2022-11-28,139.45,139.68,138.35,153.5356,177.5609,DOWN,0
2022-11-29,138.0,140.0,138.838,152.7878,177.3416,DOWN,0
2022-11-30,117.65,112.29,135.208,151.6634,177.0269,X,X
