ticker,DDOG US Equity,DDOG US Equity,DDOG US Equity,DDOG US Equity,DDOG US Equity,Predictions,OneHotPred
field,PX_LAST,PX_OPEN,MOV_AVG_5D,MOV_AVG_50D,MOV_AVG_200D,,
date,,,,,,,
2019-09-18,27.0,,,,,UP,1
2019-09-19,37.55,40.35,,,,DOWN,0
2019-09-20,36.15,38.59,,,,DOWN,0
2019-09-23,36.11,36.58,,,,DOWN,0
2019-09-24,34.5,36.01,34.262,,,UP,1
2019-09-25,35.25,34.6,35.912,,,DOWN,0
2019-09-26,32.44,36.0,34.89,,,DOWN,0
2019-09-27,32.27,33.0,34.114,,,UP,1
2019-09-30,33.91,32.64,33.674,,,DOWN,0
2019-10-01,32.39,34.25,33.252,,,DOWN,0
2019-10-02,31.1,31.65,32.422,,,UP,1
2019-10-03,32.89,31.18,32.512,,,UP,1
2019-10-04,34.72,33.05,33.002,,,UP,1
2019-10-07,36.81,34.9,33.582,,,DOWN,0
2019-10-08,35.45,36.5,34.194,,,UP,1
2019-10-09,36.75,35.85,35.324,,,DOWN,0
2019-10-10,35.6,36.75,35.866,,,UP,1
2019-10-11,35.67,35.93,36.056,,,DOWN,0
2019-10-14,33.09,35.65,35.312,,,UP,1
2019-10-15,34.8,33.17,35.182,,,DOWN,0
2019-10-16,32.2,33.56,34.272,,,UP,1
2019-10-17,33.96,32.3,33.944,,,DOWN,0
2019-10-18,31.57,33.84,33.124,,,DOWN,0
2019-10-21,30.01,31.9,32.508,,,DOWN,0
2019-10-22,28.04,30.05,31.156,,,UP,1
2019-10-23,28.76,27.9,30.468,,,UP,1
2019-10-24,32.5,29.16,30.176,,,UP,1
2019-10-25,34.3,32.86,30.722,,,DOWN,0
2019-10-28,33.28,35.0,31.376,,,UP,1
2019-10-29,33.65,33.19,32.498,,,UP,1
2019-10-30,34.81,33.79,33.708,,,DOWN,0
2019-10-31,33.59,34.82,33.926,,,UP,1
2019-11-01,34.02,33.7,33.87,,,UP,1
2019-11-04,34.44,34.53,34.102,,,UP,1
2019-11-05,34.91,34.5,34.354,,,DOWN,0
2019-11-06,33.06,34.56,34.004,,,DOWN,0
2019-11-07,31.29,33.3,33.544,,,UP,1
2019-11-08,32.81,31.11,33.302,,,UP,1
2019-11-11,33.55,32.76,33.124,,,UP,1
2019-11-12,34.4,33.81,33.022,,,UP,1
2019-11-13,40.19,38.82,34.448,,,UP,1
2019-11-14,41.37,40.18,36.464,,,DOWN,0
2019-11-15,40.63,41.75,38.028,,,DOWN,0
2019-11-18,40.32,40.72,39.382,,,DOWN,0
2019-11-19,39.15,40.45,40.332,,,DOWN,0
2019-11-20,38.4,38.83,39.974,,,UP,1
2019-11-21,40.03,38.24,39.706,,,UP,1
2019-11-22,41.04,41.35,39.788,,,UP,1
2019-11-25,42.81,41.5,40.286,,,DOWN,0
2019-11-26,40.55,43.1,40.566,34.8818,,UP,1
2019-11-27,41.86,40.8,41.258,35.179,,DOWN,0
2019-11-29,40.77,41.82,41.406,35.2434,,DOWN,0
2019-12-02,39.6,41.11,41.118,35.3124,,DOWN,0
2019-12-03,37.77,37.58,40.11,35.3456,,DOWN,0
2019-12-04,36.92,38.0,39.384,35.394,,DOWN,0
2019-12-05,35.86,36.83,38.184,35.4062,,UP,1
2019-12-06,35.91,35.93,37.212,35.4756,,DOWN,0
2019-12-09,35.16,34.63,36.324,35.5334,,DOWN,0
2019-12-10,34.81,34.33,35.732,35.5514,,UP,1
2019-12-11,35.55,34.81,35.458,35.6146,,UP,1
2019-12-12,35.73,35.45,35.432,35.7072,,UP,1
2019-12-13,38.79,36.2,36.008,35.8252,,DOWN,0
2019-12-16,38.79,38.91,36.734,35.9066,,DOWN,0
2019-12-17,37.18,37.86,37.208,35.914,,UP,1
2019-12-18,38.21,37.66,37.74,35.9692,,DOWN,0
2019-12-19,38.1,37.51,38.214,35.9962,,UP,1
2019-12-20,38.51,37.71,38.158,36.0544,,DOWN,0
2019-12-23,37.8,38.85,37.96,36.097,,DOWN,0
2019-12-24,37.09,37.72,37.942,36.177,,UP,1
2019-12-26,37.96,37.3,37.892,36.2402,,DOWN,0
2019-12-27,36.11,37.9,37.494,36.3184,,UP,1
2019-12-30,37.13,36.72,37.218,36.3818,,UP,1
2019-12-31,37.78,36.9,37.214,36.506,,DOWN,0
2020-01-02,36.7,38.22,37.136,36.6398,,UP,1
2020-01-03,37.42,36.11,37.028,36.8274,,UP,1
2020-01-06,39.9,37.51,37.786,37.0502,,UP,1
2020-01-07,40.06,39.95,38.372,37.2014,,DOWN,0
2020-01-08,39.95,40.3,38.806,37.3144,,UP,1
2020-01-09,40.21,40.45,39.508,37.453,,DOWN,0
2020-01-10,40.16,40.55,40.056,37.5832,,UP,1
2020-01-13,40.94,40.72,40.264,37.7058,,DOWN,0
2020-01-14,39.27,41.16,40.106,37.8194,,UP,1
2020-01-15,40.23,39.57,40.162,37.9436,,UP,1
2020-01-16,40.61,40.74,40.242,38.067,,UP,1
2020-01-17,41.19,41.2,40.448,38.1926,,DOWN,0
2020-01-21,41.13,41.18,40.486,38.354,,UP,1
2020-01-22,42.24,41.48,41.08,38.573,,UP,1
2020-01-23,42.81,42.33,41.596,38.773,,DOWN,0
2020-01-24,42.05,43.49,41.884,38.943,,DOWN,0
2020-01-27,41.255,40.0,41.897,39.0801,,UP,1
2020-01-28,42.16,41.58,42.103,39.1195,,UP,1
2020-01-29,43.92,42.9,42.439,39.1705,,UP,1
2020-01-30,47.04,43.49,43.285,39.2987,,DOWN,0
2020-01-31,46.21,47.13,44.117,39.4165,,DOWN,0
2020-02-03,45.26,46.62,44.918,39.5387,,UP,1
2020-02-04,47.6,46.21,46.006,39.7227,,DOWN,0
2020-02-05,45.73,48.88,46.368,39.8367,,UP,1
2020-02-06,46.05,45.75,46.17,39.9369,,UP,1
2020-02-07,47.18,46.5,46.364,40.0243,,UP,1
2020-02-10,47.95,47.52,46.902,40.1723,,DOWN,0
2020-02-11,47.81,48.62,46.944,40.2913,,UP,1
2020-02-12,50.01,48.25,47.8,40.4761,,DOWN,0
2020-02-13,48.5,49.35,48.29,40.6541,,DOWN,0
2020-02-14,47.03,45.91,48.26,40.8393,,UP,1
2020-02-18,47.08,47.29,48.086,41.0425,,UP,1
2020-02-19,47.3,47.2,47.984,41.2713,,DOWN,0
2020-02-20,45.99,45.68,47.18,41.4729,,DOWN,0
2020-02-21,45.68,45.64,46.616,41.6833,,DOWN,0
2020-02-24,44.96,43.0,46.202,41.8863,,DOWN,0
2020-02-25,44.31,45.4,45.648,42.0615,,DOWN,0
2020-02-26,43.91,44.06,44.97,42.2251,,UP,1
2020-02-27,45.89,42.12,44.95,42.3671,,DOWN,0
2020-02-28,45.15,43.8,44.844,42.4943,,DOWN,0
2020-03-02,44.79,45.0,44.81,42.6465,,DOWN,0
2020-03-03,43.4,44.8,44.628,42.7503,,UP,1
2020-03-04,44.525,44.33,44.751,42.8788,,UP,1
2020-03-05,47.3,43.31,45.033,43.0546,,DOWN,0
2020-03-06,43.62,46.01,44.727,43.171,,DOWN,0
2020-03-09,38.82,38.78,43.533,43.2056,,DOWN,0
2020-03-10,38.0,39.75,42.453,43.2064,,DOWN,0
2020-03-11,35.56,37.31,40.66,43.1954,,DOWN,0
2020-03-12,33.1,32.46,37.82,43.1148,,UP,1
2020-03-13,35.26,36.0,36.148,43.0644,,DOWN,0
2020-03-16,28.96,32.0,34.176,42.9096,,UP,1
2020-03-17,34.12,29.53,33.4,42.8436,,DOWN,0
2020-03-18,32.08,30.85,32.704,42.6872,,UP,1
2020-03-19,33.1,32.0,32.704,42.548,,UP,1
2020-03-20,33.38,33.54,32.328,42.4166,,DOWN,0
2020-03-23,32.9,34.1,33.116,42.2704,,UP,1
2020-03-24,34.49,34.05,33.19,42.157,,DOWN,0
2020-03-25,33.69,34.11,33.512,42.012,,UP,1
2020-03-26,34.3,34.07,33.752,41.9126,,UP,1
2020-03-27,34.55,34.29,33.986,41.799,,UP,1
2020-03-30,34.75,35.45,34.356,41.6818,,UP,1
2020-03-31,35.98,34.5,34.654,41.5776,,DOWN,0
2020-04-01,34.88,34.83,34.892,41.4526,,DOWN,0
2020-04-02,34.6,34.9,34.952,41.2998,,UP,1
2020-04-03,34.69,34.5,34.98,41.1374,,UP,1
2020-04-06,36.28,35.44,35.286,41.022,,DOWN,0
2020-04-07,35.9,37.0,35.27,40.9149,,UP,1
2020-04-08,37.15,36.1,35.724,40.8147,,DOWN,0
2020-04-09,36.95,37.0,36.194,40.6753,,UP,1
2020-04-13,37.87,37.69,36.83,40.4919,,UP,1
2020-04-14,38.91,38.57,37.356,40.3459,,DOWN,0
2020-04-15,38.74,38.58,37.924,40.2155,,UP,1
2020-04-16,39.64,39.1,38.422,40.0563,,UP,1
2020-04-17,40.4,40.0,39.112,39.9497,,UP,1
2020-04-20,40.99,39.97,39.736,39.8485,,DOWN,0
2020-04-21,40.0,41.03,39.954,39.7049,,UP,1
2020-04-22,40.29,40.56,40.264,39.5517,,DOWN,0
2020-04-23,40.15,40.01,40.366,39.3985,,UP,1
2020-04-24,41.81,40.89,40.648,39.2345,,UP,1
2020-04-27,43.23,42.25,41.096,39.1291,,UP,1
2020-04-28,43.6,43.56,41.816,39.0605,,UP,1
2020-04-29,44.65,43.85,42.688,39.0119,,UP,1
2020-04-30,45.12,44.93,43.682,38.9683,,DOWN,0
2020-05-01,44.98,44.0,44.316,38.9481,,UP,1
2020-05-04,45.83,44.9,44.836,38.9511,,UP,1
2020-05-05,46.6,46.33,45.436,38.9839,,DOWN,0
2020-05-06,46.56,47.0,45.818,39.0289,,UP,1
2020-05-07,49.61,47.5,46.716,39.1429,,UP,1
2020-05-08,51.73,51.325,48.066,39.2597,,UP,1
2020-05-11,55.69,52.99,50.038,39.4705,,UP,1
2020-05-12,68.86,61.87,54.49,39.9519,,UP,1
2020-05-13,69.99,66.64,59.176,40.4837,,DOWN,0
2020-05-14,65.19,66.38,62.292,40.897,,UP,1
2020-05-15,67.16,65.0,65.378,41.2942,,UP,1
2020-05-18,67.41,69.0,67.722,41.77,,UP,1
2020-05-19,70.06,67.75,67.962,42.3948,,UP,1
2020-05-20,70.7,71.01,68.104,43.0488,,DOWN,0
2020-05-21,69.89,70.0,69.044,43.7354,,UP,1
2020-05-22,73.04,70.05,70.22,44.5342,,DOWN,0
2020-05-26,71.0,74.59,70.938,45.249,,DOWN,0
2020-05-27,66.82,69.85,70.29,46.0062,,UP,1
2020-05-28,67.13,64.9,69.576,46.6664,,UP,1
2020-05-29,71.27,68.76,69.852,47.4502,,DOWN,0
2020-06-01,69.49,70.61,69.142,48.178,,UP,1
2020-06-02,70.81,69.49,69.104,48.9266,,UP,1
2020-06-03,72.89,70.78,70.318,49.7264,,DOWN,0
2020-06-04,71.76,73.13,71.244,50.4718,,DOWN,0
2020-06-05,70.66,69.95,71.122,51.2112,,UP,1
2020-06-08,76.54,71.38,72.532,52.056,,DOWN,0
2020-06-09,73.74,76.39,73.118,52.8398,,UP,1
2020-06-10,78.26,75.72,74.192,53.71,,DOWN,0
2020-06-11,76.05,76.12,75.05,54.5114,,UP,1
2020-06-12,78.05,77.9,76.528,55.3748,,UP,1
2020-06-15,81.52,78.15,77.524,56.3132,,UP,1
2020-06-16,81.99,82.04,79.174,57.2592,,UP,1
2020-06-17,83.04,83.37,80.13,58.1944,,UP,1
2020-06-18,86.65,83.88,82.25,59.2094,,UP,1
2020-06-19,86.79,88.25,83.998,60.2022,,UP,1
2020-06-22,89.01,87.67,85.496,61.2434,,UP,1
2020-06-23,89.69,90.0,87.036,62.2798,,DOWN,0
2020-06-24,88.5,90.06,88.128,63.2716,,UP,1
2020-06-25,89.6,88.14,88.718,64.2888,,DOWN,0
2020-06-26,84.5,90.56,88.26,65.186,,DOWN,0
2020-06-29,83.72,85.02,87.202,66.0524,,UP,1
2020-06-30,86.95,84.29,86.654,66.9716,,UP,1
2020-07-01,89.38,87.19,86.83,67.9592,,UP,1
2020-07-02,89.59,90.5,86.828,68.9452,45.8877,DOWN,0
2020-07-06,88.96,91.35,87.72,69.9214,46.1975,UP,1
2020-07-07,90.09,90.01,88.994,70.887,46.4602,UP,1
2020-07-08,96.13,91.85,90.83,71.945,46.7601,DOWN,0
2020-07-09,96.1,97.99,92.174,72.995,47.0601,UP,1
2020-07-10,96.41,96.82,93.538,74.0302,47.3696,DOWN,0
2020-07-13,86.66,97.77,93.078,74.861,47.6267,UP,1
2020-07-14,88.89,87.6,92.838,75.7392,47.9089,DOWN,0
2020-07-15,88.48,88.97,91.308,76.5922,48.19,DOWN,0
2020-07-16,85.315,87.65,89.151,77.3665,48.447,UP,1
2020-07-17,87.3,85.6,87.329,78.1813,48.7216,UP,1
2020-07-20,92.14,88.31,88.425,79.0319,49.0268,DOWN,0
2020-07-21,90.72,92.77,88.791,79.8117,49.3159,DOWN,0
2020-07-22,89.5,90.88,88.995,80.4879,49.5898,DOWN,0
2020-07-23,85.22,88.85,88.976,80.8151,49.8319,DOWN,0
2020-07-24,84.84,83.4,88.484,81.1121,50.0788,UP,1
2020-07-27,87.83,86.2,87.622,81.5649,50.3342,UP,1
2020-07-28,88.28,87.72,87.134,81.9873,50.5976,UP,1
2020-07-29,90.13,89.22,87.26,82.4417,50.8699,UP,1
2020-07-30,92.76,89.79,88.768,82.8957,51.1683,UP,1
2020-07-31,93.86,94.7881,90.572,83.3589,51.4636,UP,1
2020-08-03,95.67,95.82,92.14,83.8745,51.7809,DOWN,0
2020-08-04,94.22,95.76,93.328,84.2981,52.0822,UP,1
2020-08-05,94.32,94.31,94.166,84.7645,52.396,DOWN,0
2020-08-06,90.01,92.72,93.616,85.2283,52.696,DOWN,0
2020-08-07,75.28,82.6,89.9,85.3913,52.9322,UP,1
2020-08-10,76.365,77.61,86.039,85.4932,53.1702,DOWN,0
2020-08-11,75.68,75.31,82.331,85.617,53.3861,UP,1
2020-08-12,76.61,76.0,78.789,85.733,53.5976,UP,1
2020-08-13,82.42,77.84,77.271,85.9236,53.8433,DOWN,0
2020-08-14,81.24,83.0,78.463,86.1132,54.0813,UP,1
2020-08-17,83.45,81.61,79.88,86.369,54.3245,UP,1
2020-08-18,83.46,83.09,81.436,86.5074,54.5738,DOWN,0
2020-08-19,82.47,83.05,82.608,86.682,54.8161,UP,1
2020-08-20,85.78,82.26,83.28,86.8324,55.0728,UP,1
2020-08-21,86.12,85.52,84.256,87.0338,55.3288,DOWN,0
2020-08-24,84.34,87.01,84.434,87.1596,55.5852,DOWN,0
2020-08-25,83.77,83.67,84.496,87.2046,55.8476,UP,1
2020-08-26,86.28,85.77,85.258,87.2904,56.115,DOWN,0
2020-08-27,83.54,86.28,84.81,87.3004,56.365,DOWN,0
2020-08-28,82.98,82.7414,84.182,87.227,56.6079,UP,1
2020-08-31,83.55,83.49,84.024,87.1622,56.8246,UP,1
2020-09-01,85.77,83.99,84.424,87.0974,57.0466,DOWN,0
2020-09-02,84.19,87.91,84.006,86.9874,57.2645,DOWN,0
2020-09-03,80.1,81.5,83.318,86.8194,57.4634,DOWN,0
2020-09-04,79.57,78.5,82.636,86.6188,57.6655,UP,1
2020-09-08,79.98,77.0,81.922,86.5284,57.8734,UP,1
2020-09-09,81.98,81.53,81.164,86.4936,58.0831,DOWN,0
2020-09-10,80.67,82.2,80.46,86.368,58.2812,DOWN,0
2020-09-11,80.36,81.5,80.512,86.1876,58.469,UP,1
2020-09-14,84.39,81.44,81.476,86.0836,58.6882,UP,1
2020-09-15,88.54,85.06,83.188,86.0752,58.9216,UP,1
2020-09-16,89.38,88.2,84.668,86.061,59.1647,DOWN,0
2020-09-17,87.25,85.56,85.984,85.8834,59.4029,DOWN,0
2020-09-18,85.69,88.44,87.05,85.6752,59.6425,UP,1
2020-09-21,88.14,84.39,87.8,85.5098,59.8986,UP,1
2020-09-22,93.41,88.33,88.774,85.6448,60.1863,DOWN,0
2020-09-23,91.1,91.98,89.118,85.689,60.4623,DOWN,0
2020-09-24,88.37,88.79,89.342,85.6868,60.7283,UP,1
2020-09-25,90.65,89.0,90.334,85.7935,61.0076,UP,1
2020-09-28,92.25,91.86,91.156,85.8925,61.2911,DOWN,0
2020-09-29,90.92,92.06,90.658,85.8681,61.567,UP,1
2020-09-30,102.16,90.92,92.87,86.0969,61.8839,UP,1
2020-10-01,103.51,101.43,95.898,86.3771,62.2074,DOWN,0
2020-10-02,103.49,101.31,98.466,86.7425,62.539,UP,1
2020-10-05,106.89,104.75,101.394,87.1835,62.8824,DOWN,0
2020-10-06,103.92,106.89,103.994,87.5053,63.2115,UP,1
2020-10-07,104.43,105.43,104.448,87.8283,63.5411,DOWN,0
2020-10-08,102.66,105.26,104.278,88.0789,63.8654,UP,1
2020-10-09,111.79,104.65,105.938,88.4595,64.2389,UP,1
2020-10-12,112.2,112.25,107.0,88.8263,64.6101,UP,1
2020-10-13,116.87,112.65,109.59,89.2503,65.0139,DOWN,0
2020-10-14,113.55,117.55,111.414,89.6369,65.396,DOWN,0
2020-10-15,113.29,107.2,113.54,90.0163,65.7736,DOWN,0
2020-10-16,112.36,114.84,113.654,90.4633,66.1519,DOWN,0
2020-10-19,111.66,112.25,113.546,91.1909,66.5231,DOWN,0
2020-10-20,108.59,112.31,111.89,91.8354,66.8665,DOWN,0
2020-10-21,102.17,110.0,109.614,92.3652,67.1771,DOWN,0
2020-10-22,98.94,102.87,106.744,92.8118,67.472,UP,1
2020-10-23,102.08,99.61,104.688,93.205,67.7814,DOWN,0
2020-10-26,99.76,100.65,102.308,93.5754,68.0794,UP,1
2020-10-27,101.33,101.2496,100.856,93.933,68.3813,DOWN,0
2020-10-28,97.03,99.25,99.828,94.2044,68.6701,DOWN,0
2020-10-29,96.41,97.99,99.322,94.4832,68.951,DOWN,0
2020-10-30,90.75,94.86,97.056,94.5826,69.2017,DOWN,0
2020-11-02,88.33,91.78,94.77,94.6268,69.4374,UP,1
2020-11-03,90.14,88.53,92.532,94.7428,69.6825,UP,1
2020-11-04,97.62,95.76,92.65,95.0198,69.9594,UP,1
2020-11-05,101.95,102.2573,93.758,95.3332,70.2551,DOWN,0
2020-11-06,100.35,102.0,95.678,95.6694,70.5466,DOWN,0
2020-11-09,94.89,98.76,96.99,95.9076,70.8147,DOWN,0
2020-11-10,92.6,94.71,97.482,96.0886,71.0669,DOWN,0
2020-11-11,86.83,85.15,95.324,96.1098,71.2815,UP,1
2020-11-12,90.01,88.08,92.936,96.2262,71.4963,DOWN,0
2020-11-13,85.82,87.89,90.03,96.3406,71.6944,UP,1
2020-11-16,86.36,83.41,88.324,96.4764,71.8999,UP,1
2020-11-17,88.09,87.35,87.422,96.6386,72.1023,DOWN,0
2020-11-18,87.3,88.0,87.516,96.745,72.3102,UP,1
2020-11-19,88.89,87.15,87.292,96.9094,72.5244,UP,1
2020-11-20,89.09,89.68,87.946,97.084,72.7339,UP,1
2020-11-23,91.04,89.78,88.882,97.217,72.9494,DOWN,0
2020-11-24,89.18,90.315,89.1,97.2298,73.1562,UP,1
2020-11-25,93.51,89.39,90.342,97.3124,73.3737,UP,1
2020-11-27,96.42,95.0,91.848,97.4958,73.6133,UP,1
2020-11-30,98.92,97.01,93.814,97.7604,73.8728,DOWN,0
2020-12-01,95.67,98.6,94.74,97.911,74.1157,DOWN,0
2020-12-02,93.5,93.77,95.604,97.9128,74.3467,UP,1
2020-12-03,97.36,95.09,96.374,98.038,74.6036,UP,1
2020-12-04,101.57,97.75,97.404,98.302,74.883,DOWN,0
2020-12-07,99.16,101.9,97.452,98.4722,75.154,UP,1
2020-12-08,99.85,99.39,98.288,98.6242,75.4317,DOWN,0
2020-12-09,95.65,100.0,98.718,98.7188,75.6904,UP,1
2020-12-10,101.53,94.51,99.552,98.7062,75.9686,DOWN,0
2020-12-11,98.98,99.57,99.034,98.6156,76.2378,UP,1
2020-12-14,102.27,100.0,99.656,98.5912,76.5252,DOWN,0
2020-12-15,101.23,103.0797,99.932,98.478,76.8143,UP,1
2020-12-16,104.55,101.5325,101.712,98.4906,77.1145,UP,1
2020-12-17,108.7,105.53,103.146,98.576,77.4215,DOWN,0
2020-12-18,107.72,109.24,104.894,98.6772,77.742,DOWN,0
2020-12-21,106.46,105.97,105.732,98.5706,78.0802,UP,1
2020-12-22,111.07,107.96,107.7,98.548,78.4455,DOWN,0
2020-12-23,107.44,110.71,108.278,98.3594,78.8049,DOWN,0
2020-12-24,106.28,107.04,107.794,98.214,79.1708,DOWN,0
2020-12-28,100.22,107.27,106.294,97.9526,79.4956,DOWN,0
2020-12-29,98.92,100.78,104.786,97.6838,79.8454,UP,1
2020-12-30,99.31,99.9707,102.434,97.4368,80.1714,DOWN,0
2020-12-31,98.44,98.6,100.634,97.2338,80.5032,DOWN,0
2021-01-04,91.23,98.69,97.624,97.015,80.7938,UP,1
2021-01-05,93.03,92.0,96.186,96.8968,81.0921,DOWN,0
2021-01-06,91.33,91.25,94.668,96.6818,81.3842,UP,1
2021-01-07,96.64,92.1,94.134,96.6194,81.695,UP,1
2021-01-08,99.94,97.55,94.434,96.5916,82.0262,UP,1
2021-01-11,104.25,101.75,97.038,96.736,82.376,UP,1
2021-01-12,105.58,104.28,99.548,96.9194,82.7311,DOWN,0
2021-01-13,104.85,105.0,102.252,97.2014,83.0816,DOWN,0
2021-01-14,101.84,105.41,103.292,97.4716,83.4109,DOWN,0
2021-01-15,99.84,102.3,103.272,97.6656,83.7357,DOWN,0
2021-01-19,99.09,100.98,102.24,97.695,84.0582,UP,1
2021-01-20,104.28,101.35,101.98,97.7416,84.4061,DOWN,0
2021-01-21,103.34,105.095,101.678,97.8014,84.7414,UP,1
2021-01-22,105.0,102.8,102.31,98.0036,85.0869,UP,1
2021-01-25,108.97,106.368,104.136,98.331,85.446,DOWN,0
2021-01-26,103.52,109.37,105.022,98.6648,85.7789,DOWN,0
2021-01-27,98.0,102.185,103.766,98.8246,86.0795,UP,1
2021-01-28,100.0,98.04,103.098,99.1082,86.385,UP,1
2021-01-29,102.75,99.51,102.648,99.436,86.705,DOWN,0
2021-02-01,101.79,103.47,101.212,99.71,87.0158,UP,1
2021-02-02,106.01,103.81,101.71,100.0842,87.3438,UP,1
2021-02-03,110.52,107.5,104.214,100.5168,87.6915,UP,1
2021-02-04,111.92,111.99,106.598,100.9734,88.0511,UP,1
2021-02-05,114.9,111.38,109.028,101.4506,88.4241,UP,1
2021-02-08,116.42,115.8918,111.954,101.9954,88.8055,UP,1
2021-02-09,117.85,116.48,114.322,102.4822,89.1857,DOWN,0
2021-02-10,115.55,118.51,115.328,102.8648,89.5473,UP,1
2021-02-11,117.6,116.59,116.464,103.2384,89.9173,DOWN,0
2021-02-12,112.86,111.75,116.056,103.5822,90.2583,DOWN,0
2021-02-16,107.56,111.43,114.284,103.8634,90.5705,DOWN,0
2021-02-17,103.08,103.5,111.33,103.9778,90.861,UP,1
2021-02-18,106.4,103.05,109.5,104.0744,91.1639,DOWN,0
2021-02-19,105.05,107.09,106.99,104.1922,91.4561,DOWN,0
2021-02-22,99.7,102.01,104.358,104.1892,91.7218,DOWN,0
2021-02-23,98.67,95.96,102.58,104.2496,91.9671,UP,1
2021-02-24,99.36,98.84,101.836,104.2062,92.2053,DOWN,0
2021-02-25,95.0,99.75,99.556,104.1266,92.4018,UP,1
2021-02-26,95.41,95.85,97.628,103.9894,92.5346,UP,1
2021-03-01,97.61,96.78,97.21,103.917,92.6727,DOWN,0
2021-03-02,93.51,98.6052,96.178,103.6962,92.8143,DOWN,0
2021-03-03,90.0,93.51,94.306,103.3222,92.9285,DOWN,0
2021-03-04,85.0,88.6762,92.306,102.8678,93.0164,DOWN,0
2021-03-05,82.2,85.2777,89.664,102.3826,93.0771,DOWN,0
2021-03-08,77.52,82.19,85.646,101.7116,93.1112,UP,1
2021-03-09,82.0,81.54,83.344,101.2028,93.1718,DOWN,0
2021-03-10,80.7,84.375,81.484,100.6912,93.2101,UP,1
2021-03-11,86.24,83.44,81.732,100.4116,93.2863,DOWN,0
2021-03-12,83.0,83.6386,81.892,100.0932,93.3672,UP,1
2021-03-15,87.61,82.55,83.91,99.8592,93.4696,DOWN,0
2021-03-16,86.37,89.26,84.784,99.6178,93.5451,UP,1
2021-03-17,86.54,85.5497,85.952,99.524,93.6303,DOWN,0
2021-03-18,81.89,85.0,85.082,99.3012,93.6857,UP,1
2021-03-19,84.03,82.32,85.288,99.1552,93.7414,UP,1
2021-03-22,85.18,84.81,84.802,98.926,93.8085,DOWN,0
2021-03-23,85.17,85.48,84.562,98.6306,93.8811,DOWN,0
2021-03-24,81.26,85.08,83.506,98.1708,93.9046,DOWN,0
2021-03-25,78.26,78.8,82.78,97.6244,93.9272,UP,1
2021-03-26,80.29,78.87,82.032,97.1332,93.9374,DOWN,0
2021-03-29,77.04,79.73,80.404,96.6372,93.9423,UP,1
2021-03-30,77.37,76.32,78.844,96.1878,93.9389,UP,1
2021-03-31,83.34,79.38,79.26,95.8728,93.948,UP,1
2021-04-01,87.2,86.95,81.048,95.5312,93.9741,DOWN,0
2021-04-05,83.24,87.84,81.638,95.1292,93.9751,UP,1
2021-04-06,88.89,83.3,84.008,94.807,93.9863,DOWN,0
2021-04-07,86.6,88.87,85.854,94.3596,93.9853,UP,1
2021-04-08,88.32,87.55,86.85,94.0556,93.9819,UP,1
2021-04-09,88.8,87.4,87.17,93.8716,93.9774,UP,1
2021-04-12,90.46,87.73,88.614,93.6808,93.9872,UP,1
2021-04-13,94.21,91.1,89.678,93.51,94.0103,DOWN,0
2021-04-14,93.25,94.89,91.008,93.3392,94.054,UP,1
2021-04-15,95.27,94.04,92.398,93.1244,94.1118,DOWN,0
2021-04-16,90.34,94.549,92.706,92.7208,94.1287,DOWN,0
2021-04-19,87.89,90.01,92.192,92.2402,94.1213,DOWN,0
2021-04-20,83.96,88.4,90.142,91.6214,94.0931,UP,1
2021-04-21,84.78,83.96,88.448,90.9886,94.0722,UP,1
2021-04-22,84.81,85.65,86.356,90.3278,94.0458,UP,1
2021-04-23,89.57,86.33,86.202,89.8082,94.013,UP,1
2021-04-26,93.14,89.4,87.252,89.319,93.9982,UP,1
2021-04-27,93.8,92.73,89.22,88.9378,93.9852,DOWN,0
2021-04-28,91.56,93.14,90.576,88.6178,94.0097,DOWN,0
2021-04-29,88.84,91.94,91.382,88.333,94.0094,DOWN,0
2021-04-30,85.77,86.38,90.622,87.9204,93.9959,DOWN,0
2021-05-03,80.17,86.33,88.028,87.4228,93.9702,DOWN,0
2021-05-04,77.86,79.035,84.84,86.986,93.923,DOWN,0
2021-05-05,76.74,78.91,81.876,86.5474,93.846,DOWN,0
2021-05-06,71.36,75.68,78.38,85.9874,93.7492,UP,1
2021-05-07,77.29,79.34,76.684,85.6332,93.6881,DOWN,0
2021-05-10,76.86,76.5,76.022,85.2622,93.6463,UP,1
2021-05-11,78.62,73.14,76.174,84.8824,93.6152,DOWN,0
2021-05-12,76.84,77.67,76.194,84.549,93.5603,UP,1
2021-05-13,77.39,77.97,77.4,84.2968,93.5058,UP,1
2021-05-14,82.51,78.14,78.444,84.247,93.4677,DOWN,0
2021-05-17,81.03,80.08,79.278,84.2236,93.4091,UP,1
2021-05-18,83.11,81.7059,80.176,84.3354,93.3553,UP,1
2021-05-19,83.67,81.3,81.542,84.3688,93.2953,UP,1
2021-05-20,88.12,84.75,83.688,84.5172,93.2648,UP,1
2021-05-21,88.95,90.21,84.976,84.5714,93.238,UP,1
2021-05-24,89.76,89.5,86.722,84.7066,93.2367,DOWN,0
2021-05-25,89.58,89.9,88.016,84.746,93.3082,UP,1
2021-05-26,91.43,90.65,89.568,84.8472,93.3835,UP,1
2021-05-27,92.31,90.14,90.406,84.9626,93.4667,DOWN,0
2021-05-28,91.05,93.27,90.826,85.1458,93.5389,UP,1
2021-06-01,91.88,91.35,91.25,85.3028,93.5862,DOWN,0
2021-06-02,91.6,91.5,91.654,85.4312,93.638,DOWN,0
2021-06-03,88.69,91.19,91.106,85.5016,93.6642,DOWN,0
2021-06-04,88.45,88.98,90.334,85.6454,93.6891,UP,1
2021-06-07,90.62,87.82,90.248,85.8926,93.7299,UP,1
2021-06-08,92.48,91.49,90.368,86.1364,93.7634,DOWN,0
2021-06-09,91.72,92.44,90.392,86.43,93.7914,UP,1
2021-06-10,94.5,91.56,91.554,86.7726,93.8422,UP,1
2021-06-11,95.48,94.91,92.96,87.0154,93.9007,UP,1
2021-06-14,97.25,96.0,94.286,87.2164,93.9556,DOWN,0
2021-06-15,96.59,96.92,95.108,87.4834,94.0208,UP,1
2021-06-16,98.38,96.6,96.44,87.6732,94.0978,UP,1
2021-06-17,101.75,97.26,97.89,87.9762,94.1888,UP,1
2021-06-18,103.26,102.52,99.446,88.275,94.2763,DOWN,0
2021-06-21,102.35,101.75,100.466,88.546,94.3671,UP,1
2021-06-22,104.54,102.63,102.056,88.8276,94.4893,UP,1
2021-06-23,106.53,104.74,103.686,89.074,94.6241,DOWN,0
2021-06-24,106.44,106.91,104.624,89.3378,94.7564,DOWN,0
2021-06-25,106.06,106.7,105.184,89.5536,94.8768,UP,1
2021-06-28,106.44,106.0,106.002,89.8756,95.0056,UP,1
2021-06-29,107.2,106.5,106.534,90.2618,95.1398,DOWN,0
2021-06-30,104.08,106.58,106.044,90.6642,95.2383,UP,1
2021-07-01,104.57,103.51,105.67,91.06,95.3184,UP,1
2021-07-02,106.47,105.32,105.752,91.4932,95.4039,UP,1
2021-07-06,108.68,106.66,106.2,91.8754,95.511,DOWN,0
2021-07-07,107.31,109.52,106.222,92.1588,95.6191,DOWN,0
2021-07-08,107.1,105.87,106.826,92.4248,95.7139,UP,1
2021-07-09,108.12,107.0,107.536,92.756,95.7875,DOWN,0
2021-07-12,107.76,109.23,107.794,93.1344,95.8708,DOWN,0
2021-07-13,106.59,107.64,107.376,93.5508,95.9619,DOWN,0
2021-07-14,104.67,107.16,106.848,94.0408,96.032,DOWN,0
2021-07-15,103.48,104.55,106.124,94.5532,96.0881,UP,1
2021-07-16,104.64,104.62,105.428,95.1112,96.1567,UP,1
2021-07-19,104.83,102.51,104.842,95.7806,96.1701,UP,1
2021-07-20,107.52,105.67,105.028,96.3852,96.1901,UP,1
2021-07-21,108.39,107.58,105.772,97.0158,96.2146,UP,1
2021-07-22,110.2,109.24,107.116,97.6474,96.2312,UP,1
2021-07-23,111.23,110.35,108.434,98.3352,96.2677,DOWN,0
2021-07-26,109.79,110.65,109.426,98.9832,96.2946,DOWN,0
2021-07-27,109.62,109.99,109.846,99.5254,96.3293,UP,1
2021-07-28,111.45,110.09,110.458,100.1338,96.3276,DOWN,0
2021-07-29,111.23,111.06,110.664,100.6962,96.3228,DOWN,0
2021-07-30,110.7,110.52,110.558,101.2368,96.292,UP,1
2021-08-02,111.63,110.85,110.926,101.707,96.2824,UP,1
2021-08-03,114.68,111.63,111.938,102.2216,96.2893,UP,1
2021-08-04,114.93,114.86,112.634,102.725,96.3022,UP,1
2021-08-05,132.47,131.64,116.882,103.5828,96.4062,DOWN,0
2021-08-06,131.92,129.8198,121.126,104.3926,96.5229,DOWN,0
2021-08-09,130.0,128.68,124.8,105.1464,96.662,DOWN,0
2021-08-10,125.3,130.21,126.924,105.8314,96.7938,UP,1
2021-08-11,128.21,125.105,129.58,106.558,96.9244,UP,1
2021-08-12,130.28,127.4,129.142,107.3316,97.0771,UP,1
2021-08-13,135.49,131.05,129.856,108.2676,97.2479,DOWN,0
2021-08-16,133.52,135.51,130.56,109.169,97.4303,DOWN,0
2021-08-17,133.0,132.625,132.1,110.0166,97.6133,DOWN,0
2021-08-18,132.68,133.0,132.994,110.8206,97.8229,DOWN,0
2021-08-19,132.42,131.3,133.422,111.6346,98.0433,DOWN,0
2021-08-20,131.15,131.71,132.554,112.3676,98.2484,UP,1
2021-08-23,132.5,131.07,132.35,113.108,98.4228,UP,1
2021-08-24,135.48,133.7,132.846,113.8726,98.5905,UP,1
2021-08-25,135.63,135.45,133.436,114.6534,98.7669,DOWN,0
2021-08-26,131.3,135.09,133.212,115.3118,98.9489,UP,1
2021-08-27,134.84,131.865,133.95,115.9736,99.1601,UP,1
2021-08-30,136.63,135.61,134.776,116.641,99.4091,UP,1
2021-08-31,137.8,136.99,135.24,117.35,99.6481,DOWN,0
2021-09-01,135.77,138.08,135.268,117.9746,99.8978,UP,1
2021-09-02,137.09,136.63,136.426,118.5858,100.1515,UP,1
2021-09-03,138.06,137.22,137.07,119.2182,100.4013,DOWN,0
2021-09-07,137.36,138.18,137.216,119.8442,100.6516,UP,1
2021-09-08,139.57,136.03,137.57,120.5068,100.905,UP,1
2021-09-09,140.9,140.0,138.596,121.1808,101.1641,DOWN,0
2021-09-10,137.15,141.74,138.608,121.8422,101.3946,DOWN,0
2021-09-13,135.23,137.28,138.042,122.4554,101.6249,UP,1
2021-09-14,138.12,135.72,138.194,123.0884,101.8479,UP,1
2021-09-15,139.11,137.49,138.102,123.697,102.0614,UP,1
2021-09-16,144.14,139.19,138.75,124.4336,102.2875,DOWN,0
2021-09-17,143.13,144.93,139.946,125.1542,102.5248,DOWN,0
2021-09-20,142.25,138.6,141.35,125.8368,102.7685,UP,1
2021-09-21,145.38,143.32,142.802,126.5892,103.0086,UP,1
2021-09-22,148.69,145.83,144.718,127.4312,103.2442,DOWN,0
2021-09-23,147.5,150.67,145.39,128.2878,103.4859,DOWN,0
2021-09-24,147.32,146.3,146.228,129.1646,103.7233,DOWN,0
2021-09-27,142.0,145.57,146.178,129.9118,103.955,DOWN,0
2021-09-28,137.4,138.86,144.582,130.5632,104.1344,UP,1
2021-09-29,138.14,138.82,142.472,131.1756,104.3302,UP,1
2021-09-30,141.35,138.98,141.242,131.8348,104.5256,UP,1
2021-10-01,144.69,142.02,140.716,132.5246,104.7429,DOWN,0
2021-10-04,137.1,143.59,139.736,133.042,104.9056,UP,1
2021-10-05,141.89,137.23,140.634,133.684,105.0716,UP,1
2021-10-06,143.31,140.87,141.668,134.3578,105.2495,DOWN,0
2021-10-07,142.1,143.56,141.818,134.9708,105.4277,DOWN,0
2021-10-08,140.32,143.18,140.944,135.5526,105.574,UP,1
2021-10-11,141.96,139.005,141.916,136.1778,105.7466,UP,1
2021-10-12,145.59,143.99,142.656,136.857,105.9431,UP,1
2021-10-13,155.89,146.86,145.172,137.6812,106.2215,DOWN,0
2021-10-14,153.36,157.5,147.424,138.4498,106.4937,UP,1
2021-10-15,154.48,153.72,150.256,138.89,106.7695,UP,1
2021-10-18,157.42,154.95,153.348,139.4,107.0644,UP,1
2021-10-19,157.94,158.0,155.818,139.9588,107.398,UP,1
2021-10-20,158.85,159.43,156.41,140.6298,107.7271,UP,1
2021-10-21,160.92,159.45,157.922,141.284,108.075,UP,1
2021-10-22,162.39,160.94,159.504,141.9262,108.4038,DOWN,0
2021-10-25,161.58,161.98,160.336,142.448,108.712,UP,1
2021-10-26,163.87,164.58,161.522,143.055,109.0101,DOWN,0
2021-10-27,157.09,163.0,161.17,143.5368,109.2676,UP,1
2021-10-28,161.0,156.175,161.186,144.1032,109.5484,UP,1
2021-10-29,167.05,161.92,162.118,144.7958,109.8744,DOWN,0
2021-11-01,165.2,167.46,162.842,145.4768,110.2012,DOWN,0
2021-11-02,164.88,166.03,163.044,146.1244,110.5302,DOWN,0
2021-11-03,162.79,164.5,164.184,146.6706,110.8227,UP,1
2021-11-04,166.95,163.0,165.374,147.297,111.1408,UP,1
2021-11-05,185.51,193.89,169.066,148.3812,111.5433,UP,1
2021-11-08,191.35,186.2862,174.296,149.5114,111.9552,UP,1
2021-11-09,196.56,195.6034,180.632,150.71,112.4204,DOWN,0
2021-11-10,188.8,194.0,185.834,151.73,112.8744,UP,1
2021-11-11,190.34,191.05,190.512,152.8214,113.3261,UP,1
2021-11-12,193.03,190.79,192.016,153.9402,113.7775,DOWN,0
2021-11-15,191.0,194.585,191.946,154.999,114.2236,UP,1
2021-11-16,193.26,188.1484,191.286,156.117,114.6598,DOWN,0
2021-11-17,190.26,193.75,191.578,157.1308,115.0585,UP,1
2021-11-18,190.6,191.39,191.63,158.1248,115.4519,UP,1
2021-11-19,192.6,197.6962,191.544,159.2338,115.8404,DOWN,0
2021-11-22,180.75,193.0,189.494,160.1442,116.1621,DOWN,0
2021-11-23,179.42,170.61,186.726,160.9702,116.4699,UP,1
2021-11-24,180.34,174.57,184.742,161.7948,116.7939,UP,1
2021-11-26,181.25,180.0,182.872,162.537,117.1121,UP,1
2021-11-29,182.99,183.8,180.95,163.3342,117.4628,DOWN,0
2021-11-30,178.29,183.28,180.458,164.055,117.8164,DOWN,0
2021-12-01,164.53,182.85,177.48,164.438,118.1237,UP,1
2021-12-02,169.44,159.6,175.3,164.853,118.4389,DOWN,0
2021-12-03,164.22,168.88,171.894,165.1874,118.7347,DOWN,0
2021-12-06,161.41,160.43,167.578,165.4692,119.0433,UP,1
2021-12-07,177.01,165.37,167.322,166.1694,119.435,UP,1
2021-12-08,183.16,177.59,171.048,167.0846,119.854,DOWN,0
2021-12-09,175.41,183.5,172.242,167.83,120.256,DOWN,0
2021-12-10,174.56,177.71,174.31,168.4942,120.6518,DOWN,0
2021-12-13,172.03,174.94,176.434,169.041,121.0239,DOWN,0
2021-12-14,160.78,157.32,173.188,169.5146,121.3602,UP,1
2021-12-15,171.02,161.22,170.76,170.0972,121.7653,DOWN,0
2021-12-16,164.05,172.4,168.488,170.512,122.1606,UP,1
2021-12-17,170.16,160.0,167.608,171.0732,122.6004,DOWN,0
2021-12-20,164.38,163.8,166.078,171.5544,123.0347,UP,1
2021-12-21,177.49,166.99,169.42,172.265,123.5121,UP,1
2021-12-22,179.68,176.98,171.152,172.9468,124.007,UP,1
2021-12-23,180.36,179.41,174.414,173.4362,124.4776,UP,1
2021-12-27,183.47,182.0,177.076,174.0384,124.98,DOWN,0
2021-12-28,177.42,185.7,179.684,174.4972,125.429,UP,1
2021-12-29,179.71,176.81,180.128,174.943,125.8957,DOWN,0
2021-12-30,178.93,179.99,179.978,175.3628,126.3577,DOWN,0
2021-12-31,178.11,179.19,179.528,175.748,126.8388,DOWN,0
2022-01-03,163.83,178.75,175.6,175.8062,127.2378,DOWN,0
2022-01-04,157.76,163.44,171.668,175.7136,127.6007,DOWN,0
2022-01-05,145.52,152.45,164.83,175.3924,127.9024,DOWN,0
2022-01-06,143.89,145.6885,157.822,174.9928,128.2156,DOWN,0
2022-01-07,143.79,144.0,150.958,174.7268,128.5432,UP,1
2022-01-10,146.33,139.78,147.458,174.4334,128.8734,UP,1
2022-01-11,148.6,144.8,145.626,174.0644,129.2312,DOWN,0
2022-01-12,146.33,150.38,145.788,173.687,129.576,DOWN,0
2022-01-13,135.13,145.75,144.036,173.092,129.835,UP,1
2022-01-14,138.28,135.34,142.934,172.6018,130.0904,DOWN,0
2022-01-18,131.87,132.96,140.042,171.9002,130.3335,DOWN,0
2022-01-19,130.91,133.205,136.504,170.8082,130.5436,DOWN,0
2022-01-20,130.01,132.88,133.24,169.5814,130.7607,DOWN,0
2022-01-21,125.55,128.26,131.324,168.1612,130.9468,UP,1
2022-01-24,136.07,121.745,130.882,167.1066,131.1832,DOWN,0
2022-01-25,125.14,134.19,129.536,165.8026,131.3566,UP,1
2022-01-26,128.04,132.54,128.962,164.5028,131.5257,UP,1
2022-01-27,128.15,131.28,128.59,163.2458,131.7002,UP,1
2022-01-28,136.96,130.31,130.872,162.1198,131.9087,UP,1
2022-01-31,146.11,136.96,132.88,161.2368,132.1875,UP,1
2022-02-01,147.78,147.89,137.408,160.3804,132.487,DOWN,0
2022-02-02,142.2,146.27,140.24,159.3724,132.7782,DOWN,0
2022-02-03,138.02,138.11,142.214,158.5178,133.0444,UP,1
2022-02-04,150.26,141.86,144.874,157.9346,133.3716,UP,1
2022-02-07,152.62,150.75,146.176,157.3802,133.6869,DOWN,0
2022-02-08,151.73,149.25,146.966,156.7898,133.9798,UP,1
2022-02-09,155.5,152.9207,149.626,156.24,134.2883,UP,1
2022-02-10,174.6,170.365,156.942,156.1662,134.7035,DOWN,0
2022-02-11,167.4,176.42,160.37,156.2236,135.0963,DOWN,0
2022-02-14,164.35,164.39,162.716,156.1218,135.4892,UP,1
2022-02-15,168.99,169.2,166.168,156.2172,135.9333,UP,1
2022-02-16,173.92,165.81,169.852,156.4674,136.4136,DOWN,0
2022-02-17,165.81,170.34,168.094,156.2434,136.859,DOWN,0
2022-02-18,159.02,167.47,166.418,155.7606,137.2973,DOWN,0
2022-02-22,158.94,160.9,165.336,155.4312,137.7055,DOWN,0
2022-02-23,149.44,156.445,161.426,154.9288,138.0684,UP,1
2022-02-24,159.86,143.75,158.614,154.6854,138.4746,UP,1
2022-02-25,161.41,159.44,157.734,154.698,138.8975,DOWN,0
2022-02-28,161.11,162.1,158.152,154.4998,139.3161,DOWN,0
2022-03-01,159.97,160.24,158.358,154.4182,139.7034,UP,1
2022-03-02,164.48,159.0,161.366,154.3046,140.1206,DOWN,0
2022-03-03,148.46,159.58,159.086,153.9862,140.4474,DOWN,0
2022-03-04,142.19,149.0,155.242,153.2802,140.74,DOWN,0
2022-03-07,130.11,144.44,149.042,152.2888,140.9499,DOWN,0
2022-03-08,127.13,129.99,142.474,151.2242,141.1408,UP,1
2022-03-09,142.83,133.15,138.144,150.4114,141.4062,DOWN,0
2022-03-10,140.16,139.63,136.484,149.6662,141.6591,DOWN,0
2022-03-11,127.02,142.43,133.45,148.6124,141.837,DOWN,0
2022-03-14,118.76,127.0,131.18,147.409,141.9693,UP,1
2022-03-15,120.94,120.355,129.942,146.2656,142.1187,UP,1
2022-03-16,132.24,123.96,127.824,145.6338,142.3205,UP,1
2022-03-17,137.74,131.29,127.34,145.2334,142.5512,UP,1
2022-03-18,145.76,136.44,131.088,145.2382,142.8366,DOWN,0
2022-03-21,140.14,142.89,135.364,145.1632,143.095,UP,1
2022-03-22,148.65,142.19,140.906,145.2604,143.3852,DOWN,0
2022-03-23,146.44,145.5,143.746,145.2626,143.655,UP,1
2022-03-24,152.21,147.94,146.64,145.3348,143.9574,DOWN,0
2022-03-25,146.84,152.0,146.856,145.345,144.2191,UP,1
2022-03-28,149.35,146.36,148.698,145.6294,144.4885,UP,1
2022-03-29,155.41,153.96,150.05,145.972,144.7793,DOWN,0
2022-03-30,149.66,153.0,150.694,146.3278,145.0446,UP,1
2022-03-31,151.47,150.73,150.546,146.739,145.3101,UP,1
2022-04-01,153.5,150.98,151.878,147.2088,145.5688,UP,1
2022-04-04,156.56,154.03,153.32,147.829,145.8353,DOWN,0
2022-04-05,146.9,156.85,151.618,148.0456,146.0581,DOWN,0
2022-04-06,137.27,142.43,149.14,148.2882,146.2217,DOWN,0
2022-04-07,137.24,136.11,146.294,148.4722,146.3753,DOWN,0
2022-04-08,134.29,134.79,142.452,148.595,146.5145,UP,1
2022-04-11,135.09,131.63,138.158,148.5576,146.6597,UP,1
2022-04-12,135.5,140.0,135.878,148.3454,146.805,UP,1
2022-04-13,142.87,134.95,136.998,148.2472,146.9833,DOWN,0
2022-04-14,136.04,142.67,136.758,148.124,147.1431,DOWN,0
2022-04-18,131.11,135.0,136.122,147.9858,147.2758,UP,1
2022-04-19,137.28,131.43,136.56,147.7262,147.4299,DOWN,0
2022-04-20,131.62,138.58,135.784,147.3062,147.5446,DOWN,0
2022-04-21,121.82,133.65,131.574,146.708,147.6171,DOWN,0
2022-04-22,118.4,123.41,128.046,145.966,147.6736,UP,1
2022-04-25,121.68,118.49,126.16,144.9076,147.7414,DOWN,0
2022-04-26,119.35,121.61,122.574,143.9466,147.7994,UP,1
2022-04-27,120.44,122.61,120.338,143.0684,147.8686,UP,1
2022-04-28,128.47,124.09,121.668,142.258,147.9876,DOWN,0
2022-04-29,120.78,126.51,122.144,141.1952,148.0741,DOWN,0
2022-05-02,120.2,119.94,121.848,140.283,148.1519,DOWN,0
2022-05-03,114.89,119.07,120.956,139.4004,148.2022,UP,1
2022-05-04,119.0,116.07,120.668,138.6016,148.2596,DOWN,0
2022-05-05,111.87,118.0,117.348,137.8502,148.277,DOWN,0
2022-05-06,110.0,109.75,115.192,136.853,148.276,DOWN,0
2022-05-09,97.53,105.1,110.658,135.5754,148.2075,UP,1
2022-05-10,98.31,101.35,107.342,134.3194,148.1501,DOWN,0
2022-05-11,97.87,96.13,103.116,133.0774,148.0914,UP,1
2022-05-12,98.83,95.5,100.508,131.7644,148.0283,UP,1
2022-05-13,108.86,103.15,100.28,130.9724,148.0164,DOWN,0
2022-05-16,97.19,106.83,100.212,130.0724,147.9489,DOWN,0
2022-05-17,95.05,100.38,99.56,129.3712,147.866,DOWN,0
2022-05-18,88.07,94.13,97.6,128.59,147.7329,UP,1
2022-05-19,96.525,89.83,97.139,127.6639,147.6409,DOWN,0
2022-05-20,94.79,98.52,94.325,126.7565,147.4525,DOWN,0
2022-05-23,93.93,94.53,93.673,126.0947,147.2625,DOWN,0
2022-05-24,85.81,91.93,91.825,125.4357,147.0416,UP,1
2022-05-25,88.73,84.69,91.957,124.7915,146.8587,UP,1
2022-05-26,89.63,83.21,90.578,123.9393,146.6658,UP,1
2022-05-27,98.07,91.02,91.234,123.1459,146.5048,DOWN,0
2022-05-31,95.39,98.16,91.526,122.1385,146.3043,UP,1
2022-06-01,97.5,96.84,93.864,121.2857,146.1242,UP,1
2022-06-02,110.08,97.39,98.134,120.5143,146.0096,DOWN,0
2022-06-03,105.44,106.82,101.296,119.6943,145.8734,DOWN,0
2022-06-06,103.16,108.38,102.314,118.7133,145.7271,UP,1
2022-06-07,108.06,101.58,104.848,117.9377,145.6116,DOWN,0
2022-06-08,107.35,106.56,106.818,117.0977,145.4859,DOWN,0
2022-06-09,103.64,107.33,105.53,116.0623,145.3267,DOWN,0
2022-06-10,96.2,100.895,103.682,114.9931,145.1295,DOWN,0
2022-06-13,86.14,90.63,100.278,113.6865,144.9037,UP,1
2022-06-14,87.11,87.45,96.088,112.3587,144.6651,UP,1
2022-06-15,89.35,86.13,92.488,111.0145,144.4287,DOWN,0
2022-06-16,81.99,85.48,88.158,109.7163,144.1496,UP,1
2022-06-17,85.63,82.31,86.044,108.6835,143.8989,UP,1
2022-06-21,90.31,88.0,86.878,107.7449,143.665,UP,1
2022-06-22,91.09,88.5,87.674,106.8809,143.4302,UP,1
2022-06-23,100.6,92.54,89.924,106.1911,143.2464,UP,1
2022-06-24,107.48,102.54,95.022,105.6307,143.0859,DOWN,0
2022-06-27,105.2,106.16,98.936,104.8773,142.9074,DOWN,0
2022-06-28,97.32,104.8,100.338,104.1029,142.7083,UP,1
2022-06-29,98.37,97.1,101.794,103.4481,142.524,DOWN,0
2022-06-30,95.24,97.08,100.722,102.6073,142.3096,UP,1
2022-07-01,101.05,95.25,99.436,101.9959,142.1193,UP,1
2022-07-05,108.38,100.92,100.072,101.7271,141.9405,DOWN,0
2022-07-06,108.03,108.85,102.214,101.5197,141.765,DOWN,0
2022-07-07,107.7,107.53,104.08,101.2401,141.5922,UP,1
2022-07-08,108.29,105.3,106.69,101.0189,141.4068,DOWN,0
2022-07-11,104.01,106.41,107.282,100.6903,141.1834,DOWN,0
2022-07-12,97.32,104.69,105.07,100.0673,140.9325,UP,1
2022-07-13,97.34,95.26,102.932,99.5985,140.6826,DOWN,0
2022-07-14,93.78,96.3,100.148,99.0701,140.4415,DOWN,0
2022-07-15,93.6,94.65,97.21,98.6443,140.2225,DOWN,0
2022-07-18,91.04,95.37,94.616,98.0851,139.987,UP,1
2022-07-19,92.96,92.85,93.744,97.7069,139.745,UP,1
2022-07-20,100.88,96.23,94.452,97.5245,139.526,UP,1
2022-07-21,101.23,100.37,95.942,97.5985,139.3466,DOWN,0
2022-07-22,93.79,100.9,95.98,97.5081,139.1061,DOWN,0
2022-07-25,90.49,94.0,95.87,97.3605,138.842,DOWN,0
2022-07-26,85.72,89.35,94.422,97.0983,138.5601,UP,1
2022-07-27,94.06,90.19,93.058,96.8023,138.3288,UP,1
2022-07-28,95.72,93.32,91.956,96.7729,138.0976,UP,1
2022-07-29,102.01,98.5,93.6,96.9121,137.8797,UP,1
2022-08-01,103.45,99.8,96.192,97.2197,137.6175,UP,1
2022-08-02,106.37,101.1,100.322,97.4166,137.3826,UP,1
2022-08-03,112.42,107.18,103.994,97.7692,137.1723,DOWN,0
2022-08-04,110.49,103.26,106.948,98.1004,136.9376,UP,1
2022-08-05,113.29,106.2,109.204,98.65,136.7144,DOWN,0
2022-08-08,112.98,113.29,111.11,99.135,136.485,DOWN,0
2022-08-09,109.76,110.95,111.788,99.5376,136.2292,UP,1
2022-08-10,117.76,116.46,112.856,99.9314,136.0061,DOWN,0
2022-08-11,114.78,119.51,113.714,100.3192,135.7721,UP,1
2022-08-12,115.72,116.0,114.2,100.6836,135.5313,UP,1
2022-08-15,116.2,115.25,114.844,100.806,135.3269,DOWN,0
2022-08-16,113.54,114.51,115.6,100.968,135.0896,DOWN,0
2022-08-17,110.02,111.09,114.052,101.1052,134.8044,DOWN,0
2022-08-18,109.45,109.29,112.986,101.133,134.5257,DOWN,0
2022-08-19,105.73,107.36,110.988,101.1006,134.2299,DOWN,0
2022-08-22,101.85,102.35,108.118,101.0648,133.9252,UP,1
2022-08-23,102.99,102.55,106.008,101.2006,133.6054,UP,1
2022-08-24,105.3,102.62,105.064,101.5838,133.2044,UP,1
2022-08-25,110.38,109.75,105.25,102.0492,132.7995,DOWN,0
2022-08-26,106.73,109.83,105.45,102.3968,132.3504,DOWN,0
2022-08-29,105.29,104.39,106.138,102.8628,131.9328,DOWN,0
2022-08-30,104.61,106.22,106.462,103.2424,131.5042,UP,1
2022-08-31,104.95,106.585,106.392,103.5352,131.0638,DOWN,0
2022-09-01,97.14,101.88,103.744,103.6562,130.5945,DOWN,0
2022-09-02,96.94,99.19,101.786,103.583,130.1129,DOWN,0
2022-09-06,92.33,96.63,99.194,103.28,129.6232,UP,1
2022-09-07,95.62,92.09,97.396,103.0884,129.1483,UP,1
2022-09-08,97.89,94.35,95.984,103.0998,128.6748,UP,1
2022-09-09,100.54,100.0,96.664,103.1432,128.2737,UP,1
2022-09-12,104.39,102.07,98.154,103.3262,127.8986,DOWN,0
2022-09-13,96.63,97.0,99.014,103.2378,127.48,UP,1
2022-09-14,97.03,98.34,99.296,103.0108,127.0589,DOWN,0
2022-09-15,95.36,95.26,98.79,102.7574,126.6208,DOWN,0
2022-09-16,91.25,91.76,96.932,102.4284,126.1856,UP,1
2022-09-19,93.8,90.35,94.814,102.1386,125.8319,DOWN,0
2022-09-20,93.57,92.97,94.202,101.9298,125.4526,UP,1
2022-09-21,94.51,95.5,93.698,101.8736,125.104,DOWN,0
2022-09-22,89.44,93.92,92.514,101.7156,124.7442,DOWN,0
2022-09-23,87.28,88.15,91.72,101.5856,124.2955,DOWN,0
2022-09-26,86.41,87.15,90.242,101.4418,123.8118,UP,1
2022-09-27,87.74,88.14,89.076,101.3758,123.3734,UP,1
2022-09-28,89.76,88.11,88.126,101.3118,122.9494,DOWN,0
2022-09-29,87.45,87.5,87.728,101.0432,122.5265,UP,1
2022-09-30,88.78,87.86,88.028,100.7942,122.1665,UP,1
2022-10-03,90.94,89.61,88.934,100.7372,121.7661,UP,1
2022-10-04,95.35,94.99,90.456,100.8344,121.4226,DOWN,0
2022-10-05,95.11,92.87,91.526,101.0222,121.0474,DOWN,0
2022-10-06,93.66,94.75,92.768,101.0142,120.6938,DOWN,0
2022-10-07,88.06,90.82,92.624,100.861,120.2466,DOWN,0
2022-10-10,84.02,87.61,91.24,100.5012,119.7683,DOWN,0
2022-10-11,82.72,84.83,88.714,100.0866,119.2801,DOWN,0
2022-10-12,82.35,82.63,86.162,99.6062,118.7745,DOWN,0
2022-10-13,80.9,77.34,83.61,98.9758,118.2919,DOWN,0
2022-10-14,75.69,82.62,81.136,98.2798,117.7718,UP,1
2022-10-17,80.79,79.36,80.49,97.6298,117.2811,UP,1
2022-10-18,81.78,84.825,80.302,97.0058,116.7995,DOWN,0
2022-10-19,79.0,80.243,79.632,96.3906,116.3753,UP,1
2022-10-20,82.34,81.725,79.92,95.6822,115.9982,DOWN,0
2022-10-21,82.15,80.9,81.212,95.0296,115.6814,UP,1
2022-10-24,82.43,82.98,81.54,94.3638,115.3741,UP,1
2022-10-25,88.75,82.98,82.934,93.8148,115.0989,DOWN,0
2022-10-26,81.5,81.585,83.434,93.174,114.7747,UP,1
2022-10-27,82.16,83.0,83.398,92.6168,114.4425,DOWN,0
2022-10-28,81.13,78.45,83.194,92.0504,114.1165,DOWN,0
2022-10-31,80.51,80.88,82.81,91.546,113.8434,UP,1
2022-11-01,80.8,83.24,81.22,91.125,113.556,DOWN,0
2022-11-02,74.48,79.12,79.816,90.5548,113.2691,UP,1
2022-11-03,75.01,78.8,78.386,89.949,112.9896,DOWN,0
2022-11-04,70.38,75.3,76.236,89.149,112.6914,DOWN,0
2022-11-07,69.48,71.1,74.03,88.404,112.4111,UP,1
2022-11-08,70.49,70.2,71.968,87.708,112.0832,DOWN,0
2022-11-09,67.22,69.6,70.516,86.9602,111.7936,UP,1
2022-11-10,76.52,76.09,70.818,86.3916,111.536,UP,1
2022-11-11,82.35,77.01,73.212,86.0958,111.307,DOWN,0
2022-11-14,78.12,81.3,74.94,85.7194,111.0128,UP,1
2022-11-15,86.1,82.435,78.062,85.5948,110.7127,DOWN,0
2022-11-16,82.44,84.5,81.106,85.3312,110.386,DOWN,0
2022-11-17,79.0,78.892,81.602,84.9534,110.07,DOWN,0
2022-11-18,76.52,80.22,80.436,84.473,109.7625,DOWN,0
2022-11-21,73.35,75.12,79.482,83.8522,109.378,DOWN,0
2022-11-22,72.33,73.35,76.728,83.3662,108.9765,UP,1
2022-11-23,75.31,72.59,75.302,82.9318,108.5944,DOWN,0
2022-11-25,74.84,74.67,74.47,82.5214,108.1911,DOWN,0
2022-11-28,73.47,74.36,73.86,82.1658,107.6855,DOWN,0
2022-11-29,72.06,73.98,73.602,81.731,107.2088,UP,1
2022-11-30,75.78,71.26,74.292,81.3752,106.7659,X,X
