ticker,DOW US Equity,DOW US Equity,DOW US Equity,DOW US Equity,DOW US Equity,Predictions,OneHotPred
field,PX_LAST,PX_OPEN,MOV_AVG_5D,MOV_AVG_50D,MOV_AVG_200D,,
date,,,,,,,
2019-03-20,49.8,52.75,,,,DOWN,0
2019-03-21,48.98,49.99,,,,DOWN,0
2019-03-22,48.6,48.8,,,,UP,1
2019-03-25,49.15,48.6,,,,DOWN,0
2019-03-26,48.85,49.0,49.076,,,UP,1
2019-03-27,50.1,49.0,49.136,,,UP,1
2019-03-28,50.85,50.9,49.51,,,UP,1
2019-03-29,51.63,49.52,50.116,,,UP,1
2019-04-01,53.5,52.3,50.986,,,UP,1
2019-04-02,56.25,55.12,52.466,,,UP,1
2019-04-03,56.88,57.08,53.822,,,UP,1
2019-04-04,59.71,57.2,55.594,,,DOWN,0
2019-04-05,57.24,58.39,56.716,,,DOWN,0
2019-04-08,57.15,56.5,57.446,,,DOWN,0
2019-04-09,56.27,56.8,57.45,,,DOWN,0
2019-04-10,55.71,55.99,57.216,,,DOWN,0
2019-04-11,54.89,55.7,56.252,,,UP,1
2019-04-12,58.3,55.93,56.464,,,DOWN,0
2019-04-15,57.78,58.57,56.59,,,UP,1
2019-04-16,58.5,58.71,57.036,,,DOWN,0
2019-04-17,58.32,58.95,57.558,,,DOWN,0
2019-04-18,57.77,58.36,58.134,,,UP,1
2019-04-22,57.89,57.48,58.052,,,DOWN,0
2019-04-23,57.64,57.29,58.024,,,DOWN,0
2019-04-24,55.98,57.49,57.52,,,DOWN,0
2019-04-25,55.33,55.76,56.922,,,DOWN,0
2019-04-26,55.25,55.3,56.418,,,UP,1
2019-04-29,55.5,55.05,55.94,,,UP,1
2019-04-30,56.73,55.76,55.758,,,DOWN,0
2019-05-01,56.13,56.82,55.788,,,DOWN,0
2019-05-02,52.7,55.54,55.262,,,UP,1
2019-05-03,53.3,53.2,54.872,,,UP,1
2019-05-06,53.46,52.15,54.464,,,DOWN,0
2019-05-07,52.95,52.86,53.708,,,DOWN,0
2019-05-08,52.48,53.33,52.978,,,UP,1
2019-05-09,52.93,52.26,53.024,,,UP,1
2019-05-10,53.07,52.94,52.978,,,DOWN,0
2019-05-13,50.95,52.28,52.476,,,UP,1
2019-05-14,52.48,51.33,52.382,,,UP,1
2019-05-15,52.95,51.98,52.476,,,UP,1
2019-05-16,52.98,53.29,52.486,,,DOWN,0
2019-05-17,50.8,52.34,52.032,,,DOWN,0
2019-05-20,50.08,50.4,51.858,,,UP,1
2019-05-21,50.63,50.28,51.488,,,DOWN,0
2019-05-22,50.21,50.46,50.94,,,DOWN,0
2019-05-23,48.71,49.5,50.086,,,UP,1
2019-05-24,49.2,49.39,49.766,,,DOWN,0
2019-05-28,48.56,49.37,49.462,,,UP,1
2019-05-29,48.71,48.2,49.078,,,DOWN,0
2019-05-30,48.47,48.12,48.73,53.446,,DOWN,0
2019-05-31,46.76,47.96,48.34,53.3852,,UP,1
2019-06-03,47.96,46.85,48.092,53.3648,,UP,1
2019-06-04,49.93,48.68,48.366,53.3914,,UP,1
2019-06-05,50.34,50.49,48.692,53.4152,,UP,1
2019-06-06,51.06,50.28,49.21,53.4594,,UP,1
2019-06-07,51.3,51.13,50.118,53.4834,,UP,1
2019-06-10,51.62,51.72,50.85,53.4988,,UP,1
2019-06-11,52.04,52.0,51.272,53.507,,UP,1
2019-06-12,52.49,52.06,51.702,53.4868,,UP,1
2019-06-13,52.88,52.68,52.066,53.4194,,DOWN,0
2019-06-14,51.15,52.63,52.036,53.3048,,DOWN,0
2019-06-17,49.35,50.06,51.582,53.0976,,UP,1
2019-06-18,49.61,49.75,51.096,52.945,,DOWN,0
2019-06-19,48.5,49.95,50.298,52.772,,UP,1
2019-06-20,48.93,49.095,49.508,52.6252,,DOWN,0
2019-06-21,48.36,48.82,48.95,52.4782,,UP,1
2019-06-24,49.58,48.51,48.996,52.372,,UP,1
2019-06-25,49.69,49.49,49.012,52.1998,,UP,1
2019-06-26,50.45,49.85,49.402,52.0532,,UP,1
2019-06-27,50.91,50.61,49.798,51.9014,,DOWN,0
2019-06-28,49.31,51.04,49.988,51.7212,,UP,1
2019-07-01,50.16,50.0,50.104,51.569,,DOWN,0
2019-07-02,49.4,50.0,50.046,51.3992,,DOWN,0
2019-07-03,49.33,49.46,49.822,51.233,,DOWN,0
2019-07-05,49.31,49.01,49.502,51.0996,,DOWN,0
2019-07-08,48.52,49.34,49.344,50.9634,,DOWN,0
2019-07-09,47.87,48.3,48.886,50.8158,,DOWN,0
2019-07-10,47.55,48.34,48.516,50.6568,,UP,1
2019-07-11,47.78,47.73,48.206,50.4778,,UP,1
2019-07-12,49.71,48.46,48.286,50.3494,,UP,1
2019-07-15,50.93,49.77,48.768,50.314,,UP,1
2019-07-16,52.32,50.95,49.658,50.2944,,DOWN,0
2019-07-17,51.6,52.16,50.468,50.2572,,UP,1
2019-07-18,51.75,51.55,51.262,50.2332,,DOWN,0
2019-07-19,51.52,51.77,51.624,50.214,,DOWN,0
2019-07-22,50.88,51.5041,51.614,50.173,,UP,1
2019-07-23,52.62,51.0,51.674,50.164,,UP,1
2019-07-24,52.79,52.5,51.912,50.2008,,DOWN,0
2019-07-25,50.77,51.64,51.716,50.1666,,DOWN,0
2019-07-26,49.11,50.27,51.234,50.0898,,DOWN,0
2019-07-29,48.05,48.52,50.668,49.9912,,UP,1
2019-07-30,48.4,47.78,49.824,49.9432,,UP,1
2019-07-31,48.44,48.49,48.954,49.9104,,DOWN,0
2019-08-01,46.85,48.15,48.17,49.8348,,DOWN,0
2019-08-02,45.6,46.69,47.468,49.7426,,DOWN,0
2019-08-05,44.77,45.06,46.812,49.6638,,DOWN,0
2019-08-06,44.43,45.11,46.018,49.5684,,UP,1
2019-08-07,44.89,44.1,45.308,49.495,,UP,1
2019-08-08,46.79,45.1972,45.296,49.4566,,DOWN,0
2019-08-09,46.64,46.42,45.504,49.42,,DOWN,0
2019-08-12,45.69,46.39,45.688,49.3986,,UP,1
2019-08-13,46.85,45.78,46.172,49.3764,,DOWN,0
2019-08-14,44.08,45.8,46.01,49.2594,,DOWN,0
2019-08-15,43.38,44.34,45.328,49.1202,,UP,1
2019-08-16,44.51,43.29,44.902,48.9892,,UP,1
2019-08-19,45.6,45.36,44.884,48.8752,,DOWN,0
2019-08-20,43.16,45.25,44.146,48.706,,UP,1
2019-08-21,43.28,43.85,43.986,48.5308,,DOWN,0
2019-08-22,42.05,43.32,43.72,48.322,,DOWN,0
2019-08-23,40.71,42.0,42.96,48.0786,,UP,1
2019-08-26,40.82,41.27,42.004,47.872,,UP,1
2019-08-27,41.17,41.19,41.606,47.7084,,UP,1
2019-08-28,42.52,41.15,41.454,47.5666,,DOWN,0
2019-08-29,42.37,42.33,41.518,47.444,,UP,1
2019-08-30,42.63,42.83,41.902,47.318,,DOWN,0
2019-09-03,41.8,42.14,42.098,47.1868,,UP,1
2019-09-04,42.54,42.59,42.372,47.046,,UP,1
2019-09-05,43.36,43.15,42.54,46.9194,,DOWN,0
2019-09-06,43.24,43.54,42.714,46.7752,,UP,1
2019-09-09,44.45,43.53,43.078,46.646,,UP,1
2019-09-10,46.32,45.1,43.982,46.5862,,UP,1
2019-09-11,46.88,46.52,44.85,46.5206,,UP,1
2019-09-12,46.97,47.07,45.572,46.472,,UP,1
2019-09-13,48.2,47.64,46.564,46.4494,,UP,1
2019-09-16,49.01,48.69,47.476,46.4434,,DOWN,0
2019-09-17,48.0,48.67,47.812,46.433,,DOWN,0
2019-09-18,47.51,47.9,47.938,46.4258,,UP,1
2019-09-19,47.64,48.12,48.072,46.4276,,UP,1
2019-09-20,48.21,47.47,48.074,46.4362,,DOWN,0
2019-09-23,47.91,47.39,47.854,46.4002,,DOWN,0
2019-09-24,46.6,47.78,47.574,46.3136,,UP,1
2019-09-25,47.68,46.55,47.608,46.2208,,DOWN,0
2019-09-26,47.23,47.51,47.526,46.1334,,DOWN,0
2019-09-27,47.07,47.4,47.298,46.0398,,UP,1
2019-09-30,47.65,47.26,47.246,45.9624,,DOWN,0
2019-10-01,45.97,47.94,47.12,45.8642,,DOWN,0
2019-10-02,44.93,44.67,46.57,45.7104,,UP,1
2019-10-03,45.31,44.85,46.186,45.5608,,UP,1
2019-10-04,45.34,45.18,45.84,45.4522,,DOWN,0
2019-10-07,45.17,45.08,45.344,45.3734,,DOWN,0
2019-10-08,43.85,44.75,44.92,45.2894,,UP,1
2019-10-09,44.01,44.39,44.736,45.2016,,UP,1
2019-10-10,44.92,44.33,44.658,45.1312,,UP,1
2019-10-11,47.13,45.75,45.016,45.1368,,DOWN,0
2019-10-14,46.82,46.72,45.346,45.1612,,UP,1
2019-10-15,47.2,46.82,46.016,45.2098,,DOWN,0
2019-10-16,47.12,47.49,46.638,45.2636,,UP,1
2019-10-17,47.81,47.44,47.216,45.322,,UP,1
2019-10-18,47.96,47.91,47.382,45.3454,,DOWN,0
2019-10-21,47.12,48.59,47.442,45.355,,DOWN,0
2019-10-22,46.82,47.08,47.366,45.3776,,UP,1
2019-10-23,47.23,46.78,47.388,45.3852,,UP,1
2019-10-24,49.47,48.65,47.72,45.493,,UP,1
2019-10-25,50.48,49.78,48.224,45.635,,UP,1
2019-10-28,51.21,50.75,49.042,45.769,,UP,1
2019-10-29,51.49,50.96,49.976,45.8868,,DOWN,0
2019-10-30,51.03,51.2,50.736,46.0442,,DOWN,0
2019-10-31,50.49,50.88,50.94,46.1884,,UP,1
2019-11-01,52.31,50.98,51.306,46.3936,,UP,1
2019-11-04,54.17,52.65,51.898,46.6628,,UP,1
2019-11-05,54.2,54.01,52.44,46.9304,,UP,1
2019-11-06,54.28,54.16,53.09,47.1926,,UP,1
2019-11-07,55.8,54.94,54.152,47.4582,,UP,1
2019-11-08,55.99,55.5,54.888,47.7306,,DOWN,0
2019-11-11,55.81,55.55,55.216,47.9942,,DOWN,0
2019-11-12,55.16,56.0,55.408,48.2614,,DOWN,0
2019-11-13,53.66,54.19,55.284,48.4838,,UP,1
2019-11-14,53.95,53.3,54.914,48.6956,,UP,1
2019-11-15,54.86,54.27,54.688,48.928,,DOWN,0
2019-11-18,54.32,54.75,54.39,49.1254,,DOWN,0
2019-11-19,53.39,54.81,54.036,49.2668,,DOWN,0
2019-11-20,52.67,53.14,53.838,49.3826,,UP,1
2019-11-21,53.88,52.71,53.824,49.5208,,UP,1
2019-11-22,54.2,53.98,53.692,49.6408,,UP,1
2019-11-25,55.2,54.82,53.868,49.7646,,UP,1
2019-11-26,55.37,55.2,54.264,49.912,,DOWN,0
2019-11-27,54.28,54.68,54.586,50.0474,,DOWN,0
2019-11-29,53.37,54.01,54.484,50.162,,DOWN,0
2019-12-02,53.16,53.0,54.276,50.261,,DOWN,0
2019-12-03,51.82,51.96,53.6,50.3392,,UP,1
2019-12-04,52.28,53.49,52.982,50.4528,,DOWN,0
2019-12-05,52.0,52.53,52.526,50.5392,,UP,1
2019-12-06,53.22,52.59,52.496,50.659,,UP,1
2019-12-09,53.27,53.96,52.518,50.783,,DOWN,0
2019-12-10,53.13,53.36,52.78,50.8926,,DOWN,0
2019-12-11,53.1,53.5,52.944,51.0352,,UP,1
2019-12-12,54.45,53.25,53.434,51.2256,,DOWN,0
2019-12-13,53.28,54.64,53.446,51.385,,UP,1
2019-12-16,54.17,53.61,53.626,51.5616,,UP,1
2019-12-17,54.66,54.1,53.932,51.7514,,DOWN,0
2019-12-18,54.25,54.36,54.162,51.9594,,UP,1
2019-12-19,54.52,54.43,54.176,52.1696,,UP,1
2019-12-20,54.61,55.05,54.442,52.3634,,UP,1
2019-12-23,54.93,54.49,54.594,52.5194,,DOWN,0
2019-12-24,54.9,55.0,54.642,52.681,,UP,1
2019-12-26,55.22,54.98,54.836,52.8414,,DOWN,0
2019-12-27,54.83,55.29,54.898,52.9956,,DOWN,0
2019-12-30,54.34,54.86,54.844,53.1262,,UP,1
2019-12-31,54.73,54.02,54.804,53.2616,,DOWN,0
2020-01-02,53.75,55.23,54.574,53.3942,50.4038,DOWN,0
2020-01-03,52.42,53.11,54.014,53.5062,50.4169,DOWN,0
2020-01-06,52.21,52.32,53.49,53.6058,50.4331,DOWN,0
2020-01-07,52.19,52.29,53.06,53.6602,50.451,UP,1
2020-01-08,52.73,52.41,52.66,53.7052,50.4689,DOWN,0
2020-01-09,52.19,52.75,52.348,53.7248,50.4856,DOWN,0
2020-01-10,51.5,52.86,52.164,53.725,50.4926,UP,1
2020-01-13,52.35,51.5,52.192,53.7514,50.5001,DOWN,0
2020-01-14,52.24,52.19,52.202,53.7864,50.5032,UP,1
2020-01-15,52.27,52.19,52.11,53.7856,50.497,UP,1
2020-01-16,52.48,52.58,52.168,53.7518,50.4782,UP,1
2020-01-17,53.34,52.53,52.536,53.7346,50.4605,DOWN,0
2020-01-21,52.6,52.98,52.586,53.701,50.4249,DOWN,0
2020-01-22,50.87,52.73,52.312,53.6024,50.3931,DOWN,0
2020-01-23,50.25,50.22,51.908,53.4876,50.3586,DOWN,0
2020-01-24,48.49,49.88,51.11,53.3412,50.3197,DOWN,0
2020-01-27,47.18,47.31,49.878,53.1816,50.277,DOWN,0
2020-01-28,47.16,47.4,48.79,53.0516,50.2384,UP,1
2020-01-29,49.67,48.98,48.55,52.966,50.1952,DOWN,0
2020-01-30,48.47,48.31,48.194,52.8382,50.1487,DOWN,0
2020-01-31,46.07,47.7,47.71,52.6732,50.0865,UP,1
2020-02-03,46.74,46.31,47.622,52.5402,50.0286,UP,1
2020-02-04,48.05,47.65,47.8,52.4478,49.98,UP,1
2020-02-05,49.61,48.88,47.788,52.3624,49.9386,DOWN,0
2020-02-06,49.2,49.61,47.934,52.2624,49.8964,DOWN,0
2020-02-07,48.03,48.54,48.326,52.119,49.8567,UP,1
2020-02-10,48.19,47.8,48.616,51.9754,49.821,UP,1
2020-02-11,48.79,48.54,48.764,51.8656,49.7887,UP,1
2020-02-12,49.38,49.69,48.718,51.7858,49.7581,DOWN,0
2020-02-13,48.3,48.9,48.538,51.6886,49.7159,UP,1
2020-02-14,48.63,48.51,48.658,51.6248,49.6784,DOWN,0
2020-02-18,47.74,48.19,48.568,51.534,49.6536,DOWN,0
2020-02-19,47.56,47.82,48.322,51.4452,49.6249,UP,1
2020-02-20,48.76,47.52,48.198,51.356,49.6014,DOWN,0
2020-02-21,48.3,48.58,48.198,51.2566,49.5782,DOWN,0
2020-02-24,46.24,46.61,47.72,51.1188,49.547,DOWN,0
2020-02-25,43.95,46.5,46.962,50.9358,49.5021,DOWN,0
2020-02-26,43.05,44.45,46.06,50.7078,49.452,DOWN,0
2020-02-27,39.55,41.33,44.218,50.4332,49.395,UP,1
2020-02-28,40.41,38.12,42.64,50.158,49.3346,UP,1
2020-03-02,41.42,41.05,41.676,49.8932,49.277,DOWN,0
2020-03-03,40.56,41.35,40.998,49.6194,49.2149,UP,1
2020-03-04,41.91,41.45,40.77,49.3672,49.1704,DOWN,0
2020-03-05,40.1,40.03,40.88,49.077,49.1205,DOWN,0
2020-03-06,38.97,38.72,40.592,48.7578,49.0622,DOWN,0
2020-03-09,30.53,34.75,38.414,48.2704,48.9638,UP,1
2020-03-10,31.4,32.51,36.582,47.794,48.8773,DOWN,0
2020-03-11,27.99,30.19,33.798,47.2572,48.7712,DOWN,0
2020-03-12,23.67,25.45,30.512,46.6438,48.6468,UP,1
2020-03-13,25.69,27.93,27.856,46.063,48.5317,DOWN,0
2020-03-16,22.0,23.1,26.15,45.428,48.3993,UP,1
2020-03-17,26.6,25.67,25.19,44.9116,48.2985,DOWN,0
2020-03-18,26.44,24.84,24.88,44.3962,48.1909,UP,1
2020-03-19,28.12,26.28,25.77,43.9148,48.0819,DOWN,0
2020-03-20,27.44,28.59,26.12,43.409,47.9674,DOWN,0
2020-03-23,26.58,27.14,27.036,42.8968,47.845,UP,1
2020-03-24,28.47,28.66,27.41,42.4362,47.7308,UP,1
2020-03-25,30.38,29.18,28.198,41.9968,47.6246,DOWN,0
2020-03-26,29.68,30.28,28.51,41.5456,47.5128,DOWN,0
2020-03-27,28.56,28.0,28.734,41.0714,47.3932,UP,1
2020-03-30,28.65,28.31,29.148,40.5948,47.272,UP,1
2020-03-31,29.24,28.55,29.302,40.1128,47.1625,DOWN,0
2020-04-01,27.04,27.84,28.634,39.6016,47.0509,UP,1
2020-04-02,28.03,27.11,28.304,39.1448,46.943,DOWN,0
2020-04-03,27.97,27.78,28.186,38.6992,46.8404,UP,1
2020-04-06,30.54,29.53,28.564,38.3402,46.7484,UP,1
2020-04-07,32.33,32.76,29.182,38.0432,46.6683,UP,1
2020-04-08,34.79,32.97,30.732,37.7958,46.5943,UP,1
2020-04-09,36.56,35.75,32.438,37.5336,46.5287,DOWN,0
2020-04-13,35.23,36.47,33.89,37.2688,46.4526,UP,1
2020-04-14,35.37,36.37,34.856,37.0548,46.3749,DOWN,0
2020-04-15,32.23,33.85,34.836,36.7646,46.2895,DOWN,0
2020-04-16,31.63,32.69,34.204,36.4362,46.1968,UP,1
2020-04-17,33.42,33.04,33.576,36.1124,46.1169,DOWN,0
2020-04-20,31.53,32.18,32.836,35.759,46.0279,DOWN,0
2020-04-21,30.88,30.4,31.938,35.416,45.9358,UP,1
2020-04-22,31.84,31.8,31.86,35.089,45.8524,UP,1
2020-04-23,32.56,32.1,32.046,34.7644,45.7758,UP,1
2020-04-24,33.12,33.04,31.986,34.4392,45.7037,UP,1
2020-04-27,34.44,33.31,32.568,34.162,45.637,UP,1
2020-04-28,35.87,35.48,33.566,33.9068,45.5678,UP,1
2020-04-29,37.47,37.0,34.692,33.7014,45.5005,DOWN,0
2020-04-30,36.69,37.27,35.518,33.484,45.4223,DOWN,0
2020-05-01,33.93,34.73,35.68,33.1874,45.334,DOWN,0
2020-05-04,33.06,32.1,35.404,32.8826,45.2405,UP,1
2020-05-05,33.37,33.63,34.904,32.6252,45.1498,DOWN,0
2020-05-06,31.96,32.71,33.802,32.3854,45.0552,UP,1
2020-05-07,32.85,32.53,33.034,32.1814,44.9563,UP,1
2020-05-08,34.33,33.78,33.114,32.077,44.864,DOWN,0
2020-05-11,33.9,34.2,33.282,31.9468,44.7797,DOWN,0
2020-05-12,33.79,34.25,33.366,31.7942,44.7031,DOWN,0
2020-05-13,32.35,33.5,33.444,31.63,44.6246,UP,1
2020-05-14,33.51,31.19,33.576,31.462,44.5501,UP,1
2020-05-15,33.56,33.21,33.422,31.3312,44.4757,UP,1
2020-05-18,36.74,35.88,33.99,31.2866,44.4252,DOWN,0
2020-05-19,35.64,36.63,34.36,31.3888,44.3754,UP,1
2020-05-20,36.18,36.34,35.126,31.4844,44.3324,DOWN,0
2020-05-21,35.82,36.0,35.588,31.641,44.2894,UP,1
2020-05-22,36.12,35.68,36.1,31.89,44.2455,UP,1
2020-05-26,38.79,38.36,36.51,32.152,44.2055,UP,1
2020-05-27,39.82,39.95,37.346,32.5084,44.1714,DOWN,0
2020-05-28,38.71,39.57,37.852,32.7506,44.1365,DOWN,0
2020-05-29,38.6,38.14,38.408,32.9938,44.0953,UP,1
2020-06-01,38.61,38.61,38.906,33.2036,44.0679,UP,1
2020-06-02,40.6,39.2,39.268,33.4668,44.054,UP,1
2020-06-03,41.63,41.49,39.63,33.7678,44.0396,UP,1
2020-06-04,42.71,41.5,40.43,34.0526,44.0252,UP,1
2020-06-05,43.97,44.71,41.504,34.3244,44.0292,UP,1
2020-06-08,45.9,44.08,42.962,34.6488,44.0423,DOWN,0
2020-06-09,44.41,44.47,43.724,34.9658,44.0541,DOWN,0
2020-06-10,43.58,44.39,44.114,35.2644,44.0685,DOWN,0
2020-06-11,39.26,41.225,43.424,35.4648,44.0607,UP,1
2020-06-12,41.23,41.82,42.876,35.7486,44.061,UP,1
2020-06-15,41.98,39.48,42.092,36.0276,44.0583,UP,1
2020-06-16,42.25,44.16,41.66,36.3132,44.0577,DOWN,0
2020-06-17,41.17,42.7,41.178,36.5258,44.0504,UP,1
2020-06-18,41.58,40.65,41.642,36.7108,44.0493,UP,1
2020-06-19,41.65,42.63,41.726,36.848,44.0448,UP,1
2020-06-22,41.74,41.46,41.678,36.9516,44.0367,DOWN,0
2020-06-23,41.35,42.48,41.498,37.074,44.0273,DOWN,0
2020-06-24,38.45,40.6,40.954,37.1356,43.9973,UP,1
2020-06-25,39.98,38.0,40.634,37.2906,43.9656,DOWN,0
2020-06-26,39.8,39.56,40.264,37.454,43.9302,UP,1
2020-06-29,40.98,40.36,40.112,37.6052,43.9002,DOWN,0
2020-06-30,40.76,40.59,39.994,37.7898,43.863,DOWN,0
2020-07-01,40.75,40.75,40.454,37.9872,43.8217,UP,1
2020-07-02,41.59,41.66,40.776,38.1822,43.7897,UP,1
2020-07-06,42.45,42.63,41.306,38.38,43.7644,DOWN,0
2020-07-07,41.69,41.74,41.448,38.5514,43.7346,DOWN,0
2020-07-08,40.35,41.49,41.366,38.6696,43.6953,DOWN,0
2020-07-09,39.44,40.39,41.104,38.741,43.653,UP,1
2020-07-10,40.76,39.44,40.938,38.8068,43.6238,UP,1
2020-07-13,41.24,41.1,40.696,38.8978,43.5916,UP,1
2020-07-14,42.44,41.32,40.846,39.068,43.5676,UP,1
2020-07-15,43.33,43.65,41.442,39.2734,43.5489,UP,1
2020-07-16,43.83,43.19,42.32,39.4826,43.5298,DOWN,0
2020-07-17,43.67,44.07,42.902,39.7168,43.5183,DOWN,0
2020-07-20,42.3,43.34,43.114,39.9058,43.5052,UP,1
2020-07-21,43.04,42.5,43.234,40.08,43.4938,UP,1
2020-07-22,44.34,42.94,43.436,40.2888,43.4888,DOWN,0
2020-07-23,42.82,43.0,43.234,40.4694,43.4771,DOWN,0
2020-07-24,42.61,42.82,43.022,40.6746,43.4709,UP,1
2020-07-27,44.0,42.81,43.362,40.8844,43.4708,DOWN,0
2020-07-28,42.62,43.74,43.278,41.0656,43.4593,UP,1
2020-07-29,43.52,42.8,43.114,41.2012,43.4413,DOWN,0
2020-07-30,41.73,42.66,42.896,41.323,43.4158,DOWN,0
2020-07-31,41.06,41.49,42.586,41.4206,43.3851,DOWN,0
2020-08-03,40.09,41.22,41.804,41.506,43.35,UP,1
2020-08-04,41.32,40.04,41.544,41.61,43.3175,UP,1
2020-08-05,41.99,41.9,41.238,41.674,43.2877,UP,1
2020-08-06,42.05,41.69,41.302,41.7186,43.2623,UP,1
2020-08-07,42.63,41.58,41.616,41.797,43.2414,UP,1
2020-08-10,44.8,42.81,42.558,41.921,43.2292,DOWN,0
2020-08-11,44.5,45.54,43.194,42.0388,43.2044,DOWN,0
2020-08-12,44.28,45.22,43.652,42.1124,43.1734,UP,1
2020-08-13,44.43,43.86,44.128,42.1684,43.1395,UP,1
2020-08-14,44.87,43.95,44.576,42.2116,43.1064,DOWN,0
2020-08-17,44.46,45.1,44.508,42.2214,43.0735,UP,1
2020-08-18,44.71,44.41,44.55,42.1976,43.0446,DOWN,0
2020-08-19,44.64,44.69,44.622,42.2022,43.0063,DOWN,0
2020-08-20,43.69,44.02,44.474,42.2044,42.9539,DOWN,0
2020-08-21,43.59,43.5,44.218,42.291,42.9008,UP,1
2020-08-24,46.12,44.3,44.55,42.3888,42.86,DOWN,0
2020-08-25,45.59,46.41,44.726,42.461,42.809,UP,1
2020-08-26,46.34,45.68,45.066,42.5428,42.7607,DOWN,0
2020-08-27,46.16,46.68,45.56,42.6426,42.7125,DOWN,0
2020-08-28,46.05,45.41,46.052,42.732,42.6669,DOWN,0
2020-08-31,45.12,45.99,45.852,42.8014,42.6242,UP,1
2020-09-01,47.27,44.79,46.188,42.912,42.5908,UP,1
2020-09-02,49.22,47.68,46.764,43.0694,42.5626,DOWN,0
2020-09-03,48.39,49.28,47.21,43.2682,42.533,UP,1
2020-09-04,48.6,49.29,47.72,43.4406,42.509,DOWN,0
2020-09-08,47.93,47.69,48.282,43.6032,42.4853,UP,1
2020-09-09,49.23,48.57,48.674,43.7682,42.4621,DOWN,0
2020-09-10,48.7,49.3,48.57,43.927,42.4346,UP,1
2020-09-11,49.85,49.21,48.862,44.109,42.4078,UP,1
2020-09-14,50.09,50.07,49.16,44.279,42.3814,UP,1
2020-09-15,51.07,50.61,49.788,44.4514,42.3654,DOWN,0
2020-09-16,49.7,50.19,49.882,44.6116,42.347,UP,1
2020-09-17,50.97,49.37,50.336,44.824,42.3361,DOWN,0
2020-09-18,50.37,50.53,50.44,45.0426,42.3288,DOWN,0
2020-09-21,47.91,49.04,50.004,45.1856,42.307,DOWN,0
2020-09-22,47.8,47.98,49.35,45.3168,42.286,DOWN,0
2020-09-23,46.74,47.68,48.758,45.4028,42.2536,DOWN,0
2020-09-24,46.41,46.67,47.846,45.4644,42.2193,DOWN,0
2020-09-25,46.04,45.77,46.98,45.5086,42.1838,UP,1
2020-09-28,47.48,46.5,46.894,45.5848,42.1557,DOWN,0
2020-09-29,46.57,47.23,46.648,45.6702,42.1163,UP,1
2020-09-30,47.05,47.19,46.71,45.7504,42.0852,DOWN,0
2020-10-01,46.11,47.21,46.65,45.7858,42.0449,UP,1
2020-10-02,47.31,45.37,46.904,45.8756,42.0081,UP,1
2020-10-05,48.58,47.9,47.124,45.995,41.9798,DOWN,0
2020-10-06,47.88,49.12,47.386,46.0726,41.9466,UP,1
2020-10-07,48.3,48.45,47.636,46.1862,41.915,UP,1
2020-10-08,49.38,48.62,48.29,46.3034,41.8873,DOWN,0
2020-10-09,49.36,49.8,48.7,46.456,41.8596,DOWN,0
2020-10-12,48.58,49.4,48.7,46.6064,41.8264,DOWN,0
2020-10-13,47.88,48.48,48.7,46.7622,41.7916,UP,1
2020-10-14,48.83,47.84,48.806,46.9124,41.7641,UP,1
2020-10-15,49.01,47.88,48.732,47.0528,41.7355,UP,1
2020-10-16,49.3,49.37,48.72,47.1978,41.7132,DOWN,0
2020-10-19,48.84,49.33,48.772,47.322,41.6953,UP,1
2020-10-20,49.34,49.35,49.064,47.4128,41.681,DOWN,0
2020-10-21,48.55,49.38,49.008,47.4938,41.6628,UP,1
2020-10-22,48.82,49.81,48.97,47.5846,41.6432,DOWN,0
2020-10-23,48.53,49.52,48.816,47.6666,41.6249,DOWN,0
2020-10-26,47.15,47.94,48.478,47.7122,41.6032,DOWN,0
2020-10-27,46.57,46.92,47.924,47.7544,41.5743,DOWN,0
2020-10-28,45.18,44.94,47.25,47.7638,41.539,UP,1
2020-10-29,46.25,44.63,46.736,47.796,41.5089,DOWN,0
2020-10-30,45.49,45.86,46.128,47.832,41.4739,UP,1
2020-11-02,47.82,46.25,46.262,47.9166,41.4463,UP,1
2020-11-03,48.73,48.25,46.694,47.9688,41.427,DOWN,0
2020-11-04,46.45,47.95,46.948,47.986,41.4049,UP,1
2020-11-05,48.97,46.9,47.492,48.0386,41.3985,DOWN,0
2020-11-06,48.23,49.23,48.04,48.08,41.3972,UP,1
2020-11-09,52.12,51.59,48.9,48.2014,41.4219,UP,1
2020-11-10,53.46,52.33,49.846,48.3682,41.4534,DOWN,0
2020-11-11,52.21,53.5,50.998,48.467,41.4661,DOWN,0
2020-11-12,51.04,51.74,51.412,48.5034,41.4789,UP,1
2020-11-13,51.97,50.27,52.16,48.575,41.5084,UP,1
2020-11-16,53.93,53.55,52.522,48.6816,41.5444,UP,1
2020-11-17,54.48,53.16,52.726,48.8126,41.5765,UP,1
2020-11-18,55.3,54.65,53.344,48.934,41.605,UP,1
2020-11-19,55.34,54.91,54.204,49.0668,41.6357,DOWN,0
2020-11-20,54.73,55.07,54.756,49.1644,41.6692,UP,1
2020-11-23,55.94,55.28,55.158,49.2814,41.7079,UP,1
2020-11-24,57.73,57.0,55.808,49.4146,41.7526,DOWN,0
2020-11-25,56.43,57.45,56.034,49.5492,41.7879,DOWN,0
2020-11-27,55.4,55.91,56.046,49.6378,41.8234,DOWN,0
2020-11-30,53.01,54.89,55.702,49.6906,41.8453,UP,1
2020-12-01,53.53,54.43,55.22,49.803,41.8742,DOWN,0
2020-12-02,53.2,53.32,54.314,49.911,41.9024,UP,1
2020-12-03,53.6,52.99,53.748,50.0482,41.9266,UP,1
2020-12-04,55.05,53.81,53.678,50.221,41.9604,DOWN,0
2020-12-07,53.21,54.93,53.718,50.3644,41.9952,UP,1
2020-12-08,54.55,52.9,53.922,50.5058,42.0482,UP,1
2020-12-09,54.66,54.94,54.214,50.6676,42.1063,DOWN,0
2020-12-10,54.43,54.66,54.38,50.8152,42.1807,DOWN,0
2020-12-11,54.0,54.29,54.17,50.973,42.2486,DOWN,0
2020-12-14,53.06,54.6,54.14,51.088,42.3068,UP,1
2020-12-15,54.13,53.85,54.056,51.199,42.3747,DOWN,0
2020-12-16,53.83,54.03,53.89,51.318,42.4343,DOWN,0
2020-12-17,53.83,54.2,53.77,51.4286,42.5029,UP,1
2020-12-18,55.66,55.11,54.102,51.5542,42.5864,DOWN,0
2020-12-21,55.08,54.05,54.506,51.6686,42.7091,DOWN,0
2020-12-22,54.67,55.01,54.614,51.7904,42.8255,UP,1
2020-12-23,54.75,55.02,54.798,51.9278,42.9593,UP,1
2020-12-24,54.79,54.92,54.99,52.047,43.1149,DOWN,0
2020-12-28,54.29,55.27,54.716,52.1526,43.2579,UP,1
2020-12-29,54.33,54.5,54.566,52.2532,43.4195,UP,1
2020-12-30,55.47,54.35,54.726,52.3858,43.5639,UP,1
2020-12-31,55.5,55.47,54.876,52.509,43.7092,DOWN,0
2021-01-04,54.04,55.82,54.726,52.6188,43.8388,UP,1
2021-01-05,55.8,54.14,55.028,52.7584,43.9806,UP,1
2021-01-06,58.43,56.95,55.848,52.9564,44.1398,UP,1
2021-01-07,58.51,59.0,56.456,53.1836,44.29,DOWN,0
2021-01-08,58.21,58.37,56.998,53.4164,44.4292,UP,1
2021-01-11,58.86,57.7,57.962,53.69,44.5751,UP,1
2021-01-12,61.04,59.32,59.01,53.9858,44.7375,DOWN,0
2021-01-13,60.03,60.75,59.33,54.2766,44.8944,DOWN,0
2021-01-14,59.65,60.21,59.558,54.5132,45.0464,DOWN,0
2021-01-15,57.31,58.62,59.378,54.6848,45.1978,UP,1
2021-01-19,57.55,57.76,59.116,54.9068,45.3454,UP,1
2021-01-20,58.57,57.87,58.622,55.0988,45.4984,DOWN,0
2021-01-21,57.56,58.51,58.128,55.2854,45.6335,DOWN,0
2021-01-22,57.5,56.99,57.698,55.393,45.7593,DOWN,0
2021-01-25,57.23,56.86,57.682,55.4684,45.8715,DOWN,0
2021-01-26,55.74,57.89,57.32,55.539,45.9674,DOWN,0
2021-01-27,54.39,54.64,56.484,55.606,46.0632,DOWN,0
2021-01-28,54.38,54.14,55.848,55.6542,46.1583,DOWN,0
2021-01-29,51.9,53.85,54.728,55.6136,46.2566,UP,1
2021-02-01,52.75,52.39,53.832,55.579,46.3622,UP,1
2021-02-02,54.61,53.56,53.606,55.5652,46.4682,UP,1
2021-02-03,55.35,54.31,53.798,55.5654,46.5873,UP,1
2021-02-04,56.34,55.47,54.19,55.5976,46.7146,UP,1
2021-02-05,57.24,56.74,55.258,55.6236,46.8416,UP,1
2021-02-08,57.35,57.75,56.178,55.616,46.9655,DOWN,0
2021-02-09,56.6,57.5,56.576,55.6194,47.0829,UP,1
2021-02-10,57.67,57.0,57.04,55.6648,47.1991,DOWN,0
2021-02-11,57.67,57.81,57.306,55.758,47.3081,UP,1
2021-02-12,58.15,57.56,57.488,55.8504,47.4115,UP,1
2021-02-16,58.75,58.9,57.768,55.9614,47.5218,DOWN,0
2021-02-17,58.54,58.58,58.156,56.0602,47.6448,DOWN,0
2021-02-18,57.56,58.3,58.134,56.1104,47.7673,UP,1
2021-02-19,60.39,57.75,58.678,56.254,47.9024,UP,1
2021-02-22,62.48,60.62,59.544,56.4126,48.055,DOWN,0
2021-02-23,62.12,62.94,60.218,56.5618,48.2014,UP,1
2021-02-24,63.69,62.0,61.248,56.747,48.3482,DOWN,0
2021-02-25,61.35,62.48,62.006,56.894,48.4854,DOWN,0
2021-02-26,59.31,60.85,61.79,57.019,48.613,UP,1
2021-03-01,61.54,61.15,61.602,57.1672,48.759,UP,1
2021-03-02,62.73,62.21,61.724,57.3452,48.9051,DOWN,0
2021-03-03,62.25,62.5,61.436,57.5136,49.0485,DOWN,0
2021-03-04,61.2,62.06,61.406,57.6244,49.1708,UP,1
2021-03-05,62.91,62.12,62.126,57.781,49.3072,UP,1
2021-03-08,63.44,63.17,62.506,57.9564,49.4435,DOWN,0
2021-03-09,62.26,63.67,62.412,58.1066,49.5757,UP,1
2021-03-10,64.09,62.62,62.78,58.2926,49.7155,UP,1
2021-03-11,64.32,64.33,63.404,58.4932,49.8432,UP,1
2021-03-12,64.34,64.68,63.69,58.6934,49.9658,DOWN,0
2021-03-15,62.9,64.07,63.582,58.842,50.0867,UP,1
2021-03-16,63.18,62.69,63.766,58.9956,50.2096,UP,1
2021-03-17,66.01,63.48,64.15,59.235,50.3466,DOWN,0
2021-03-18,64.72,66.06,64.23,59.4134,50.4672,DOWN,0
2021-03-19,63.91,64.72,64.144,59.523,50.5786,DOWN,0
2021-03-22,63.51,63.8,64.266,59.623,50.6826,DOWN,0
2021-03-23,60.75,62.67,63.78,59.6738,50.7665,UP,1
2021-03-24,62.04,61.6,62.986,59.7374,50.8472,UP,1
2021-03-25,63.24,61.47,62.69,59.7814,50.9414,UP,1
2021-03-26,63.99,63.39,62.706,59.8606,51.0434,DOWN,0
2021-03-29,63.9,63.62,62.784,59.9456,51.1666,UP,1
2021-03-30,64.61,63.72,63.556,60.0916,51.2835,DOWN,0
2021-03-31,63.94,64.27,63.936,60.2194,51.3933,UP,1
2021-04-01,64.6,63.95,64.208,60.34,51.5051,DOWN,0
2021-04-05,64.59,65.0,64.328,60.4806,51.6222,UP,1
2021-04-06,64.6,64.24,64.468,60.6226,51.7373,DOWN,0
2021-04-07,63.99,64.49,64.344,60.7578,51.849,DOWN,0
2021-04-08,63.19,63.86,64.194,60.9068,51.9562,DOWN,0
2021-04-09,63.14,63.19,63.902,61.0818,52.0652,UP,1
2021-04-12,63.79,63.6,63.742,61.27,52.1919,DOWN,0
2021-04-13,63.31,63.59,63.484,61.4982,52.3085,UP,1
2021-04-14,64.24,63.59,63.534,61.728,52.4307,UP,1
2021-04-15,64.57,64.88,63.81,61.9272,52.5487,UP,1
2021-04-16,64.68,65.27,64.118,62.1138,52.6683,DOWN,0
2021-04-19,64.55,64.8,64.27,62.278,52.7873,DOWN,0
2021-04-20,62.48,64.0,64.104,62.3828,52.8917,UP,1
2021-04-21,64.82,62.46,64.22,62.5322,53.0036,DOWN,0
2021-04-22,60.93,64.0,63.492,62.6188,53.0998,UP,1
2021-04-23,62.11,61.1,62.978,62.7076,53.2086,UP,1
2021-04-26,62.2,62.36,62.508,62.7982,53.3224,UP,1
2021-04-27,62.65,62.27,62.542,62.8882,53.4318,UP,1
2021-04-28,63.31,63.03,62.24,62.9794,53.5422,UP,1
2021-04-29,64.06,63.82,62.866,63.0898,53.6503,DOWN,0
2021-04-30,62.5,63.45,62.944,63.1886,53.7461,UP,1
2021-05-03,64.55,63.18,63.414,63.2718,53.8497,UP,1
2021-05-04,66.22,64.25,64.128,63.3466,53.9625,UP,1
2021-05-05,68.07,66.49,65.08,63.4656,54.0913,UP,1
2021-05-06,69.04,68.02,66.076,63.5726,54.2213,DOWN,0
2021-05-07,69.04,68.35,67.384,63.7264,54.3448,DOWN,0
2021-05-10,68.73,69.75,68.22,63.9148,54.4744,DOWN,0
2021-05-11,68.57,67.84,68.69,64.0554,54.6042,DOWN,0
2021-05-12,67.6,68.75,68.596,64.1528,54.7222,UP,1
2021-05-13,68.08,67.46,68.404,64.2694,54.8495,UP,1
2021-05-14,69.83,68.5,68.562,64.442,54.981,UP,1
2021-05-17,70.91,69.58,68.998,64.602,55.1269,DOWN,0
2021-05-18,69.53,71.0,69.19,64.7238,55.2693,DOWN,0
2021-05-19,68.55,68.5,69.38,64.8496,55.4116,DOWN,0
2021-05-20,68.26,68.46,69.416,64.933,55.5463,UP,1
2021-05-21,68.83,68.68,69.216,65.0232,55.6805,UP,1
2021-05-24,69.55,69.59,68.944,65.1274,55.818,DOWN,0
2021-05-25,69.04,69.46,68.846,65.2502,55.95,UP,1
2021-05-26,69.57,68.83,69.05,65.378,56.0739,DOWN,0
2021-05-27,68.66,69.32,69.13,65.431,56.1947,DOWN,0
2021-05-28,68.42,69.08,69.048,65.505,56.3154,UP,1
2021-06-01,70.41,69.17,69.22,65.635,56.4453,DOWN,0
2021-06-02,68.95,70.32,69.202,65.7438,56.5657,UP,1
2021-06-03,70.61,69.35,69.41,65.941,56.6964,DOWN,0
2021-06-04,70.37,71.0,69.752,66.1076,56.8247,DOWN,0
2021-06-07,69.24,70.37,69.916,66.2276,56.9477,UP,1
2021-06-08,69.38,69.02,69.71,66.3354,57.0762,DOWN,0
2021-06-09,68.84,69.25,69.688,66.4342,57.2024,DOWN,0
2021-06-10,67.99,69.99,69.164,66.5018,57.3118,UP,1
2021-06-11,68.0,68.47,68.69,66.583,57.4238,DOWN,0
2021-06-14,66.96,67.83,68.234,66.6302,57.5269,UP,1
2021-06-15,67.22,66.91,67.802,66.6828,57.6322,DOWN,0
2021-06-16,65.59,67.01,67.152,66.7026,57.7299,DOWN,0
2021-06-17,63.54,65.77,66.262,66.6936,57.822,DOWN,0
2021-06-18,61.98,62.55,65.058,66.6694,57.8956,UP,1
2021-06-21,63.11,63.14,64.288,66.6688,57.965,UP,1
2021-06-22,63.5,63.46,63.544,66.663,58.0406,DOWN,0
2021-06-23,63.15,64.0,63.056,66.6598,58.1133,DOWN,0
2021-06-24,63.11,63.78,62.97,66.6372,58.1892,UP,1
2021-06-25,63.29,63.25,63.232,66.6116,58.2595,DOWN,0
2021-06-28,62.9,63.3,63.19,66.576,58.3305,UP,1
2021-06-29,62.98,63.28,63.086,66.5446,58.3962,UP,1
2021-06-30,63.28,62.85,63.112,66.5606,58.4621,UP,1
2021-07-01,63.5,64.22,63.19,66.5342,58.5243,UP,1
2021-07-02,63.51,63.33,63.234,66.5858,58.5933,DOWN,0
2021-07-06,61.93,63.4,63.04,66.5822,58.6481,UP,1
2021-07-07,62.25,61.7,62.894,66.5832,58.7075,DOWN,0
2021-07-08,61.41,61.0,62.52,66.5584,58.775,UP,1
2021-07-09,63.08,62.23,62.436,66.5538,58.8514,UP,1
2021-07-12,63.22,62.56,62.378,66.537,58.9338,DOWN,0
2021-07-13,62.7,63.42,62.532,66.541,59.0153,DOWN,0
2021-07-14,62.32,62.94,62.546,66.4964,59.0967,DOWN,0
2021-07-15,61.91,61.8,62.646,66.4102,59.1688,DOWN,0
2021-07-16,60.01,61.3,62.032,66.249,59.236,DOWN,0
2021-07-19,57.79,58.14,60.946,66.024,59.2897,UP,1
2021-07-20,58.62,58.14,60.13,65.8156,59.3523,UP,1
2021-07-21,59.73,59.52,59.612,65.6356,59.4144,UP,1
2021-07-22,60.48,58.56,59.326,65.4738,59.4739,DOWN,0
2021-07-23,60.11,60.84,59.346,65.324,59.535,UP,1
2021-07-26,62.01,60.2,60.19,65.2026,59.6036,DOWN,0
2021-07-27,61.95,61.51,60.856,65.045,59.6664,DOWN,0
2021-07-28,61.87,61.83,61.284,64.8642,59.729,UP,1
2021-07-29,62.6,62.44,61.708,64.7256,59.7991,DOWN,0
2021-07-30,62.16,62.49,62.118,64.5978,59.8705,DOWN,0
2021-08-02,61.22,62.3,61.96,64.457,59.9324,UP,1
2021-08-03,62.23,61.15,62.016,64.325,59.9985,DOWN,0
2021-08-04,60.99,61.74,61.84,64.1538,60.057,UP,1
2021-08-05,61.0,61.29,61.52,63.993,60.1178,UP,1
2021-08-06,62.0,61.61,61.488,63.8416,60.1811,DOWN,0
2021-08-09,61.82,61.72,61.608,63.7048,60.2474,UP,1
2021-08-10,63.12,62.02,61.786,63.5988,60.3189,UP,1
2021-08-11,64.24,63.42,62.436,63.4754,60.3975,DOWN,0
2021-08-12,64.01,64.36,63.038,63.3766,60.4818,DOWN,0
2021-08-13,63.69,63.97,63.376,63.2382,60.5674,DOWN,0
2021-08-16,63.32,63.2,63.676,63.0972,60.6581,DOWN,0
2021-08-17,62.31,62.69,63.514,62.9586,60.7384,DOWN,0
2021-08-18,61.88,61.91,63.042,62.8086,60.8203,DOWN,0
2021-08-19,60.55,61.04,62.35,62.6428,60.884,UP,1
2021-08-20,60.89,60.41,61.79,62.5008,60.9448,UP,1
2021-08-23,62.06,61.5,61.538,62.382,61.0228,UP,1
2021-08-24,63.26,62.46,61.728,62.308,61.0943,UP,1
2021-08-25,63.87,63.3,62.126,62.241,61.1725,DOWN,0
2021-08-26,63.65,63.84,62.746,62.2022,61.2301,UP,1
2021-08-27,65.38,64.19,63.644,62.239,61.2897,DOWN,0
2021-08-30,63.98,65.0,64.028,62.279,61.3486,DOWN,0
2021-08-31,62.9,63.7,63.956,62.2748,61.4079,DOWN,0
2021-09-01,62.54,62.83,63.69,62.2556,61.4607,UP,1
2021-09-02,62.62,62.76,63.484,62.245,61.5042,DOWN,0
2021-09-03,62.12,62.45,62.832,62.2252,61.5424,DOWN,0
2021-09-07,61.87,61.98,62.41,62.1968,61.5752,DOWN,0
2021-09-08,60.69,61.83,61.968,62.1526,61.602,DOWN,0
2021-09-09,60.28,60.25,61.516,62.0986,61.6297,UP,1
2021-09-10,60.41,60.85,61.074,62.0412,61.6521,UP,1
2021-09-13,60.72,61.27,60.794,61.9856,61.667,DOWN,0
2021-09-14,59.65,61.24,60.35,61.9084,61.6831,UP,1
2021-09-15,60.2,59.75,60.252,61.8738,61.7071,DOWN,0
2021-09-16,59.47,60.14,60.09,61.8182,61.7394,DOWN,0
2021-09-17,57.75,58.8,59.558,61.745,61.7605,DOWN,0
2021-09-20,56.18,56.26,58.65,61.607,61.7754,DOWN,0
2021-09-21,55.53,56.59,57.826,61.4532,61.7851,UP,1
2021-09-22,56.3,56.26,57.046,61.3252,61.7913,UP,1
2021-09-23,57.43,56.77,56.638,61.2274,61.8124,DOWN,0
2021-09-24,56.81,57.2,56.45,61.1254,61.8237,UP,1
2021-09-27,59.69,56.88,57.152,61.119,61.8489,DOWN,0
2021-09-28,59.46,60.15,57.938,61.1524,61.874,DOWN,0
2021-09-29,58.82,59.46,58.442,61.1564,61.8981,DOWN,0
2021-09-30,57.56,58.92,58.468,61.113,61.9206,UP,1
2021-10-01,58.58,57.67,58.822,61.075,61.9429,DOWN,0
2021-10-04,58.24,58.58,58.532,61.0376,61.9649,UP,1
2021-10-05,59.1,58.26,58.46,60.9794,61.9913,DOWN,0
2021-10-06,57.16,58.36,58.128,60.8836,61.9988,UP,1
2021-10-07,58.51,57.89,58.318,60.8164,62.0159,UP,1
2021-10-08,58.71,58.81,58.344,60.7386,62.0361,DOWN,0
2021-10-11,58.23,59.25,58.342,60.66,62.0535,DOWN,0
2021-10-12,57.74,58.02,58.07,60.5904,62.0683,DOWN,0
2021-10-13,56.91,57.92,58.02,60.484,62.0814,UP,1
2021-10-14,58.74,57.43,58.066,60.439,62.1034,UP,1
2021-10-15,58.96,59.47,58.116,60.3982,62.1209,DOWN,0
2021-10-18,58.95,57.7,58.26,60.3372,62.1381,UP,1
2021-10-19,59.19,59.09,58.55,60.2846,62.1639,UP,1
2021-10-20,59.89,59.16,59.146,60.22,62.1843,DOWN,0
2021-10-21,59.26,60.07,59.25,60.1204,62.1885,DOWN,0
2021-10-22,58.4,59.64,59.138,60.0082,62.1879,UP,1
2021-10-25,58.71,59.24,59.09,59.9086,62.1904,DOWN,0
2021-10-26,58.71,58.71,58.994,59.8164,62.1897,DOWN,0
2021-10-27,56.0,58.58,58.216,59.6902,62.1645,UP,1
2021-10-28,56.57,56.25,57.678,59.584,62.1472,DOWN,0
2021-10-29,55.97,56.13,57.192,59.4924,62.1288,UP,1
2021-11-01,57.44,56.01,56.938,59.4234,62.1294,UP,1
2021-11-02,58.47,57.64,56.89,59.3516,62.134,UP,1
2021-11-03,59.05,58.49,57.5,59.2674,62.1364,DOWN,0
2021-11-04,57.17,59.0,57.62,59.1334,62.1345,UP,1
2021-11-05,58.31,57.24,58.088,59.0266,62.1385,UP,1
2021-11-08,58.57,58.93,58.314,58.8904,62.1452,UP,1
2021-11-09,58.79,58.54,58.378,58.7866,62.1605,DOWN,0
2021-11-10,58.76,58.84,58.32,58.7038,62.1823,UP,1
2021-11-11,59.68,59.08,58.822,58.6466,62.2088,UP,1
2021-11-12,60.06,59.79,59.172,58.5954,62.2496,DOWN,0
2021-11-15,59.92,60.5,59.442,58.5514,62.2855,DOWN,0
2021-11-16,58.86,59.97,59.456,58.4912,62.3067,DOWN,0
2021-11-17,58.34,58.68,59.372,58.4442,62.3217,DOWN,0
2021-11-18,57.98,58.35,59.032,58.3982,62.3299,DOWN,0
2021-11-19,57.34,57.45,58.488,58.3368,62.3304,UP,1
2021-11-22,58.79,57.56,58.262,58.2982,62.3376,UP,1
2021-11-23,59.18,59.34,58.326,58.2888,62.3505,DOWN,0
2021-11-24,58.63,58.9,58.384,58.2574,62.3553,DOWN,0
2021-11-26,57.6,56.64,58.308,58.22,62.3549,DOWN,0
2021-11-29,56.86,57.9,58.212,58.2022,62.3485,DOWN,0
2021-11-30,54.93,56.26,57.44,58.1772,62.3294,DOWN,0
2021-12-01,52.76,55.49,56.156,58.1218,62.3005,UP,1
2021-12-02,53.18,52.5,55.066,58.0594,62.2786,DOWN,0
2021-12-03,53.07,53.0,54.16,57.9722,62.242,UP,1
2021-12-06,53.88,54.36,53.564,57.9136,62.199,UP,1
2021-12-07,54.86,54.45,53.55,57.817,62.1627,UP,1
2021-12-08,54.91,55.31,53.98,57.726,62.1188,DOWN,0
2021-12-09,54.39,54.24,54.222,57.6374,62.084,UP,1
2021-12-10,54.68,55.15,54.544,57.5798,62.0608,DOWN,0
2021-12-13,53.32,54.46,54.432,57.4746,62.0197,UP,1
2021-12-14,53.88,53.25,54.236,57.3874,61.9755,UP,1
2021-12-15,54.04,53.79,54.062,57.2862,61.9344,UP,1
2021-12-16,54.6,54.43,54.104,57.235,61.9014,DOWN,0
2021-12-17,54.1,54.53,53.988,57.1468,61.8574,DOWN,0
2021-12-20,53.51,53.1,54.026,57.0428,61.8077,UP,1
2021-12-21,54.2,54.17,54.09,56.9622,61.7674,UP,1
2021-12-22,54.23,54.12,54.128,56.892,61.7181,UP,1
2021-12-23,55.14,54.5,54.236,56.8566,61.6722,UP,1
2021-12-27,55.87,55.31,54.59,56.7992,61.6299,UP,1
2021-12-28,56.63,56.01,55.214,56.7526,61.5985,UP,1
2021-12-29,57.06,56.67,55.786,56.7148,61.5679,DOWN,0
2021-12-30,56.78,57.2,56.296,56.6666,61.5218,DOWN,0
2021-12-31,56.72,56.84,56.612,56.6032,61.4818,UP,1
2022-01-03,56.87,57.2,56.812,56.5554,61.4466,UP,1
2022-01-04,58.41,57.25,57.168,56.5556,61.4211,DOWN,0
2022-01-05,58.35,58.79,57.426,56.5484,61.4091,DOWN,0
2022-01-06,58.24,58.49,57.718,56.539,61.3901,UP,1
2022-01-07,59.1,58.63,58.194,56.601,61.3694,DOWN,0
2022-01-10,58.4,58.84,58.5,56.6376,61.3414,UP,1
2022-01-11,59.18,59.05,58.654,56.7018,61.3178,UP,1
2022-01-12,59.26,59.515,58.836,56.7382,61.2911,UP,1
2022-01-13,59.94,59.3,59.176,56.7676,61.2711,UP,1
2022-01-14,60.74,59.71,59.504,56.8014,61.2518,DOWN,0
2022-01-18,60.2,60.76,59.864,56.862,61.2298,DOWN,0
2022-01-19,59.84,60.76,59.996,56.8926,61.206,DOWN,0
2022-01-20,57.81,59.9,59.706,56.8774,61.1751,DOWN,0
2022-01-21,56.72,57.68,59.062,56.836,61.1428,DOWN,0
2022-01-24,56.62,55.7,58.238,56.7932,61.1102,UP,1
2022-01-25,57.18,55.89,57.634,56.7432,61.0771,UP,1
2022-01-26,57.22,57.43,57.11,56.6864,61.0467,UP,1
2022-01-27,60.18,58.74,57.584,56.6916,61.0264,DOWN,0
2022-01-28,60.04,60.71,58.248,56.7152,61.0037,DOWN,0
2022-01-31,59.73,59.5,58.87,56.743,60.979,UP,1
2022-02-01,61.81,59.8,59.796,56.8196,60.9653,DOWN,0
2022-02-02,61.66,61.71,60.684,56.906,60.9612,DOWN,0
2022-02-03,61.21,61.5,60.89,56.9544,60.9431,DOWN,0
2022-02-04,60.6,61.2,61.002,56.9828,60.9415,DOWN,0
2022-02-07,59.91,60.93,61.038,57.0084,60.9305,UP,1
2022-02-08,61.09,60.38,60.894,57.0782,60.9249,UP,1
2022-02-09,61.99,61.49,60.96,57.1808,60.9216,DOWN,0
2022-02-10,60.95,61.89,60.908,57.3012,60.9098,UP,1
2022-02-11,61.09,60.8,61.006,57.4678,60.895,DOWN,0
2022-02-14,60.83,61.1,61.19,57.6208,60.8866,UP,1
2022-02-15,61.86,60.82,61.344,57.7966,60.8732,UP,1
2022-02-16,62.08,61.65,61.362,57.9606,60.8525,DOWN,0
2022-02-17,61.17,61.36,61.406,58.0868,60.818,DOWN,0
2022-02-18,60.59,60.75,61.306,58.2004,60.7757,DOWN,0
2022-02-22,60.3,60.92,61.2,58.3186,60.732,DOWN,0
2022-02-23,59.97,60.87,60.822,58.4244,60.6882,DOWN,0
2022-02-24,58.72,58.89,60.15,58.5324,60.639,UP,1
2022-02-25,59.65,58.42,59.846,58.6478,60.5992,DOWN,0
2022-02-28,58.96,58.32,59.52,58.7462,60.5536,DOWN,0
2022-03-01,57.13,59.12,58.886,58.7968,60.4901,UP,1
2022-03-02,59.2,57.55,58.732,58.8988,60.4316,UP,1
2022-03-03,59.67,59.29,58.922,59.022,60.3823,DOWN,0
2022-03-04,58.83,58.4,58.758,59.1146,60.3337,DOWN,0
2022-03-07,57.98,58.75,58.562,59.1896,60.2823,DOWN,0
2022-03-08,57.84,58.11,58.704,59.2436,60.2273,UP,1
2022-03-09,59.8,59.25,58.824,59.3222,60.1786,UP,1
2022-03-10,60.63,59.24,59.016,59.4022,60.1365,UP,1
2022-03-11,60.91,61.06,59.432,59.4792,60.0932,DOWN,0
2022-03-14,60.28,61.37,59.892,59.5492,60.0513,DOWN,0
2022-03-15,58.87,59.87,60.098,59.5922,60.0036,UP,1
2022-03-16,59.64,59.16,60.066,59.6476,59.9497,UP,1
2022-03-17,62.84,59.38,60.508,59.7362,59.9192,DOWN,0
2022-03-18,62.39,62.23,60.804,59.817,59.8781,UP,1
2022-03-21,63.34,63.12,61.416,59.919,59.8429,UP,1
2022-03-22,63.55,64.0,62.352,60.008,59.8145,DOWN,0
2022-03-23,63.3,63.4,63.084,60.106,59.7841,UP,1
2022-03-24,64.09,63.76,63.334,60.2042,59.7603,UP,1
2022-03-25,64.7,64.09,63.796,60.313,59.7439,DOWN,0
2022-03-28,64.11,64.3,63.95,60.3964,59.7244,UP,1
2022-03-29,64.19,63.95,64.078,60.4654,59.7106,UP,1
2022-03-30,64.26,64.48,64.27,60.5466,59.6958,DOWN,0
2022-03-31,63.72,64.15,64.196,60.6242,59.6864,UP,1
2022-04-01,64.18,64.29,64.092,60.7516,59.6896,DOWN,0
2022-04-04,64.01,64.51,64.072,60.8974,59.6998,DOWN,0
2022-04-05,63.49,64.0,63.932,61.0348,59.7017,DOWN,0
2022-04-06,61.67,63.21,63.414,61.1246,59.6925,DOWN,0
2022-04-07,61.25,61.8,62.92,61.2052,59.683,UP,1
2022-04-08,61.68,61.77,62.42,61.2352,59.6759,UP,1
2022-04-11,61.95,61.35,62.008,61.2734,59.6692,UP,1
2022-04-12,63.26,62.51,61.962,61.344,59.671,UP,1
2022-04-13,64.16,63.49,62.46,61.391,59.6769,UP,1
2022-04-14,65.49,64.49,63.308,61.4676,59.6879,UP,1
2022-04-18,65.88,65.49,64.148,61.561,59.6998,UP,1
2022-04-19,67.05,66.03,65.168,61.69,59.7175,UP,1
2022-04-20,67.54,67.07,66.024,61.8426,59.7456,UP,1
2022-04-21,69.51,69.0,67.094,62.011,59.7819,DOWN,0
2022-04-22,68.5,70.07,67.696,62.1412,59.8173,DOWN,0
2022-04-25,68.07,67.41,68.134,62.2836,59.8423,DOWN,0
2022-04-26,67.37,68.24,68.198,62.4092,59.863,UP,1
2022-04-27,67.45,68.12,68.18,62.5416,59.8868,UP,1
2022-04-28,67.81,68.04,67.84,62.6606,59.9142,DOWN,0
2022-04-29,66.5,68.12,67.44,62.749,59.9372,UP,1
2022-05-02,67.06,67.15,67.238,62.8668,59.9724,UP,1
2022-05-03,68.15,67.12,67.394,63.018,60.0242,UP,1
2022-05-04,70.61,68.82,68.026,63.2242,60.0842,DOWN,0
2022-05-05,68.47,70.26,68.158,63.3942,60.1279,DOWN,0
2022-05-06,67.93,68.07,68.444,63.5784,60.1651,DOWN,0
2022-05-09,66.63,66.84,68.358,63.718,60.1977,DOWN,0
2022-05-10,65.81,67.43,67.89,63.855,60.2167,UP,1
2022-05-11,66.79,66.4,67.126,64.0482,60.2409,UP,1
2022-05-12,67.04,66.53,66.84,64.205,60.2668,UP,1
2022-05-13,67.56,67.5,66.766,64.3628,60.2916,UP,1
2022-05-16,67.98,67.31,67.036,64.5458,60.3207,UP,1
2022-05-17,69.97,69.61,67.868,64.7856,60.3644,DOWN,0
2022-05-18,68.91,69.41,68.292,65.007,60.3978,DOWN,0
2022-05-19,68.76,68.31,68.636,65.1862,60.4367,DOWN,0
2022-05-20,68.11,68.88,68.746,65.3358,60.4722,DOWN,0
2022-05-23,67.49,67.8,68.648,65.4674,60.4997,DOWN,0
2022-05-24,67.07,67.2,68.068,65.6032,60.5259,UP,1
2022-05-25,67.3,66.71,67.746,65.7718,60.5468,UP,1
2022-05-26,67.84,67.17,67.562,65.9358,60.5648,UP,1
2022-05-27,69.06,67.59,67.752,66.0602,60.5901,DOWN,0
2022-05-31,67.98,68.64,67.85,66.172,60.6115,UP,1
2022-06-01,68.11,68.65,68.058,66.2674,60.6355,DOWN,0
2022-06-02,68.1,68.43,68.218,66.3584,60.6644,DOWN,0
2022-06-03,67.03,67.59,68.056,66.433,60.6902,UP,1
2022-06-06,67.07,67.04,67.658,66.4926,60.7228,UP,1
2022-06-07,67.37,66.76,67.536,66.546,60.7552,DOWN,0
2022-06-08,67.24,67.06,67.362,66.6086,60.7811,DOWN,0
2022-06-09,65.86,66.9,66.914,66.642,60.7941,DOWN,0
2022-06-10,61.87,65.01,65.882,66.5942,60.7841,DOWN,0
2022-06-13,58.68,60.49,64.204,66.4934,60.7592,DOWN,0
2022-06-14,58.56,58.28,62.442,66.381,60.7251,DOWN,0
2022-06-15,57.41,59.02,60.476,66.249,60.6923,DOWN,0
2022-06-16,55.42,55.67,58.388,66.0876,60.6549,DOWN,0
2022-06-17,54.77,55.16,56.968,65.9496,60.616,UP,1
2022-06-21,54.95,56.34,56.222,65.8236,60.5777,DOWN,0
2022-06-22,52.34,52.3,54.978,65.6368,60.5288,DOWN,0
2022-06-23,51.06,52.25,53.708,65.419,60.4747,UP,1
2022-06-24,53.14,51.51,53.252,65.2166,60.437,DOWN,0
2022-06-27,52.22,52.9,52.742,64.9778,60.3967,UP,1
2022-06-28,52.53,52.8,52.258,64.7186,60.3573,DOWN,0
2022-06-29,51.98,52.71,52.186,64.4406,60.3136,DOWN,0
2022-06-30,51.61,51.16,52.296,64.1318,60.2734,UP,1
2022-07-01,51.69,50.91,52.006,63.8148,60.2308,DOWN,0
2022-07-05,50.73,50.77,51.708,63.4392,60.1871,UP,1
2022-07-06,51.18,50.62,51.438,63.0928,60.1543,UP,1
2022-07-07,52.28,52.14,51.498,62.777,60.1348,DOWN,0
2022-07-08,51.38,52.43,51.452,62.4572,60.114,DOWN,0
2022-07-11,51.01,50.74,51.316,62.1284,60.0876,DOWN,0
2022-07-12,50.42,50.89,51.254,61.7806,60.0525,DOWN,0
2022-07-13,49.67,50.0,50.952,61.444,60.0168,DOWN,0
2022-07-14,48.9,48.74,50.276,61.0808,59.9629,UP,1
2022-07-15,49.55,49.73,49.91,60.7088,59.9133,UP,1
2022-07-18,50.47,50.42,49.802,60.306,59.8716,UP,1
2022-07-19,52.45,51.15,50.208,59.9856,59.846,UP,1
2022-07-20,52.55,52.45,50.784,59.678,59.8159,DOWN,0
2022-07-21,51.4,50.57,51.284,59.3734,59.7817,DOWN,0
2022-07-22,50.85,51.5,51.544,59.0742,59.7404,UP,1
2022-07-25,51.58,51.17,51.766,58.77,59.7125,DOWN,0
2022-07-26,51.3,51.17,51.536,58.4552,59.6765,UP,1
2022-07-27,52.24,51.44,51.474,58.1488,59.6441,UP,1
2022-07-28,52.3,52.45,51.654,57.8352,59.6145,UP,1
2022-07-29,53.21,52.76,52.126,57.5,59.5918,DOWN,0
2022-08-01,52.46,52.58,52.302,57.171,59.5696,DOWN,0
2022-08-02,51.55,52.3,52.352,56.8268,59.5336,DOWN,0
2022-08-03,51.49,52.0,52.202,56.4944,59.4963,DOWN,0
2022-08-04,50.99,51.31,51.94,56.1644,59.4565,UP,1
2022-08-05,51.49,50.77,51.596,55.8528,59.418,UP,1
2022-08-08,52.15,51.88,51.534,55.5498,59.3793,UP,1
2022-08-09,52.72,52.15,51.768,55.2474,59.3466,UP,1
2022-08-10,54.04,53.85,52.278,54.947,59.3248,UP,1
2022-08-11,55.26,54.76,53.132,54.6926,59.3075,UP,1
2022-08-12,55.93,55.33,54.02,54.449,59.2936,DOWN,0
2022-08-15,55.34,55.48,54.658,54.1938,59.2903,UP,1
2022-08-16,56.11,55.36,55.336,53.9754,59.288,DOWN,0
2022-08-17,55.46,55.52,55.62,53.7432,59.2855,UP,1
2022-08-18,56.02,55.72,55.772,53.5162,59.2784,DOWN,0
2022-08-19,55.49,55.68,55.684,53.2812,59.2635,DOWN,0
2022-08-22,54.41,54.49,55.498,53.0522,59.2403,UP,1
2022-08-23,55.62,54.66,55.4,52.9272,59.2325,DOWN,0
2022-08-24,54.24,55.5,55.156,52.8384,59.2122,UP,1
2022-08-25,55.76,54.83,55.104,52.7824,59.1981,DOWN,0
2022-08-26,54.46,55.98,54.898,52.7234,59.1765,DOWN,0
2022-08-29,53.57,53.0,54.73,52.6864,59.1505,DOWN,0
2022-08-30,51.38,52.83,53.882,52.6186,59.109,DOWN,0
2022-08-31,51.0,51.24,53.234,52.5396,59.0637,DOWN,0
2022-09-01,49.96,50.46,52.074,52.492,59.0139,DOWN,0
2022-09-02,49.31,50.53,51.044,52.457,58.9662,DOWN,0
2022-09-06,48.59,49.9,50.048,52.366,58.9174,UP,1
2022-09-07,48.97,48.34,49.566,52.301,58.8724,UP,1
2022-09-08,49.4,48.49,49.246,52.2384,58.8327,UP,1
2022-09-09,50.51,50.23,49.356,52.209,58.7913,UP,1
2022-09-12,50.93,51.29,49.68,52.1954,58.75,DOWN,0
2022-09-13,47.87,48.75,49.536,52.119,58.6962,DOWN,0
2022-09-14,47.07,47.61,49.156,52.0458,58.6436,DOWN,0
2022-09-15,46.91,47.1,48.658,51.9604,58.5938,DOWN,0
2022-09-16,46.42,46.01,47.84,51.8432,58.5513,UP,1
2022-09-19,46.74,45.64,47.002,51.7504,58.5212,DOWN,0
2022-09-20,46.09,45.95,46.646,51.652,58.4857,DOWN,0
2022-09-21,44.98,46.42,46.228,51.5432,58.4453,DOWN,0
2022-09-22,44.77,45.28,45.8,51.4452,58.3997,DOWN,0
2022-09-23,43.9,44.0,45.296,51.3452,58.3449,DOWN,0
2022-09-26,43.39,43.52,44.626,51.222,58.2873,UP,1
2022-09-27,43.79,43.94,44.166,51.0884,58.2343,UP,1
2022-09-28,45.05,44.08,44.18,50.9404,58.1862,DOWN,0
2022-09-29,44.16,44.5,44.058,50.7726,58.1404,DOWN,0
2022-09-30,43.93,44.17,44.064,50.6232,58.0906,UP,1
2022-10-03,45.28,44.94,44.442,50.5118,58.0468,UP,1
2022-10-04,46.62,45.8,45.008,50.4126,58.0069,DOWN,0
2022-10-05,46.06,45.92,45.21,50.3078,57.9667,DOWN,0
2022-10-06,45.52,45.7,45.482,50.1734,57.9268,DOWN,0
2022-10-07,44.41,45.05,45.578,50.0156,57.8778,UP,1
2022-10-10,44.88,44.98,45.498,49.849,57.8311,DOWN,0
2022-10-11,43.95,44.28,44.964,49.6788,57.7751,DOWN,0
2022-10-12,43.81,43.94,44.514,49.524,57.7148,UP,1
2022-10-13,45.92,43.0,44.594,49.4126,57.6613,DOWN,0
2022-10-14,45.12,46.29,44.736,49.2952,57.6016,UP,1
2022-10-17,45.26,45.91,44.812,49.1706,57.544,UP,1
2022-10-18,46.38,46.28,45.298,49.0552,57.4923,DOWN,0
2022-10-19,45.13,46.24,45.562,48.9034,57.4336,DOWN,0
2022-10-20,44.93,45.39,45.364,48.7212,57.3662,UP,1
2022-10-21,46.87,45.02,45.714,48.5534,57.3088,UP,1
2022-10-24,47.04,46.89,46.07,48.3756,57.2528,UP,1
2022-10-25,47.85,46.71,46.364,48.2258,57.1965,UP,1
2022-10-26,47.99,48.0,46.936,48.0634,57.1445,DOWN,0
2022-10-27,47.62,48.12,47.474,47.9066,57.0867,DOWN,0
2022-10-28,47.48,47.2,47.596,47.7358,57.0278,DOWN,0
2022-10-31,46.74,47.48,47.536,47.5608,56.9618,UP,1
2022-11-01,46.93,47.42,47.352,47.4112,56.8927,DOWN,0
2022-11-02,46.93,46.86,47.14,47.2374,56.8264,DOWN,0
2022-11-03,46.49,46.27,46.914,47.0824,56.7596,UP,1
2022-11-04,49.03,48.27,47.224,46.9478,56.7157,UP,1
2022-11-07,49.5,48.99,47.776,46.8486,56.6796,UP,1
2022-11-08,49.65,49.89,48.32,46.7702,56.6448,DOWN,0
2022-11-09,47.68,49.35,48.47,46.6962,56.5973,UP,1
2022-11-10,49.96,49.45,49.164,46.6754,56.561,UP,1
2022-11-11,53.14,51.0,49.986,46.739,56.5258,DOWN,0
2022-11-14,51.95,52.47,50.476,46.7918,56.4853,DOWN,0
2022-11-15,51.6,52.41,50.866,46.852,56.4447,DOWN,0
2022-11-16,50.51,51.15,51.432,46.8828,56.3882,DOWN,0
2022-11-17,50.13,49.65,51.466,46.8974,56.3305,DOWN,0
2022-11-18,50.07,50.49,50.852,46.8886,56.2748,UP,1
2022-11-21,50.17,49.44,50.496,46.8734,56.2227,UP,1
2022-11-22,51.57,50.99,50.49,46.9474,56.181,DOWN,0
2022-11-23,51.55,51.29,50.698,47.037,56.1333,UP,1
2022-11-25,51.56,51.5,50.984,47.13,56.0811,DOWN,0
2022-11-28,50.2,50.85,51.01,47.2056,56.0274,UP,1
2022-11-29,50.65,50.25,51.106,47.2838,55.9752,UP,1
2022-11-30,50.97,50.52,50.986,47.3814,55.9259,X,X
