ticker,DXC US Equity,DXC US Equity,DXC US Equity,DXC US Equity,DXC US Equity,Predictions,OneHotPred
field,PX_LAST,PX_OPEN,MOV_AVG_5D,MOV_AVG_50D,MOV_AVG_200D,,
date,,,,,,,
2017-03-16,59.8801,59.0324,,,,DOWN,0
2017-03-17,57.9512,58.9978,,,,DOWN,0
2017-03-20,57.6831,58.055,,,,DOWN,0
2017-03-21,56.1608,57.4323,,,,UP,1
2017-03-22,56.4462,56.5241,57.6243,,,UP,1
2017-03-23,58.0637,57.9512,57.261,,,UP,1
2017-03-24,59.1276,59.2227,57.4963,,,DOWN,0
2017-03-27,57.9512,57.5188,57.5499,,,UP,1
2017-03-28,59.6811,59.6379,58.254,,,UP,1
2017-03-29,62.743,59.0324,59.5133,,,DOWN,0
2017-03-30,61.1948,62.5355,60.1396,,,DOWN,0
2017-03-31,59.8541,61.1256,60.2849,,,DOWN,0
2017-04-03,58.7729,59.9579,60.4492,,,UP,1
2017-04-04,60.0271,59.3179,60.5184,,,UP,1
2017-04-05,62.0943,60.5201,60.3887,,,UP,1
2017-04-06,64.594,62.8987,61.0685,,,UP,1
2017-04-07,65.6233,64.3518,62.2223,,,DOWN,0
2017-04-10,64.62,65.6492,63.3917,,,DOWN,0
2017-04-11,64.248,64.101,64.2359,,,UP,1
2017-04-12,65.8482,64.0405,64.9867,,,UP,1
2017-04-13,66.1769,65.4676,65.3033,,,UP,1
2017-04-17,66.6007,66.4277,65.4987,,,DOWN,0
2017-04-18,65.2081,66.3412,65.6164,,,DOWN,0
2017-04-19,65.087,65.8741,65.7842,,,UP,1
2017-04-20,65.2946,65.3206,65.6735,,,UP,1
2017-04-21,66.0125,65.4936,65.6406,,,DOWN,0
2017-04-24,65.4676,66.5747,65.414,,,UP,1
2017-04-25,65.8482,65.2254,65.542,,,UP,1
2017-04-26,65.8568,66.0212,65.696,,,DOWN,0
2017-04-27,65.632,66.0212,65.7634,,,DOWN,0
2017-04-28,65.1649,65.632,65.5939,,,UP,1
2017-05-01,66.0817,65.1995,65.7167,,,UP,1
2017-05-02,66.5834,66.1077,65.8638,,,UP,1
2017-05-03,66.8342,66.4623,66.0592,,,UP,1
2017-05-04,67.0851,67.3618,66.3499,,,UP,1
2017-05-05,67.803,67.284,66.8775,,,UP,1
2017-05-08,67.8203,67.5867,67.2252,,,UP,1
2017-05-09,68.3306,69.135,67.5746,,,UP,1
2017-05-10,68.8582,68.3825,67.9794,,,DOWN,0
2017-05-11,68.6939,68.5209,68.3012,,,UP,1
2017-05-12,68.8668,68.7198,68.5139,,,UP,1
2017-05-15,69.6539,68.8841,68.8807,,,UP,1
2017-05-16,69.7058,69.7923,69.1557,,,DOWN,0
2017-05-17,68.1403,69.2215,69.0122,,,DOWN,0
2017-05-18,67.5694,68.0711,68.7873,,,DOWN,0
2017-05-19,67.5262,67.5348,68.5191,,,UP,1
2017-05-22,67.8808,67.5521,68.1645,,,DOWN,0
2017-05-23,67.6992,67.8549,67.7632,,,DOWN,0
2017-05-24,67.4224,67.9414,67.6196,,,UP,1
2017-05-25,68.0192,67.9327,67.7095,64.5098,,UP,1
2017-05-26,68.0365,68.7717,67.8116,64.6729,,DOWN,0
2017-05-30,67.7597,67.5521,67.7874,64.8691,,DOWN,0
2017-05-31,67.0505,67.6646,67.6576,65.0564,,DOWN,0
2017-06-01,66.7218,66.8602,67.5175,65.2676,,UP,1
2017-06-02,67.111,66.6007,67.3359,65.4809,,UP,1
2017-06-05,67.2494,66.9034,67.1785,65.6646,,DOWN,0
2017-06-06,66.4882,67.0505,66.9242,65.8119,,DOWN,0
2017-06-07,66.4018,66.4969,66.7944,65.9809,,DOWN,0
2017-06-08,65.8655,66.4277,66.6232,66.1046,,DOWN,0
2017-06-09,64.9573,65.6492,66.1924,66.1488,,UP,1
2017-06-12,65.3465,64.6373,65.8119,66.2319,,UP,1
2017-06-13,65.6752,65.2341,65.6492,66.3483,,DOWN,0
2017-06-14,64.6892,65.7357,65.3067,66.4666,,DOWN,0
2017-06-15,64.0924,64.0578,64.9521,66.5479,,UP,1
2017-06-16,64.7324,63.6858,64.9071,66.6007,,UP,1
2017-06-19,66.3499,64.8708,65.1078,66.6358,,DOWN,0
2017-06-20,65.6665,66.0904,65.1061,66.6367,,UP,1
2017-06-21,66.099,65.7357,65.388,66.6663,,UP,1
2017-06-22,66.3585,66.2028,65.8413,66.7085,,UP,1
2017-06-23,67.8635,65.9693,66.4675,66.7488,,UP,1
2017-06-26,68.2008,67.5089,66.8377,66.7892,,DOWN,0
2017-06-27,67.0505,67.9327,67.1145,66.7982,,UP,1
2017-06-28,67.8116,67.3791,67.457,66.8503,,UP,1
2017-06-29,67.9327,67.63,67.7718,66.9072,,DOWN,0
2017-06-30,66.3585,67.6559,67.4708,66.9285,,DOWN,0
2017-07-03,65.6925,66.3931,66.9692,66.9221,,UP,1
2017-07-05,65.9433,65.6925,66.7477,66.9316,,UP,1
2017-07-06,66.1769,65.9087,66.4208,66.9382,,UP,1
2017-07-07,66.9986,66.1769,66.234,66.961,,UP,1
2017-07-10,67.3359,66.9121,66.4294,66.9951,,DOWN,0
2017-07-11,67.2321,67.3964,66.7373,67.0364,,UP,1
2017-07-12,68.0538,67.6819,67.1594,67.0759,,DOWN,0
2017-07-13,67.95,68.0538,67.5141,67.1032,,DOWN,0
2017-07-14,67.9068,68.1749,67.6957,67.1247,,DOWN,0
2017-07-17,67.6473,67.9154,67.758,67.1359,,DOWN,0
2017-07-18,67.4483,67.6732,67.8012,67.1288,,UP,1
2017-07-19,68.0797,67.4656,67.8064,67.134,,DOWN,0
2017-07-20,68.0192,67.9154,67.8203,67.1278,,UP,1
2017-07-21,69.1436,67.9241,68.0676,67.1335,,UP,1
2017-07-24,69.4118,69.1955,68.4205,67.1479,,DOWN,0
2017-07-25,69.2474,69.4983,68.7803,67.1555,,DOWN,0
2017-07-26,69.2474,69.2474,69.0139,67.1473,,DOWN,0
2017-07-27,67.8808,69.3858,68.9862,67.1108,,DOWN,0
2017-07-28,67.8376,67.8203,68.725,67.1048,,DOWN,0
2017-07-31,67.7943,67.9327,68.4015,67.1093,,UP,1
2017-08-01,68.616,68.1143,68.2752,67.1311,,DOWN,0
2017-08-02,67.5608,68.3046,67.9379,67.1247,,UP,1
2017-08-03,67.8462,67.7857,67.931,67.1276,,UP,1
2017-08-04,68.0884,67.8895,67.9811,67.1409,,UP,1
2017-08-07,68.2181,68.0278,68.0659,67.1449,,DOWN,0
2017-08-08,67.0245,67.8635,67.7476,67.1247,,UP,1
2017-08-09,71.7731,68.9187,68.5901,67.2049,,DOWN,0
2017-08-10,70.294,71.0897,69.0796,67.2698,,UP,1
2017-08-11,70.9687,70.4583,69.6557,67.3547,,UP,1
2017-08-14,72.8542,71.626,70.5829,67.4696,,UP,1
2017-08-15,73.823,73.0445,71.9426,67.6011,,UP,1
2017-08-16,74.2035,73.8316,72.4287,67.7554,,DOWN,0
2017-08-17,72.292,73.9527,72.8283,67.8732,,DOWN,0
2017-08-18,72.0844,72.2401,73.0514,67.9976,,DOWN,0
2017-08-21,72.0239,72.1104,72.8854,68.1389,,UP,1
2017-08-22,73.9614,72.2228,72.913,68.3112,,DOWN,0
2017-08-23,73.5808,73.4597,72.7885,68.4693,,DOWN,0
2017-08-24,73.5462,73.9527,73.0393,68.6465,,DOWN,0
2017-08-25,73.4164,73.8489,73.3057,68.8329,,DOWN,0
2017-08-28,73.3386,73.4251,73.5687,69.0051,,DOWN,0
2017-08-29,73.2608,72.9234,73.4286,69.1433,,DOWN,0
2017-08-30,73.0272,73.1656,73.3178,69.2905,,UP,1
2017-08-31,73.5202,73.4164,73.3127,69.4389,,DOWN,0
2017-09-01,73.4424,73.6327,73.3178,69.5806,,DOWN,0
2017-09-05,73.0359,73.1829,73.2573,69.684,,DOWN,0
2017-09-06,72.6639,73.0272,73.1379,69.7733,,UP,1
2017-09-07,72.9407,72.8802,73.1206,69.8911,,DOWN,0
2017-09-08,72.8023,72.9061,72.9771,69.9909,,UP,1
2017-09-11,73.7365,73.3818,73.0359,70.107,,UP,1
2017-09-12,74.3073,74.0133,73.2902,70.266,,DOWN,0
2017-09-13,73.8316,74.2122,73.5237,70.4288,,UP,1
2017-09-14,73.8662,73.5029,73.7088,70.5872,,DOWN,0
2017-09-15,73.5808,74.1949,73.8645,70.7353,,DOWN,0
2017-09-18,73.3905,73.5894,73.7953,70.8631,,DOWN,0
2017-09-19,73.3213,73.4337,73.5981,70.9828,,UP,1
2017-09-20,73.4251,73.3127,73.5168,71.1067,,DOWN,0
2017-09-21,73.3818,73.1051,73.4199,71.2133,,UP,1
2017-09-22,73.9614,73.0186,73.496,71.3335,,DOWN,0
2017-09-25,73.1483,73.8057,73.4476,71.4383,,DOWN,0
2017-09-26,72.6726,73.0532,73.3178,71.5388,,UP,1
2017-09-27,73.1916,73.1743,73.2711,71.6537,,UP,1
2017-09-28,73.3386,72.8715,73.2625,71.7589,,UP,1
2017-09-29,74.2814,73.1051,73.3265,71.8841,,DOWN,0
2017-10-02,73.823,74.2814,73.4614,71.9777,,DOWN,0
2017-10-03,73.6154,73.8403,73.65,72.0618,,UP,1
2017-10-04,73.9527,73.6154,73.8022,72.1559,,UP,1
2017-10-05,74.1949,73.9268,73.9735,72.2548,,UP,1
2017-10-06,75.6307,74.2727,74.2433,72.4098,,UP,1
2017-10-09,76.4697,75.9421,74.7727,72.5825,,DOWN,0
2017-10-10,76.1929,76.4783,75.2882,72.7504,,DOWN,0
2017-10-11,75.8123,75.968,75.6601,72.8944,,UP,1
2017-10-12,78.8829,79.6267,76.5977,73.1208,,DOWN,0
2017-10-13,78.7445,79.2289,77.2205,73.3388,,UP,1
2017-10-16,79.1337,78.7618,77.7533,73.5597,,UP,1
2017-10-17,79.67,79.0472,78.4487,73.7887,,DOWN,0
2017-10-18,79.2029,80.1371,79.1268,74.0323,,DOWN,0
2017-10-19,78.7359,78.7099,79.0974,74.1715,,UP,1
2017-10-20,79.4797,79.1597,79.2444,74.3553,,DOWN,0
2017-10-23,79.1337,79.817,79.2444,74.5186,,DOWN,0
2017-10-24,79.0645,79.0559,79.1233,74.6428,,DOWN,0
2017-10-25,78.3899,78.8396,78.9607,74.7341,,UP,1
2017-10-26,78.6494,78.978,78.9434,74.823,,UP,1
2017-10-27,79.497,78.7445,78.9469,74.9671,,DOWN,0
2017-10-30,78.8656,79.2894,78.8933,75.1027,,UP,1
2017-10-31,79.1597,78.9261,78.9123,75.2455,,DOWN,0
2017-11-01,79.1424,79.5662,79.0628,75.3491,,DOWN,0
2017-11-02,78.4418,78.7705,79.0213,75.4463,,UP,1
2017-11-03,79.0991,78.4158,78.9417,75.5574,,UP,1
2017-11-06,80.4571,78.8483,79.26,75.6982,,DOWN,0
2017-11-07,80.0333,80.4052,79.4347,75.8321,,UP,1
2017-11-08,83.6833,83.8996,80.3429,76.0405,,DOWN,0
2017-11-09,81.8497,83.5536,81.0245,76.217,,UP,1
2017-11-10,82.9827,81.8151,81.8012,76.4062,,UP,1
2017-11-13,83.7266,82.9481,82.4551,76.6119,,DOWN,0
2017-11-14,82.827,83.6401,83.0139,76.8077,,UP,1
2017-11-15,83.026,82.4811,82.8824,77.015,,UP,1
2017-11-16,84.1764,83.1384,83.3477,77.2397,,DOWN,0
2017-11-17,83.8131,83.8044,83.5138,77.4599,,UP,1
2017-11-20,84.6867,83.8996,83.7058,77.6789,,UP,1
2017-11-21,85.6468,85.2229,84.2698,77.9057,,DOWN,0
2017-11-22,84.5829,85.4651,84.5811,78.1207,,DOWN,0
2017-11-24,84.5569,84.9289,84.6573,78.3345,,DOWN,0
2017-11-27,84.3666,84.851,84.768,78.5502,,UP,1
2017-11-28,84.7645,84.7645,84.7835,78.7777,,DOWN,0
2017-11-29,82.6195,84.8078,84.1781,78.9637,,UP,1
2017-11-30,83.1557,82.9222,83.8926,79.1583,,DOWN,0
2017-12-01,82.6713,83.1211,83.5155,79.3441,,DOWN,0
2017-12-04,80.6301,82.8876,82.7682,79.4775,,DOWN,0
2017-12-05,80.3273,80.0506,81.8808,79.621,,UP,1
2017-12-06,80.7685,80.3792,81.5106,79.783,,UP,1
2017-12-07,81.8669,80.6993,81.2528,79.9565,,UP,1
2017-12-08,82.9741,82.1697,81.3134,80.1492,,DOWN,0
2017-12-11,82.8357,82.8443,81.7545,80.3203,,DOWN,0
2017-12-12,81.988,82.8184,82.0866,80.4836,,UP,1
2017-12-13,82.1264,81.9707,82.3582,80.6538,,DOWN,0
2017-12-14,81.4777,82.1264,82.2804,80.8043,,UP,1
2017-12-15,82.3859,82.1091,82.1628,80.9681,,UP,1
2017-12-18,82.9568,82.8876,82.187,81.1146,,DOWN,0
2017-12-19,82.1091,82.8184,82.2112,81.2274,,UP,1
2017-12-20,82.4984,82.6886,82.2856,81.3535,,UP,1
2017-12-21,83.3114,82.9049,82.6523,81.5035,,DOWN,0
2017-12-22,82.9395,83.0865,82.763,81.5846,,UP,1
2017-12-26,82.9481,82.7578,82.7613,81.6687,,DOWN,0
2017-12-27,81.9361,83.0865,82.7267,81.7248,,UP,1
2017-12-28,82.1437,81.9534,82.6558,81.7742,71.8044,DOWN,0
2017-12-29,82.0832,82.2475,82.4101,81.8318,71.9154,UP,1
2018-01-02,82.2129,82.0832,82.2648,81.9014,72.0367,UP,1
2018-01-03,83.7698,82.5849,82.4292,81.9872,72.1672,UP,1
2018-01-04,85.7851,84.2542,83.199,82.1202,72.3153,UP,1
2018-01-05,87.0393,86.0619,84.1781,82.2797,72.4683,DOWN,0
2018-01-08,86.9701,87.0047,85.1555,82.4513,72.6128,UP,1
2018-01-09,87.9043,87.0999,86.2937,82.6364,72.7567,DOWN,0
2018-01-10,87.5583,87.2383,87.0514,82.7976,72.9047,DOWN,0
2018-01-11,87.4372,87.8091,87.3818,82.9691,73.0435,UP,1
2018-01-12,87.6102,87.688,87.496,83.1381,73.1678,DOWN,0
2018-01-16,87.4112,88.0426,87.5842,83.3034,73.2989,DOWN,0
2018-01-17,87.022,87.7053,87.4078,83.4751,73.4347,DOWN,0
2018-01-18,86.9096,86.8231,87.278,83.6313,73.5754,UP,1
2018-01-19,87.342,87.3593,87.259,83.769,73.712,UP,1
2018-01-22,87.9735,87.1431,87.3317,83.9278,73.8414,UP,1
2018-01-23,88.181,88.0167,87.4856,84.0177,73.9593,DOWN,0
2018-01-24,87.5237,88.2243,87.586,84.1312,74.0688,UP,1
2018-01-25,88.1032,87.8091,87.8247,84.2336,74.1862,UP,1
2018-01-26,88.6568,88.4059,88.0876,84.3322,74.3083,DOWN,0
2018-01-29,86.5982,88.6049,87.8126,84.4076,74.412,DOWN,0
2018-01-30,85.6295,86.356,87.3023,84.4597,74.5093,UP,1
2018-01-31,86.1052,86.9355,87.0186,84.4983,74.6068,DOWN,0
2018-02-01,86.0533,85.5862,86.6086,84.5431,74.7111,DOWN,0
2018-02-02,85.5343,85.7073,85.9841,84.56,74.8133,DOWN,0
2018-02-05,83.1125,85.1278,85.2869,84.5094,74.9024,DOWN,0
2018-02-06,82.9827,81.4258,84.7576,84.4774,74.9872,UP,1
2018-02-07,83.1038,82.6713,84.1573,84.4483,75.0754,DOWN,0
2018-02-08,79.5057,83.0865,82.8478,84.3511,75.1437,UP,1
2018-02-09,83.8909,81.8237,82.5191,84.3336,75.2339,UP,1
2018-02-12,84.678,84.5483,82.8322,84.3748,75.3291,DOWN,0
2018-02-13,84.1072,83.9774,83.0571,84.3938,75.4238,UP,1
2018-02-14,86.6155,83.5103,83.7594,84.4727,75.5265,UP,1
2018-02-15,87.4372,87.0566,85.3458,84.6088,75.6307,DOWN,0
2018-02-16,87.2037,87.221,86.0083,84.7463,75.7326,DOWN,0
2018-02-20,87.0739,86.5722,86.4875,84.8725,75.8325,UP,1
2018-02-21,87.2556,87.1431,87.1172,84.9802,75.9298,UP,1
2018-02-22,87.4545,87.5323,87.285,85.0698,76.028,UP,1
2018-02-23,89.9369,88.1205,87.7849,85.2119,76.136,UP,1
2018-02-26,90.5077,90.0666,88.4457,85.3823,76.2443,DOWN,0
2018-02-27,89.2103,90.3348,88.873,85.5239,76.3468,DOWN,0
2018-02-28,88.6914,90.0147,89.1602,85.6682,76.446,DOWN,0
2018-03-01,87.2988,88.9681,89.129,85.7665,76.5342,UP,1
2018-03-02,87.4458,86.5376,88.6308,85.8562,76.6229,UP,1
2018-03-05,88.2243,87.0307,88.1741,85.9785,76.7233,DOWN,0
2018-03-06,88.0945,88.7692,87.951,86.0905,76.8259,UP,1
2018-03-07,88.5703,87.2556,87.9267,86.1956,76.9311,UP,1
2018-03-08,89.2363,88.6654,88.3142,86.3216,77.0379,UP,1
2018-03-09,92.3068,89.9542,89.2864,86.5088,77.161,DOWN,0
2018-03-12,91.7533,92.4971,89.9922,86.7051,77.2826,DOWN,0
2018-03-13,91.7187,92.4106,90.7171,86.8966,77.4011,DOWN,0
2018-03-14,90.2483,92.2549,91.0527,87.0599,77.5122,UP,1
2018-03-15,90.3348,90.3953,91.2724,87.2223,77.625,UP,1
2018-03-16,90.3953,90.3866,90.89,87.3548,77.7418,UP,1
2018-03-19,91.4678,90.1099,90.833,87.4685,77.8655,UP,1
2018-03-20,92.8171,91.5111,91.0527,87.5841,77.994,DOWN,0
2018-03-21,92.0127,92.6096,91.4056,87.6849,78.1178,DOWN,0
2018-03-22,89.1238,91.1651,91.1634,87.7093,78.231,DOWN,0
2018-03-23,87.7053,89.1584,90.6254,87.7122,78.3375,UP,1
2018-03-26,89.9023,89.0114,90.3123,87.7615,78.4577,DOWN,0
2018-03-27,88.1983,90.4558,89.3885,87.7733,78.5739,DOWN,0
2018-03-28,87.0134,88.354,88.3886,87.7653,78.6823,DOWN,0
2018-03-29,86.9528,87.4199,87.9544,87.764,78.7887,DOWN,0
2018-04-02,86.0446,87.048,87.6223,87.7467,78.8954,UP,1
2018-04-03,86.6068,86.1571,86.9632,87.732,79.008,UP,1
2018-04-04,87.7572,85.1883,86.875,87.7276,79.1231,UP,1
2018-04-05,88.3367,88.3973,87.1396,87.7308,79.2331,DOWN,0
2018-04-06,86.2868,87.6448,87.0064,87.706,79.3362,UP,1
2018-04-09,86.529,86.503,87.1033,87.6745,79.4383,UP,1
2018-04-10,88.6827,87.8524,87.5185,87.675,79.5499,DOWN,0
2018-04-11,88.6395,87.9129,87.6949,87.7159,79.6538,UP,1
2018-04-12,89.9542,89.3055,88.0184,87.8024,79.7626,DOWN,0
2018-04-13,89.1584,90.3953,88.5928,87.8634,79.8731,UP,1
2018-04-16,89.9628,89.9801,89.2795,87.9416,79.9839,UP,1
2018-04-17,90.2223,90.6375,89.5874,88.0354,80.0953,UP,1
2018-04-18,90.378,90.2223,89.9351,88.1807,80.2154,DOWN,0
2018-04-19,90.0061,89.8417,89.9455,88.3212,80.337,DOWN,0
2018-04-20,89.5304,90.1272,90.0199,88.4497,80.4549,UP,1
2018-04-23,89.9542,89.9369,90.0182,88.6587,80.5738,DOWN,0
2018-04-24,89.0892,90.1445,89.7916,88.7626,80.6843,DOWN,0
2018-04-25,88.0686,88.8124,89.3297,88.8304,80.7879,UP,1
2018-04-26,89.6168,88.5097,89.2518,88.9406,80.8999,DOWN,0
2018-04-27,89.5044,89.6168,89.2467,88.9984,81.0071,DOWN,0
2018-04-30,89.1411,89.8417,89.084,89.0325,81.1131,DOWN,0
2018-05-01,88.8989,89.2276,89.046,89.0664,81.218,DOWN,0
2018-05-02,87.9389,88.8297,89.02,89.0837,81.3195,DOWN,0
2018-05-03,87.541,87.5669,88.6049,89.0894,81.4199,UP,1
2018-05-04,88.2329,87.2296,88.3506,89.105,81.5207,DOWN,0
2018-05-07,87.6707,88.1724,88.0565,89.0597,81.619,UP,1
2018-05-08,88.8557,87.3074,88.0478,89.0266,81.7175,UP,1
2018-05-09,89.4698,89.0027,88.354,89.0318,81.8178,UP,1
2018-05-10,90.1877,89.6774,88.8834,89.0617,81.9225,UP,1
2018-05-11,90.4731,90.2137,89.3314,89.1252,82.0287,DOWN,0
2018-05-14,88.726,90.8364,89.5425,89.1508,82.1329,DOWN,0
2018-05-15,87.2469,88.4838,89.2207,89.1313,82.2299,DOWN,0
2018-05-16,87.1518,87.3074,88.7571,89.1124,82.3267,DOWN,0
2018-05-17,86.4166,87.2296,88.0029,89.0693,82.4157,UP,1
2018-05-18,86.6933,86.382,87.2469,89.0185,82.5114,UP,1
2018-05-21,87.3334,87.0134,86.9684,88.919,82.6088,DOWN,0
2018-05-22,85.9668,87.3593,86.7124,88.8033,82.6982,UP,1
2018-05-23,86.5636,85.4651,86.5947,88.7002,82.7899,DOWN,0
2018-05-24,86.2349,86.849,86.5584,88.6199,82.886,DOWN,0
2018-05-25,81.4864,86.0619,85.517,88.4429,82.9345,DOWN,0
2018-05-29,77.8363,80.3446,83.6176,88.1918,82.9723,UP,1
2018-05-30,80.1544,79.6959,82.4551,87.9655,83.0182,DOWN,0
2018-05-31,79.67,80.189,81.0764,87.7026,83.0523,UP,1
2018-06-01,83.4,80.83,80.5094,87.5303,83.1002,UP,1
2018-06-04,84.29,83.23,81.0701,87.4336,83.1506,DOWN,0
2018-06-05,83.94,83.87,82.2909,87.3583,83.2088,UP,1
2018-06-06,84.75,83.77,83.21,87.2553,83.2722,DOWN,0
2018-06-07,84.4,85.0,84.156,87.1793,83.334,UP,1
2018-06-08,85.54,84.39,84.584,87.1498,83.3919,DOWN,0
2018-06-11,84.9,85.5,84.706,87.1088,83.4485,DOWN,0
2018-06-12,84.69,85.19,84.856,87.0817,83.5042,DOWN,0
2018-06-13,84.48,84.73,84.802,87.0392,83.5596,DOWN,0
2018-06-14,84.45,84.51,84.812,86.973,83.6151,DOWN,0
2018-06-15,83.86,84.45,84.476,86.8835,83.6681,DOWN,0
2018-06-18,83.65,82.78,84.226,86.8307,83.7212,DOWN,0
2018-06-19,83.06,82.59,83.9,86.7614,83.7689,DOWN,0
2018-06-20,82.32,83.61,83.468,86.6341,83.8133,DOWN,0
2018-06-21,81.08,82.15,82.794,86.4829,83.8535,DOWN,0
2018-06-22,80.85,81.81,82.192,86.3008,83.8945,DOWN,0
2018-06-25,78.83,80.69,81.228,86.0943,83.9239,DOWN,0
2018-06-26,78.5,78.87,80.316,85.865,83.9524,UP,1
2018-06-27,78.61,78.67,79.574,85.6328,83.9768,UP,1
2018-06-28,79.98,78.62,79.354,85.4248,84.0051,UP,1
2018-06-29,80.61,80.15,79.306,85.2369,84.039,UP,1
2018-07-02,82.0,79.665,79.94,85.0863,84.0797,DOWN,0
2018-07-03,82.0,82.42,80.64,84.9272,84.1218,UP,1
2018-07-05,83.2,82.36,81.558,84.8094,84.1708,UP,1
2018-07-06,83.55,83.17,82.272,84.719,84.222,UP,1
2018-07-09,84.22,83.54,82.994,84.6111,84.276,UP,1
2018-07-10,84.99,84.56,83.592,84.5208,84.334,DOWN,0
2018-07-11,84.05,84.13,84.002,84.419,84.3844,UP,1
2018-07-12,85.64,84.5,84.49,84.3538,84.4469,UP,1
2018-07-13,86.15,85.52,85.01,84.318,84.5143,DOWN,0
2018-07-16,85.72,86.36,85.31,84.2816,84.5769,UP,1
2018-07-17,86.54,85.59,85.62,84.2477,84.6429,UP,1
2018-07-18,87.1,86.4,86.23,84.2363,84.707,UP,1
2018-07-19,87.17,87.05,86.536,84.2026,84.7738,DOWN,0
2018-07-20,87.04,87.03,86.714,84.154,84.8409,UP,1
2018-07-23,87.69,87.02,87.108,84.1041,84.9096,DOWN,0
2018-07-24,86.94,88.29,87.188,84.0334,84.9733,UP,1
2018-07-25,88.24,86.98,87.416,84.0237,85.0363,DOWN,0
2018-07-26,87.17,88.22,87.416,84.0221,85.0898,DOWN,0
2018-07-27,85.87,87.23,87.182,83.9965,85.1382,DOWN,0
2018-07-30,84.51,85.93,86.546,83.9584,85.1817,UP,1
2018-07-31,84.74,84.88,86.106,83.9193,85.211,UP,1
2018-08-01,85.89,84.37,85.636,83.8904,85.2467,UP,1
2018-08-02,86.1,84.95,85.422,83.8931,85.2816,UP,1
2018-08-03,86.4,86.51,85.528,83.8898,85.3152,UP,1
2018-08-06,86.9,86.2,86.006,83.9031,85.3537,UP,1
2018-08-07,87.08,87.24,86.474,84.015,85.3954,UP,1
2018-08-08,88.99,89.3,87.094,84.2381,85.443,DOWN,0
2018-08-09,87.25,88.9,87.324,84.38,85.4836,DOWN,0
2018-08-10,86.1,86.52,87.264,84.5086,85.5187,DOWN,0
2018-08-13,84.59,86.02,86.802,84.5324,85.5497,UP,1
2018-08-14,86.56,84.77,86.698,84.5778,85.5893,DOWN,0
2018-08-15,86.52,86.21,86.204,84.6294,85.6244,UP,1
2018-08-16,86.75,87.44,86.104,84.6694,85.6638,UP,1
2018-08-17,87.37,86.5,86.358,84.7288,85.7049,UP,1
2018-08-20,87.68,87.38,86.976,84.7716,85.7476,UP,1
2018-08-21,88.2,87.57,87.304,84.8376,85.7963,UP,1
2018-08-22,88.43,87.88,87.686,84.9124,85.843,UP,1
2018-08-23,88.61,88.52,88.058,84.995,85.8838,UP,1
2018-08-24,89.64,88.93,88.512,85.0988,85.9318,UP,1
2018-08-27,89.77,90.22,88.93,85.217,85.9622,UP,1
2018-08-28,90.06,89.89,89.302,85.3452,86.0033,UP,1
2018-08-29,91.14,90.24,89.844,85.5068,86.0441,DOWN,0
2018-08-30,90.66,90.99,90.254,85.6736,86.0787,UP,1
2018-08-31,91.09,90.41,90.544,85.8738,86.1201,DOWN,0
2018-09-04,90.71,90.4,90.732,86.071,86.1585,DOWN,0
2018-09-05,90.07,90.45,90.734,86.2958,86.1879,UP,1
2018-09-06,90.83,89.85,90.672,86.5424,86.223,DOWN,0
2018-09-07,90.2,90.56,90.58,86.7742,86.2506,DOWN,0
2018-09-10,89.77,90.51,90.316,86.97,86.2712,UP,1
2018-09-11,90.04,89.77,90.182,87.1586,86.2985,UP,1
2018-09-12,91.42,90.0,90.452,87.347,86.3328,UP,1
2018-09-13,92.54,91.81,90.794,87.5578,86.3737,DOWN,0
2018-09-14,92.46,92.73,91.246,87.743,86.4122,UP,1
2018-09-17,92.74,92.69,91.84,87.9268,86.4628,UP,1
2018-09-18,92.85,92.74,92.402,88.0994,86.5112,UP,1
2018-09-19,93.32,92.99,92.782,88.266,86.5645,UP,1
2018-09-20,94.82,93.8,93.238,88.4814,86.6354,UP,1
2018-09-21,96.38,95.22,94.022,88.6962,86.7157,DOWN,0
2018-09-24,94.34,95.92,94.342,88.86,86.7835,UP,1
2018-09-25,94.84,94.66,94.74,89.0424,86.8484,DOWN,0
2018-09-26,94.24,94.96,94.924,89.1964,86.9047,DOWN,0
2018-09-27,93.73,94.23,94.706,89.329,86.9592,DOWN,0
2018-09-28,93.52,93.44,94.134,89.456,87.0169,UP,1
2018-10-01,93.89,94.1,94.044,89.593,87.0757,DOWN,0
2018-10-02,93.43,93.83,93.762,89.7078,87.1354,UP,1
2018-10-03,93.67,93.89,93.648,89.8424,87.1919,DOWN,0
2018-10-04,92.91,93.19,93.484,89.9358,87.2416,DOWN,0
2018-10-05,90.99,92.52,92.978,90.0122,87.286,DOWN,0
2018-10-08,90.08,90.48,92.216,90.0964,87.3239,DOWN,0
2018-10-09,89.65,89.71,91.46,90.1992,87.3556,DOWN,0
2018-10-10,86.9,89.45,90.106,90.2424,87.3754,DOWN,0
2018-10-11,85.87,86.62,88.698,90.242,87.3901,UP,1
2018-10-12,87.66,87.45,88.032,90.2732,87.4187,DOWN,0
2018-10-15,87.41,87.36,87.498,90.2934,87.445,UP,1
2018-10-16,90.06,88.48,87.58,90.3566,87.4849,DOWN,0
2018-10-17,89.47,90.01,88.094,90.4044,87.5212,DOWN,0
2018-10-18,88.41,89.14,88.602,90.3928,87.5444,DOWN,0
2018-10-19,88.3,88.53,88.73,90.4138,87.5569,UP,1
2018-10-22,88.67,88.74,88.982,90.4652,87.5651,DOWN,0
2018-10-23,87.56,87.28,88.482,90.5246,87.5681,DOWN,0
2018-10-24,73.25,86.86,85.238,90.2584,87.4948,UP,1
2018-10-25,75.94,74.41,82.744,90.0468,87.4367,DOWN,0
2018-10-26,73.12,74.28,79.708,89.7742,87.3651,DOWN,0
2018-10-29,69.54,74.29,75.882,89.4176,87.2748,UP,1
2018-10-30,71.06,69.42,72.582,89.0852,87.193,UP,1
2018-10-31,72.83,72.33,72.498,88.7778,87.122,DOWN,0
2018-11-01,71.58,73.5,71.626,88.4408,87.0454,DOWN,0
2018-11-02,70.63,71.6,71.128,88.0812,86.9618,UP,1
2018-11-05,71.81,70.82,71.582,87.7246,86.881,UP,1
2018-11-06,72.21,72.02,71.812,87.3734,86.8012,DOWN,0
2018-11-07,63.21,65.85,69.888,86.8364,86.6796,UP,1
2018-11-08,63.26,63.62,68.224,86.2788,86.5554,DOWN,0
2018-11-09,62.0,62.54,66.498,85.7056,86.4221,UP,1
2018-11-12,62.01,61.67,64.538,85.124,86.2991,UP,1
2018-11-13,62.04,62.0,62.504,84.5506,86.1812,DOWN,0
2018-11-14,61.66,62.57,62.194,83.9824,86.059,UP,1
2018-11-15,62.27,61.42,61.996,83.4112,85.9401,UP,1
2018-11-16,62.69,61.92,62.134,82.861,85.8258,DOWN,0
2018-11-19,59.42,62.44,61.616,82.254,85.7074,DOWN,0
2018-11-20,57.79,58.2,60.766,81.609,85.5814,UP,1
2018-11-21,58.19,58.25,60.072,80.9444,85.4568,DOWN,0
2018-11-23,57.97,57.59,59.212,80.253,85.3492,UP,1
2018-11-26,59.61,59.55,58.596,79.596,85.2278,UP,1
2018-11-27,60.58,59.13,58.828,78.9528,85.1073,UP,1
2018-11-28,62.36,60.92,59.742,78.343,84.9985,DOWN,0
2018-11-29,62.31,62.12,60.566,77.7228,84.877,UP,1
2018-11-30,63.04,62.21,61.58,77.0872,84.755,UP,1
2018-12-03,63.5,63.96,62.358,76.4296,84.6365,DOWN,0
2018-12-04,62.03,62.99,62.648,75.7834,84.5113,DOWN,0
2018-12-06,60.52,60.62,62.28,75.097,84.3776,DOWN,0
2018-12-07,58.93,60.54,61.604,74.3908,84.235,DOWN,0
2018-12-10,58.86,58.97,60.768,73.6934,84.0796,DOWN,0
2018-12-11,58.34,59.77,59.736,72.9898,83.9188,DOWN,0
2018-12-12,58.15,59.01,58.96,72.275,83.7635,DOWN,0
2018-12-13,58.08,58.28,58.472,71.568,83.6104,DOWN,0
2018-12-14,56.76,57.51,58.038,70.8298,83.4577,DOWN,0
2018-12-17,55.49,56.41,57.364,70.0814,83.2979,DOWN,0
2018-12-18,55.18,55.92,56.732,69.3652,83.1327,DOWN,0
2018-12-19,54.07,55.27,55.916,68.645,82.9626,DOWN,0
2018-12-20,52.74,53.74,54.848,67.9068,82.7834,DOWN,0
2018-12-21,50.48,52.59,53.592,67.1784,82.5896,DOWN,0
2018-12-24,50.03,50.33,52.5,66.4616,82.3783,UP,1
2018-12-26,52.13,50.4,51.89,65.751,82.1801,UP,1
2018-12-27,53.44,51.48,51.764,65.0716,81.9888,DOWN,0
2018-12-28,52.95,53.44,51.806,64.3294,81.8023,UP,1
2018-12-31,53.17,53.11,52.344,63.6034,81.6164,UP,1
2019-01-02,54.49,52.28,53.236,62.925,81.4369,UP,1
2019-01-03,54.71,54.11,53.752,62.2532,81.2531,UP,1
2019-01-04,57.32,55.57,54.528,61.6262,81.0756,UP,1
2019-01-07,57.36,54.5,55.41,61.0222,80.9024,UP,1
2019-01-08,59.16,57.96,56.608,60.7404,80.7526,UP,1
2019-01-09,59.19,59.31,57.548,60.4054,80.61,UP,1
2019-01-10,60.63,58.78,58.732,60.1556,80.4636,UP,1
2019-01-11,61.08,60.18,59.484,59.9864,80.328,DOWN,0
2019-01-14,60.22,60.26,60.056,59.7696,80.1941,UP,1
2019-01-15,60.71,60.45,60.366,59.5272,80.0628,UP,1
2019-01-16,61.31,60.79,60.79,59.3218,79.9392,UP,1
2019-01-17,61.94,61.16,61.052,59.148,79.8158,UP,1
2019-01-18,62.62,62.5,61.36,58.9642,79.6902,DOWN,0
2019-01-22,61.82,62.41,61.68,58.7564,79.5576,UP,1
2019-01-23,62.02,62.22,61.942,58.7326,79.4362,UP,1
2019-01-24,62.12,62.23,62.104,58.7098,79.3142,UP,1
2019-01-25,63.34,62.95,62.384,58.7366,79.1875,DOWN,0
2019-01-28,62.92,62.36,62.444,58.7548,79.0589,DOWN,0
2019-01-29,62.46,62.99,62.572,58.7632,78.9214,UP,1
2019-01-30,64.18,62.62,63.004,58.8136,78.7965,DOWN,0
2019-01-31,64.12,64.03,63.404,58.8506,78.6673,UP,1
2019-02-01,65.1,64.38,63.756,58.8988,78.5417,DOWN,0
2019-02-04,64.76,64.9,64.124,59.0056,78.4136,DOWN,0
2019-02-05,64.71,64.95,64.574,59.144,78.2871,UP,1
2019-02-06,65.49,64.75,64.836,59.29,78.1669,DOWN,0
2019-02-07,64.61,65.16,64.934,59.4228,78.0402,UP,1
2019-02-08,69.21,66.0,65.756,59.6148,77.9408,DOWN,0
2019-02-11,67.24,68.89,66.252,59.748,77.8367,DOWN,0
2019-02-12,67.05,67.56,66.72,59.8418,77.7238,UP,1
2019-02-13,67.2,67.33,67.062,59.9396,77.6123,DOWN,0
2019-02-14,65.29,67.07,67.198,59.9846,77.493,UP,1
2019-02-15,65.46,65.96,66.448,60.0238,77.3759,UP,1
2019-02-19,65.83,65.21,66.166,60.0998,77.2653,UP,1
2019-02-20,66.44,66.02,66.044,60.2182,77.1598,DOWN,0
2019-02-21,66.11,66.6,65.826,60.3618,77.0492,UP,1
2019-02-22,66.67,66.44,66.102,60.518,76.9442,UP,1
2019-02-25,66.93,67.42,66.396,60.6898,76.8346,UP,1
2019-02-26,67.18,66.86,66.666,60.8704,76.7231,DOWN,0
2019-02-27,66.93,67.03,66.764,61.0474,76.6068,DOWN,0
2019-02-28,65.86,66.97,66.714,61.2294,76.4838,UP,1
2019-03-01,67.27,66.47,66.834,61.465,76.3765,DOWN,0
2019-03-04,66.01,67.41,66.65,61.6816,76.2703,DOWN,0
2019-03-05,65.09,66.0,66.232,61.902,76.16,DOWN,0
2019-03-06,64.26,65.09,65.698,62.1324,76.0492,UP,1
2019-03-07,64.38,64.03,65.402,62.4104,75.9376,DOWN,0
2019-03-08,64.19,63.62,64.786,62.6936,75.8219,UP,1
2019-03-11,65.44,64.64,64.672,62.9598,75.7193,DOWN,0
2019-03-12,65.11,65.68,64.676,63.1932,75.612,UP,1
2019-03-13,65.51,65.25,64.926,63.4444,75.5084,DOWN,0
2019-03-14,65.32,65.39,65.114,63.6874,75.4276,UP,1
2019-03-15,65.75,65.3,65.426,63.9126,75.3671,UP,1
2019-03-18,66.1,66.06,65.558,64.1404,75.2968,UP,1
2019-03-19,66.39,66.5,65.814,64.3218,75.2305,DOWN,0
2019-03-20,65.47,66.22,65.806,64.484,75.1408,UP,1
2019-03-21,66.64,65.26,66.07,64.6336,75.0526,DOWN,0
2019-03-22,64.34,65.84,65.788,64.7366,74.9546,UP,1
2019-03-25,64.42,64.28,65.452,64.8124,74.8529,UP,1
2019-03-26,64.83,64.88,65.14,64.8874,74.7551,DOWN,0
2019-03-27,63.9,64.85,64.826,64.961,74.6469,UP,1
2019-03-28,64.31,64.26,64.36,65.033,74.5439,DOWN,0
2019-03-29,64.31,64.73,64.354,65.093,74.442,UP,1
2019-04-01,65.64,64.54,64.598,65.167,74.3478,DOWN,0
2019-04-02,64.19,65.63,64.47,65.1984,74.2465,UP,1
2019-04-03,65.29,64.67,64.748,65.2678,74.1537,DOWN,0
2019-04-04,64.72,65.56,64.83,65.3218,74.059,UP,1
2019-04-05,65.45,64.74,65.058,65.3884,73.971,DOWN,0
2019-04-08,64.64,65.26,64.858,65.4144,73.8826,DOWN,0
2019-04-09,63.6,64.56,64.74,65.428,73.7952,UP,1
2019-04-10,64.4,63.89,64.562,65.4668,73.7129,UP,1
2019-04-11,64.57,64.86,64.532,65.4746,73.6416,UP,1
2019-04-12,65.98,64.92,64.638,65.5118,73.579,DOWN,0
2019-04-15,65.75,66.68,64.86,65.5248,73.5147,UP,1
2019-04-16,65.99,65.89,65.338,65.5494,73.4448,DOWN,0
2019-04-17,65.2,66.23,65.498,65.5592,73.3677,DOWN,0
2019-04-18,64.58,65.14,65.5,65.541,73.2806,UP,1
2019-04-22,64.61,64.22,65.226,65.541,73.1937,UP,1
2019-04-23,65.86,64.79,65.248,65.474,73.107,DOWN,0
2019-04-24,64.92,65.92,65.034,65.4276,73.0138,DOWN,0
2019-04-25,64.34,64.86,64.862,65.3734,72.9144,UP,1
2019-04-26,65.0,64.34,64.946,65.3294,72.8145,UP,1
2019-04-29,65.5,65.0,65.124,65.3336,72.7217,UP,1
2019-04-30,65.74,65.75,65.1,65.3392,72.6222,UP,1
2019-05-01,65.84,66.0,65.284,65.3394,72.5207,DOWN,0
2019-05-02,64.51,65.98,65.318,65.3008,72.4146,DOWN,0
2019-05-03,63.01,64.31,64.92,65.2388,72.297,DOWN,0
2019-05-06,62.48,61.8,64.316,65.155,72.1739,DOWN,0
2019-05-07,60.87,61.85,63.342,65.0338,72.0424,DOWN,0
2019-05-08,60.3,60.5,62.234,64.8962,71.9087,DOWN,0
2019-05-09,59.44,59.52,61.22,64.7464,71.7674,DOWN,0
2019-05-10,59.03,59.05,60.424,64.6098,71.6279,DOWN,0
2019-05-13,55.98,57.61,59.124,64.384,71.4666,UP,1
2019-05-14,57.0,56.07,58.35,64.2038,71.3157,UP,1
2019-05-15,57.39,56.76,57.768,64.0498,71.1733,UP,1
2019-05-16,57.66,57.5,57.412,63.9178,71.0391,DOWN,0
2019-05-17,56.33,56.9,56.872,63.7568,70.897,DOWN,0
2019-05-20,54.66,55.45,56.608,63.5662,70.7409,UP,1
2019-05-21,55.24,55.17,56.256,63.3622,70.5866,DOWN,0
2019-05-22,54.3,54.89,55.638,63.146,70.4261,DOWN,0
2019-05-23,51.98,53.68,54.502,62.8754,70.2515,UP,1
2019-05-24,53.08,53.11,53.852,62.6306,70.0815,DOWN,0
2019-05-28,51.41,53.0,53.202,62.3438,69.8936,DOWN,0
2019-05-29,49.7,51.13,52.094,62.0158,69.7058,DOWN,0
2019-05-30,49.38,49.87,51.11,61.6756,69.5222,DOWN,0
2019-05-31,47.54,48.55,50.222,61.317,69.337,DOWN,0
2019-06-03,46.64,47.47,48.934,60.917,69.1374,UP,1
2019-06-04,48.37,47.24,48.326,60.5976,68.9466,DOWN,0
2019-06-05,47.84,48.75,47.954,60.266,68.7521,UP,1
2019-06-06,48.35,48.08,47.748,59.9364,68.557,UP,1
2019-06-07,49.18,48.54,48.076,59.642,68.3645,UP,1
2019-06-10,50.27,49.55,48.802,59.3612,68.1748,UP,1
2019-06-11,50.73,50.72,49.274,59.0896,67.9863,DOWN,0
2019-06-12,50.18,50.4,49.742,58.7804,67.7942,UP,1
2019-06-13,51.44,50.63,50.36,58.5254,67.6032,UP,1
2019-06-14,51.72,51.05,50.868,58.254,67.4129,UP,1
2019-06-17,51.9,51.74,51.194,57.9976,67.2221,UP,1
2019-06-18,53.29,52.41,51.706,57.7544,67.0329,DOWN,0
2019-06-19,53.11,53.47,52.292,57.5238,66.8451,UP,1
2019-06-20,54.41,54.06,52.886,57.34,66.6617,UP,1
2019-06-21,54.44,54.15,53.43,57.1408,66.4804,DOWN,0
2019-06-24,53.94,54.38,53.838,56.9282,66.2997,UP,1
2019-06-25,54.01,54.05,53.982,56.6888,66.1156,DOWN,0
2019-06-26,53.62,54.22,54.084,56.4462,65.9327,UP,1
2019-06-27,53.8,53.74,53.962,56.2024,65.7529,UP,1
2019-06-28,55.15,54.06,54.104,56.0014,65.5784,UP,1
2019-07-01,55.94,56.01,54.504,55.8286,65.401,UP,1
2019-07-02,55.97,55.95,54.896,55.6558,65.2182,DOWN,0
2019-07-03,55.7,56.05,55.312,55.4526,65.0344,UP,1
2019-07-05,56.46,55.45,55.844,55.2834,64.853,DOWN,0
2019-07-08,54.98,55.87,55.81,55.0962,64.6636,UP,1
2019-07-09,55.55,54.61,55.732,54.9072,64.4748,DOWN,0
2019-07-10,55.25,55.78,55.588,54.7022,64.2769,UP,1
2019-07-11,55.48,55.76,55.544,54.497,64.0724,UP,1
2019-07-12,56.81,55.71,55.614,54.3164,63.8848,UP,1
2019-07-15,56.97,56.83,56.012,54.1656,63.6954,DOWN,0
2019-07-16,56.88,57.07,56.278,54.043,63.5086,DOWN,0
2019-07-17,56.02,56.93,56.432,53.9138,63.3201,UP,1
2019-07-18,56.63,55.68,56.662,53.829,63.1356,DOWN,0
2019-07-19,55.93,56.81,56.486,53.7416,62.9458,UP,1
2019-07-22,56.29,56.37,56.35,53.6786,62.7601,UP,1
2019-07-23,56.72,56.62,56.318,53.6324,62.5754,DOWN,0
2019-07-24,56.5,56.7,56.414,53.6428,62.3933,DOWN,0
2019-07-25,56.49,56.66,56.386,53.6326,62.2208,UP,1
2019-07-26,56.64,56.67,56.528,53.6176,62.0536,DOWN,0
2019-07-29,56.44,56.64,56.558,53.5932,61.8876,UP,1
2019-07-30,56.71,55.8,56.556,53.6008,61.7366,DOWN,0
2019-07-31,55.77,56.8,56.41,53.623,61.5861,DOWN,0
2019-08-01,55.13,55.55,56.138,53.6208,61.4235,DOWN,0
2019-08-02,53.29,54.85,55.468,53.6006,61.2529,DOWN,0
2019-08-05,50.86,52.0,54.352,53.5782,61.0569,DOWN,0
2019-08-06,49.65,51.04,52.94,53.5096,60.8578,UP,1
2019-08-07,49.89,48.87,51.764,53.4792,60.6652,UP,1
2019-08-08,51.65,50.13,51.068,53.5182,60.4819,DOWN,0
2019-08-09,35.91,38.8,47.592,53.2488,60.2181,DOWN,0
2019-08-12,33.92,35.57,44.204,52.9764,59.9499,UP,1
2019-08-13,34.09,34.05,41.092,52.7254,59.7541,DOWN,0
2019-08-14,31.75,33.1,37.464,52.393,59.5332,DOWN,0
2019-08-15,30.61,31.92,33.256,52.0484,59.3206,UP,1
2019-08-16,31.79,31.0,32.432,51.7172,59.1319,UP,1
2019-08-19,33.59,32.64,32.366,51.4054,58.9445,UP,1
2019-08-20,33.64,33.37,32.276,51.0728,58.7486,UP,1
2019-08-21,34.5,34.31,32.826,50.7482,58.5632,DOWN,0
2019-08-22,34.5,34.56,33.604,50.4346,58.3825,DOWN,0
2019-08-23,33.59,34.08,33.964,50.0776,58.1914,DOWN,0
2019-08-26,33.29,33.95,33.904,49.709,57.9968,DOWN,0
2019-08-27,31.76,33.5,33.528,49.3062,57.8396,UP,1
2019-08-28,31.82,31.57,32.992,48.8768,57.6824,UP,1
2019-08-29,32.96,32.25,32.684,48.4738,57.5372,UP,1
2019-08-30,33.22,33.2,32.61,48.05,57.3932,DOWN,0
2019-09-03,31.54,32.65,32.26,47.592,57.2407,UP,1
2019-09-04,32.38,32.13,32.384,47.1608,57.0943,UP,1
2019-09-05,34.04,32.8,32.828,46.7614,56.9532,UP,1
2019-09-06,34.13,34.31,33.062,46.3716,56.8104,UP,1
2019-09-09,34.96,34.41,33.41,45.9948,56.6881,UP,1
2019-09-10,36.03,34.82,34.308,45.6124,56.5793,UP,1
2019-09-11,36.49,36.17,35.13,45.2234,56.4708,DOWN,0
2019-09-12,32.48,33.8,34.818,44.7536,56.3433,UP,1
2019-09-13,32.7,33.12,34.532,44.2936,56.2088,UP,1
2019-09-16,33.25,32.34,34.19,43.8294,56.0721,DOWN,0
2019-09-17,32.34,32.95,33.452,43.3766,55.922,DOWN,0
2019-09-18,32.03,32.04,32.56,42.9062,55.7706,UP,1
2019-09-19,32.22,32.25,32.508,42.4456,55.6165,DOWN,0
2019-09-20,31.82,32.42,32.332,41.9724,55.4581,UP,1
2019-09-23,32.04,31.55,32.09,41.477,55.3082,DOWN,0
2019-09-24,30.89,32.38,31.8,40.9554,55.16,UP,1
2019-09-25,30.94,30.9,31.582,40.4366,55.0201,DOWN,0
2019-09-26,29.61,30.13,31.06,39.9084,54.8738,UP,1
2019-09-27,29.78,29.9,30.652,39.3714,54.731,DOWN,0
2019-09-30,29.5,29.83,30.144,38.8428,54.5878,DOWN,0
2019-10-01,28.08,29.68,29.582,38.2786,54.4378,DOWN,0
2019-10-02,27.09,27.75,28.812,37.686,54.2894,UP,1
2019-10-03,27.24,27.1,28.338,37.1008,54.1482,UP,1
2019-10-04,27.27,27.29,27.836,36.5164,54.0086,DOWN,0
2019-10-07,26.95,27.19,27.326,35.9226,53.873,DOWN,0
2019-10-08,26.33,26.44,26.976,35.3204,53.741,UP,1
2019-10-09,26.39,26.73,26.836,34.714,53.6205,UP,1
2019-10-10,26.59,26.56,26.706,34.1304,53.5033,UP,1
2019-10-11,28.03,27.14,26.858,33.5884,53.3828,UP,1
2019-10-14,28.1,27.86,27.088,33.0846,53.2561,UP,1
2019-10-15,29.0,28.19,27.622,32.6474,53.1364,DOWN,0
2019-10-16,27.87,29.03,27.918,32.2118,53.0099,UP,1
2019-10-17,27.9,27.98,28.18,31.772,52.8769,DOWN,0
2019-10-18,26.44,27.88,27.862,31.2678,52.7356,UP,1
2019-10-21,27.51,26.92,27.744,31.0998,52.5865,UP,1
2019-10-22,27.73,27.5,27.49,30.976,52.4384,UP,1
2019-10-23,27.98,27.59,27.512,30.8538,52.2825,DOWN,0
2019-10-24,27.41,28.09,27.414,30.767,52.1236,UP,1
2019-10-25,28.31,27.36,27.788,30.721,51.962,DOWN,0
2019-10-28,28.09,28.4,27.904,30.647,51.797,DOWN,0
2019-10-29,27.86,27.92,27.93,30.5324,51.6352,DOWN,0
2019-10-30,27.69,27.96,27.872,30.4134,51.4701,DOWN,0
2019-10-31,27.67,27.74,27.924,30.2768,51.3019,UP,1
2019-11-01,28.37,27.75,27.936,30.1542,51.1341,UP,1
2019-11-04,29.56,28.97,28.23,30.0736,50.9688,UP,1
2019-11-05,29.64,29.79,28.586,30.0006,50.8079,DOWN,0
2019-11-06,29.06,29.48,28.86,29.9466,50.6431,UP,1
2019-11-07,29.54,29.52,29.234,29.901,50.4802,UP,1
2019-11-08,30.08,29.42,29.576,29.8434,50.3139,DOWN,0
2019-11-11,29.4,29.78,29.544,29.767,50.1463,UP,1
2019-11-12,35.25,31.47,30.666,29.8412,50.0102,DOWN,0
2019-11-13,34.6,34.9,31.774,29.8856,49.8623,UP,1
2019-11-14,35.83,34.7,33.032,29.9214,49.7209,UP,1
2019-11-15,37.23,36.24,34.462,29.9834,49.5815,DOWN,0
2019-11-18,37.05,37.1,35.992,30.0252,49.443,DOWN,0
2019-11-19,36.98,37.35,36.338,30.0442,49.3043,DOWN,0
2019-11-20,35.89,36.45,36.596,30.0322,49.1563,DOWN,0
2019-11-21,35.61,35.98,36.552,30.0948,49.0113,UP,1
2019-11-22,35.84,35.77,36.274,30.1576,48.8445,UP,1
2019-11-25,36.96,35.87,36.256,30.2318,48.6931,DOWN,0
2019-11-26,36.6,36.69,36.18,30.317,48.5408,UP,1
2019-11-27,36.94,36.78,36.39,30.4152,48.3895,UP,1
2019-11-29,37.33,36.79,36.734,30.5174,48.2497,DOWN,0
2019-12-02,36.27,37.35,36.82,30.6064,48.1038,UP,1
2019-12-03,36.9,35.06,36.808,30.7036,47.9591,DOWN,0
2019-12-04,36.37,37.08,36.762,30.8132,47.8088,DOWN,0
2019-12-05,36.3,36.36,36.634,30.9204,47.6597,UP,1
2019-12-06,37.36,36.64,36.64,31.0754,47.5132,DOWN,0
2019-12-09,36.36,37.36,36.658,31.207,47.3603,DOWN,0
2019-12-10,35.86,36.19,36.45,31.3342,47.2037,UP,1
2019-12-11,36.07,35.95,36.39,31.494,47.0494,UP,1
2019-12-12,37.4,35.96,36.61,31.7002,46.9071,UP,1
2019-12-13,37.52,37.56,36.642,31.9058,46.7584,DOWN,0
2019-12-16,37.02,37.86,36.774,32.1008,46.6134,DOWN,0
2019-12-17,36.92,36.93,36.986,32.3002,46.4726,UP,1
2019-12-18,37.64,37.03,37.3,32.5264,46.3395,UP,1
2019-12-19,37.76,37.51,37.372,32.7538,46.2064,DOWN,0
2019-12-20,37.58,38.15,37.384,32.9736,46.0733,DOWN,0
2019-12-23,37.52,37.61,37.484,33.1634,45.9337,DOWN,0
2019-12-24,37.41,37.66,37.582,33.3496,45.7952,DOWN,0
2019-12-26,37.2,37.49,37.494,33.5136,45.6537,DOWN,0
2019-12-27,36.65,37.32,37.272,33.6892,45.5103,DOWN,0
2019-12-30,36.58,36.7,37.072,33.8628,45.3645,UP,1
2019-12-31,37.59,36.38,37.086,34.0858,45.2219,DOWN,0
2020-01-02,36.76,38.03,36.956,34.2708,45.0738,DOWN,0
2020-01-03,35.23,36.11,36.562,34.4208,44.9226,UP,1
2020-01-06,35.33,34.81,36.298,34.5678,44.766,UP,1
2020-01-07,35.85,35.35,36.152,34.7366,44.6236,UP,1
2020-01-08,36.46,35.88,35.926,34.8996,44.4838,DOWN,0
2020-01-09,36.22,35.57,35.818,35.0622,44.3407,DOWN,0
2020-01-10,35.74,36.4,35.92,35.2198,44.1999,DOWN,0
2020-01-13,35.55,35.71,35.964,35.377,44.0561,DOWN,0
2020-01-14,35.01,35.49,35.796,35.5238,43.9096,DOWN,0
2020-01-15,34.64,34.77,35.432,35.6492,43.7546,UP,1
2020-01-16,35.34,34.83,35.256,35.7648,43.6104,UP,1
2020-01-17,35.6,35.43,35.228,35.884,43.4619,DOWN,0
2020-01-21,34.98,35.45,35.114,36.0024,43.3132,UP,1
2020-01-22,35.33,35.1,35.178,36.1182,43.1626,UP,1
2020-01-23,35.56,35.44,35.362,36.2278,43.0172,DOWN,0
2020-01-24,34.48,35.62,35.19,36.3294,42.8716,DOWN,0
2020-01-27,33.54,33.24,34.778,36.2952,42.7173,UP,1
2020-01-28,33.98,33.84,34.578,36.2828,42.5644,DOWN,0
2020-01-29,33.1,34.18,34.132,36.2282,42.4,DOWN,0
2020-01-30,32.48,32.58,33.516,36.1332,42.2336,DOWN,0
2020-01-31,31.88,32.29,32.996,36.0298,42.0631,UP,1
2020-02-03,32.17,31.98,32.722,35.9336,41.8979,UP,1
2020-02-04,33.06,32.92,32.538,35.877,41.7403,UP,1
2020-02-05,34.5,33.64,32.818,35.8548,41.5898,UP,1
2020-02-06,34.63,34.74,33.248,35.8306,41.4336,DOWN,0
2020-02-07,32.7,35.5,33.412,35.7454,41.2725,DOWN,0
2020-02-10,31.6,32.49,33.298,35.6454,41.1088,UP,1
2020-02-11,31.89,31.76,33.064,35.5444,40.9433,DOWN,0
2020-02-12,31.8,32.25,32.524,35.4338,40.7748,DOWN,0
2020-02-13,30.64,31.42,31.726,35.3212,40.5993,UP,1
2020-02-14,30.82,30.65,31.35,35.1996,40.4242,DOWN,0
2020-02-18,29.78,30.68,30.986,35.0678,40.2505,UP,1
2020-02-19,29.8,29.81,30.568,34.9378,40.0845,UP,1
2020-02-20,30.4,29.58,30.288,34.7986,39.9241,DOWN,0
2020-02-21,29.25,30.03,30.01,34.6564,39.766,DOWN,0
2020-02-24,28.15,27.97,29.476,34.5022,39.6052,DOWN,0
2020-02-25,26.18,28.26,28.756,34.3044,39.4389,DOWN,0
2020-02-26,25.3,26.53,27.856,34.0624,39.2703,DOWN,0
2020-02-27,23.92,24.49,26.56,33.7904,39.11,UP,1
2020-02-28,24.11,23.05,25.532,33.5322,38.9455,DOWN,0
2020-03-02,23.73,24.37,24.648,33.2684,38.7772,DOWN,0
2020-03-03,22.22,23.67,23.856,32.96,38.6,UP,1
2020-03-04,22.33,22.52,23.262,32.6514,38.43,DOWN,0
2020-03-05,19.95,21.29,22.468,32.2988,38.2565,DOWN,0
2020-03-06,19.03,18.92,21.452,31.929,38.0754,DOWN,0
2020-03-09,15.64,17.36,19.834,31.4936,37.8821,UP,1
2020-03-10,16.43,16.82,18.676,31.0782,37.7044,DOWN,0
2020-03-11,16.43,17.78,17.496,30.6738,37.5211,DOWN,0
2020-03-12,13.43,15.15,16.192,30.2108,37.3312,UP,1
2020-03-13,15.14,14.79,15.414,29.7618,37.1584,DOWN,0
2020-03-16,10.85,12.64,14.456,29.2436,36.9658,DOWN,0
2020-03-17,10.0,11.35,13.17,28.739,36.7781,DOWN,0
2020-03-18,9.31,9.29,11.746,28.2186,36.5914,UP,1
2020-03-19,12.47,9.0,11.554,27.751,36.4119,DOWN,0
2020-03-20,11.67,12.95,10.86,27.2552,36.2311,DOWN,0
2020-03-23,10.84,11.47,10.858,26.7476,36.0435,UP,1
2020-03-24,14.99,11.69,11.856,26.3326,35.8726,DOWN,0
2020-03-25,14.5,15.0,12.894,25.9116,35.6937,UP,1
2020-03-26,15.31,15.75,13.462,25.5176,35.5166,DOWN,0
2020-03-27,14.24,14.23,13.976,25.1096,35.3369,UP,1
2020-03-30,14.44,14.0,14.696,24.6916,35.1519,DOWN,0
2020-03-31,13.05,14.56,14.308,24.2406,34.9586,DOWN,0
2020-04-01,11.96,12.04,13.8,23.7802,34.7589,UP,1
2020-04-02,12.49,11.69,13.236,23.3234,34.5549,DOWN,0
2020-04-03,11.67,12.43,12.722,22.8456,34.3477,UP,1
2020-04-06,13.52,12.83,12.538,22.4264,34.1432,UP,1
2020-04-07,13.91,14.85,12.71,22.0338,33.9406,UP,1
2020-04-08,15.8,14.3,13.478,21.6702,33.7499,UP,1
2020-04-09,16.09,16.75,14.198,21.33,33.5603,DOWN,0
2020-04-13,15.59,16.1,14.982,20.9922,33.3701,DOWN,0
2020-04-14,15.38,15.85,15.354,20.6622,33.178,DOWN,0
2020-04-15,14.36,14.34,15.444,20.306,32.9741,DOWN,0
2020-04-16,13.57,14.51,14.998,19.9162,32.7622,UP,1
2020-04-17,15.33,14.07,14.846,19.5328,32.559,DOWN,0
2020-04-20,15.07,14.8,14.742,19.1416,32.3559,DOWN,0
2020-04-21,14.41,14.45,14.548,18.7758,32.1456,UP,1
2020-04-22,14.71,14.92,14.618,18.438,31.9443,UP,1
2020-04-23,15.34,15.0,14.972,18.107,31.7432,UP,1
2020-04-24,15.92,15.43,15.09,17.7894,31.5466,UP,1
2020-04-27,16.87,15.89,15.45,17.514,31.3535,UP,1
2020-04-28,17.98,17.75,16.164,17.2572,31.1594,UP,1
2020-04-29,18.82,19.04,16.986,17.038,30.9686,DOWN,0
2020-04-30,18.13,18.2,17.544,16.8046,30.7749,DOWN,0
2020-05-01,16.79,17.18,17.718,16.5324,30.5787,DOWN,0
2020-05-04,16.59,16.5,17.662,16.2792,30.3785,DOWN,0
2020-05-05,16.53,17.44,17.372,16.0468,30.1815,DOWN,0
2020-05-06,16.21,16.74,16.85,15.8474,29.9811,UP,1
2020-05-07,17.33,16.74,16.69,15.688,29.7842,UP,1
2020-05-08,17.65,17.74,16.862,15.5626,29.5899,DOWN,0
2020-05-11,16.7,17.08,16.884,15.4144,29.391,DOWN,0
2020-05-12,15.82,16.83,16.742,15.2562,29.1869,DOWN,0
2020-05-13,14.66,15.39,16.432,15.105,28.978,UP,1
2020-05-14,15.15,14.21,15.996,14.9614,28.7702,UP,1
2020-05-15,15.28,14.8,15.522,14.868,28.5677,UP,1
2020-05-18,16.73,16.64,15.528,14.822,28.3757,DOWN,0
2020-05-19,16.16,16.51,15.596,14.8324,28.1901,UP,1
2020-05-20,16.98,16.51,16.06,14.8434,28.0207,DOWN,0
2020-05-21,15.85,16.84,16.2,14.8318,27.8517,DOWN,0
2020-05-22,15.48,15.95,16.24,14.8728,27.6796,UP,1
2020-05-26,16.36,16.59,16.166,14.8972,27.5032,UP,1
2020-05-27,17.68,17.23,16.47,15.0338,27.412,DOWN,0
2020-05-28,16.57,17.6,16.388,15.1652,27.3253,DOWN,0
2020-05-29,14.21,14.95,16.06,15.2632,27.2259,UP,1
2020-06-01,14.76,14.3,15.916,15.309,27.1409,UP,1
2020-06-02,16.16,15.0,15.876,15.3988,27.0687,UP,1
2020-06-03,17.85,16.92,15.91,15.539,26.999,DOWN,0
2020-06-04,17.6,17.65,16.116,15.5912,26.919,UP,1
2020-06-05,18.0,19.21,16.874,15.6612,26.8408,UP,1
2020-06-08,19.56,19.2,17.834,15.7462,26.7661,DOWN,0
2020-06-09,18.14,18.91,18.23,15.8242,26.6843,DOWN,0
2020-06-10,16.94,18.02,18.048,15.8742,26.6011,DOWN,0
2020-06-11,14.77,15.5,17.482,15.9086,26.5085,UP,1
2020-06-12,16.27,15.86,17.136,15.9948,26.431,UP,1
2020-06-15,16.39,15.3,16.502,16.0728,26.3539,DOWN,0
2020-06-16,16.22,17.34,16.118,16.1638,26.2702,DOWN,0
2020-06-17,15.81,16.25,15.892,16.2096,26.1831,DOWN,0
2020-06-18,15.66,15.56,16.07,16.2446,26.1037,DOWN,0
2020-06-19,15.43,16.01,15.902,16.2372,26.019,UP,1
2020-06-22,15.49,15.31,15.722,16.2252,25.9262,UP,1
2020-06-23,16.24,15.75,15.726,16.2382,25.8368,DOWN,0
2020-06-24,15.04,15.64,15.572,16.2314,25.7372,UP,1
2020-06-25,15.91,14.94,15.622,16.2624,25.6366,DOWN,0
2020-06-26,15.48,15.74,15.632,16.3006,25.5315,UP,1
2020-06-29,16.08,15.57,15.75,16.3156,25.4495,UP,1
2020-06-30,16.5,15.99,15.802,16.3442,25.3685,DOWN,0
2020-07-01,16.14,16.45,16.022,16.3788,25.283,UP,1
2020-07-02,16.15,16.68,16.07,16.4076,25.202,DOWN,0
2020-07-06,15.29,16.51,16.032,16.4066,25.1183,DOWN,0
2020-07-07,15.28,15.05,15.872,16.3938,25.0336,UP,1
2020-07-08,15.46,15.32,15.664,16.3656,24.9518,DOWN,0
2020-07-09,15.16,15.35,15.468,16.3092,24.8674,UP,1
2020-07-10,15.49,15.07,15.336,16.2426,24.7904,UP,1
2020-07-13,15.51,15.67,15.38,16.1902,24.7133,DOWN,0
2020-07-14,15.41,15.34,15.406,16.1626,24.6423,UP,1
2020-07-15,16.42,15.74,15.598,16.1592,24.5755,UP,1
2020-07-16,16.66,16.1,15.898,16.1618,24.5113,UP,1
2020-07-17,16.81,16.72,16.162,16.1738,24.4549,UP,1
2020-07-20,16.9,16.72,16.44,16.1652,24.404,UP,1
2020-07-21,17.1,17.18,16.778,16.1542,24.3533,UP,1
2020-07-22,17.28,16.91,16.95,16.1658,24.3033,UP,1
2020-07-23,17.53,17.18,17.124,16.2,24.2562,DOWN,0
2020-07-24,17.15,17.51,17.192,16.2498,24.2103,DOWN,0
2020-07-27,17.13,17.09,17.238,16.2894,24.164,DOWN,0
2020-07-28,16.94,17.12,17.206,16.3226,24.1158,UP,1
2020-07-29,17.8,17.0,17.31,16.344,24.0646,DOWN,0
2020-07-30,17.76,17.36,17.356,16.376,24.0129,UP,1
2020-07-31,17.91,17.62,17.508,16.3946,23.9575,UP,1
2020-08-03,18.15,17.88,17.712,16.4406,23.9089,UP,1
2020-08-04,18.24,18.23,17.972,16.4958,23.8606,UP,1
2020-08-05,18.48,18.5,18.108,16.5382,23.8208,UP,1
2020-08-06,18.69,18.19,18.294,16.5584,23.7767,UP,1
2020-08-07,19.9,19.0,18.692,16.625,23.7375,UP,1
2020-08-10,20.26,19.86,19.114,16.746,23.6989,DOWN,0
2020-08-11,20.02,20.72,19.47,16.8512,23.662,DOWN,0
2020-08-12,19.6,20.08,19.694,16.92,23.6184,UP,1
2020-08-13,19.64,19.38,19.884,16.9558,23.5762,UP,1
2020-08-14,20.41,19.47,19.986,17.012,23.5389,DOWN,0
2020-08-17,20.15,20.51,19.964,17.055,23.5012,DOWN,0
2020-08-18,19.37,20.16,19.834,17.0512,23.4597,UP,1
2020-08-19,19.71,19.34,19.856,17.0826,23.4164,DOWN,0
2020-08-20,19.13,19.42,19.754,17.1264,23.3643,DOWN,0
2020-08-21,18.68,19.17,19.408,17.2046,23.3095,UP,1
2020-08-24,18.94,18.76,19.166,17.258,23.2589,UP,1
2020-08-25,19.21,19.16,19.134,17.3144,23.2072,UP,1
2020-08-26,19.46,19.48,19.084,17.3792,23.1541,UP,1
2020-08-27,19.76,19.51,19.21,17.4582,23.1059,UP,1
2020-08-28,20.56,19.96,19.586,17.5562,23.0325,DOWN,0
2020-08-31,19.98,20.44,19.794,17.6472,22.9594,UP,1
2020-09-01,20.04,19.75,19.96,17.7382,22.8804,UP,1
2020-09-02,22.37,20.09,20.542,17.8608,22.8061,DOWN,0
2020-09-03,21.35,22.6,20.86,17.987,22.7276,DOWN,0
2020-09-04,20.65,21.1,20.878,18.0818,22.646,DOWN,0
2020-09-08,19.96,20.2,20.874,18.1714,22.5663,UP,1
2020-09-09,20.1,20.23,20.886,18.2518,22.4888,DOWN,0
2020-09-10,19.58,20.51,20.328,18.3134,22.4075,DOWN,0
2020-09-11,19.55,19.56,19.968,18.3816,22.3204,UP,1
2020-09-14,20.19,19.82,19.876,18.4624,22.2384,DOWN,0
2020-09-15,19.56,20.22,19.796,18.5478,22.1515,DOWN,0
2020-09-16,19.41,19.85,19.658,18.6304,22.0619,DOWN,0
2020-09-17,18.87,19.0,19.516,18.6986,21.9749,DOWN,0
2020-09-18,18.46,18.68,19.298,18.7646,21.8827,DOWN,0
2020-09-21,17.32,17.93,18.724,18.8012,21.7874,DOWN,0
2020-09-22,17.13,17.41,18.238,18.8336,21.6916,DOWN,0
2020-09-23,16.28,17.17,17.612,18.851,21.5862,DOWN,0
2020-09-24,16.18,16.0,17.074,18.8462,21.4853,UP,1
2020-09-25,16.32,15.91,16.646,18.8394,21.3876,UP,1
2020-09-28,17.09,16.82,16.6,18.845,21.2927,UP,1
2020-09-29,17.7,16.98,16.714,18.861,21.1942,UP,1
2020-09-30,17.85,17.79,17.028,18.876,21.0958,UP,1
2020-10-01,18.81,18.08,17.554,18.9066,21.0048,DOWN,0
2020-10-02,18.36,18.04,17.962,18.9232,20.912,UP,1
2020-10-05,18.71,18.75,18.286,18.9544,20.8173,DOWN,0
2020-10-06,17.89,18.92,18.324,18.9696,20.718,UP,1
2020-10-07,18.44,18.01,18.442,18.9996,20.6223,UP,1
2020-10-08,19.99,18.77,18.678,19.0434,20.5346,UP,1
2020-10-09,20.05,20.3,19.016,19.0892,20.4478,UP,1
2020-10-12,20.18,20.07,19.31,19.1346,20.3627,UP,1
2020-10-13,20.21,20.04,19.774,19.1758,20.2805,DOWN,0
2020-10-14,19.97,20.26,20.08,19.2104,20.1975,UP,1
2020-10-15,20.18,19.6,20.118,19.2444,20.1104,UP,1
2020-10-16,20.59,20.29,20.226,19.2824,20.0296,DOWN,0
2020-10-19,19.89,20.59,20.168,19.2822,19.9529,UP,1
2020-10-20,20.01,20.06,20.128,19.2772,19.8763,DOWN,0
2020-10-21,19.84,19.99,20.102,19.2736,19.7962,UP,1
2020-10-22,19.94,19.9,20.054,19.2804,19.7136,DOWN,0
2020-10-23,19.84,20.1,19.904,19.2844,19.6317,DOWN,0
2020-10-26,18.64,19.36,19.654,19.249,19.5462,DOWN,0
2020-10-27,17.85,18.66,19.222,19.203,19.4577,DOWN,0
2020-10-28,17.64,17.3,18.782,19.1684,19.3709,UP,1
2020-10-29,18.25,17.5,18.444,19.1392,19.2889,UP,1
2020-10-30,18.42,18.1,18.16,19.125,19.2043,UP,1
2020-11-02,18.96,18.65,18.224,19.1306,19.1211,UP,1
2020-11-03,19.53,19.33,18.56,19.1424,19.0439,DOWN,0
2020-11-04,19.07,19.67,18.846,19.1396,18.9626,UP,1
2020-11-05,19.58,19.44,19.112,19.142,18.8827,DOWN,0
2020-11-06,18.11,20.24,19.05,19.109,18.8008,UP,1
2020-11-09,19.54,19.09,19.166,19.0886,18.7308,UP,1
2020-11-10,21.06,19.65,19.472,19.1102,18.6662,DOWN,0
2020-11-11,21.02,21.15,19.862,19.1298,18.6058,DOWN,0
2020-11-12,20.28,20.69,20.002,19.088,18.5448,UP,1
2020-11-13,20.5,20.66,20.48,19.071,18.4879,UP,1
2020-11-16,21.5,21.41,20.872,19.088,18.4346,UP,1
2020-11-17,22.05,21.6,21.07,19.1298,18.3795,UP,1
2020-11-18,22.28,22.05,21.322,19.1734,18.3184,DOWN,0
2020-11-19,22.03,22.05,21.672,19.2224,18.2554,DOWN,0
2020-11-20,21.46,21.99,21.864,19.2606,18.1992,UP,1
2020-11-23,22.19,21.73,22.002,19.3006,18.1522,UP,1
2020-11-24,23.67,22.72,22.326,19.3828,18.1111,DOWN,0
2020-11-25,23.56,23.64,22.582,19.4658,18.0699,DOWN,0
2020-11-27,23.28,23.56,22.832,19.554,18.0331,DOWN,0
2020-11-30,21.91,23.0,22.922,19.623,17.9885,UP,1
2020-12-01,22.14,22.32,22.912,19.7194,17.9503,UP,1
2020-12-02,22.34,21.8,22.646,19.8236,17.913,UP,1
2020-12-03,23.76,22.5,22.686,19.9732,17.8798,UP,1
2020-12-04,24.95,23.9,23.02,20.1486,17.8583,DOWN,0
2020-12-07,24.19,24.76,23.476,20.306,17.8385,UP,1
2020-12-08,24.24,24.18,23.896,20.449,17.8288,UP,1
2020-12-09,24.84,24.37,24.396,20.5918,17.8265,UP,1
2020-12-10,24.85,24.34,24.614,20.7318,17.8312,DOWN,0
2020-12-11,23.93,24.74,24.41,20.8342,17.8303,DOWN,0
2020-12-14,23.24,24.27,24.22,20.9318,17.8278,UP,1
2020-12-15,23.43,23.45,24.058,21.0262,17.8339,DOWN,0
2020-12-16,23.06,23.43,23.702,21.1296,17.8375,UP,1
2020-12-17,23.39,23.32,23.41,21.2286,17.8547,DOWN,0
2020-12-18,23.1,23.38,23.244,21.2908,17.8751,DOWN,0
2020-12-21,23.01,22.48,23.198,21.35,17.9119,DOWN,0
2020-12-22,22.69,23.01,23.05,21.4002,17.9432,UP,1
2020-12-23,22.89,22.9,23.016,21.4538,17.9755,UP,1
2020-12-24,22.9,23.08,22.918,21.5124,18.0229,UP,1
2020-12-28,24.06,23.21,23.11,21.59,18.0675,DOWN,0
2020-12-29,23.66,24.2,23.24,21.6514,18.1315,UP,1
2020-12-30,24.34,23.73,23.57,21.7404,18.2032,UP,1
2020-12-31,25.75,24.59,24.142,21.8552,18.2854,UP,1
2021-01-04,25.92,26.95,24.746,21.9768,18.3527,UP,1
2021-01-05,26.88,26.21,25.31,22.1156,18.4287,DOWN,0
2021-01-06,26.45,25.87,25.868,22.2478,18.5068,UP,1
2021-01-07,28.91,29.01,26.782,22.4532,18.5764,UP,1
2021-01-08,29.6,29.2,27.552,22.6882,18.6519,DOWN,0
2021-01-11,28.39,28.47,28.046,22.9032,18.7173,DOWN,0
2021-01-12,28.3,28.2,28.33,23.1042,18.7876,DOWN,0
2021-01-13,28.26,28.42,28.692,23.301,18.8567,UP,1
2021-01-14,28.97,28.46,28.704,23.5012,18.9363,DOWN,0
2021-01-15,28.5,28.64,28.484,23.6806,19.019,DOWN,0
2021-01-19,28.21,28.5,28.448,23.8634,19.0976,UP,1
2021-01-20,28.82,28.43,28.552,24.0482,19.1833,UP,1
2021-01-21,29.3,28.95,28.76,24.272,19.2622,DOWN,0
2021-01-22,29.23,28.76,28.812,24.4658,19.3388,DOWN,0
2021-01-25,29.15,29.22,28.942,24.6276,19.4056,UP,1
2021-01-26,29.35,29.32,29.17,24.7942,19.4719,DOWN,0
2021-01-27,28.47,28.62,29.1,24.958,19.5363,UP,1
2021-01-28,29.24,28.93,29.088,25.1328,19.6056,DOWN,0
2021-01-29,28.2,28.66,28.882,25.2668,19.6748,DOWN,0
2021-02-01,25.5,28.5,28.152,25.3358,19.7344,UP,1
2021-02-02,25.66,26.44,27.414,25.4034,19.7861,DOWN,0
2021-02-03,25.62,25.68,26.844,25.4752,19.8388,UP,1
2021-02-04,26.44,25.64,26.284,25.5748,19.899,DOWN,0
2021-02-05,25.94,26.44,25.832,25.6498,19.9551,DOWN,0
2021-02-08,25.48,26.23,25.828,25.686,20.0058,UP,1
2021-02-09,26.42,25.44,25.98,25.7432,20.0583,DOWN,0
2021-02-10,25.71,26.51,25.998,25.7918,20.1025,DOWN,0
2021-02-11,25.63,25.66,25.836,25.8662,20.1408,UP,1
2021-02-12,25.79,26.19,25.806,25.9392,20.1756,UP,1
2021-02-16,25.89,25.65,25.888,26.0102,20.2144,UP,1
2021-02-17,26.0,25.71,25.804,26.055,20.2605,DOWN,0
2021-02-18,25.49,25.81,25.76,26.0658,20.305,UP,1
2021-02-19,25.81,25.86,25.796,26.0982,20.3514,UP,1
2021-02-22,25.99,25.5,25.836,26.1332,20.4003,DOWN,0
2021-02-23,25.6,25.8,25.778,26.1484,20.4416,UP,1
2021-02-24,26.02,25.7,25.782,26.1718,20.4835,DOWN,0
2021-02-25,24.89,26.04,25.662,26.191,20.5244,UP,1
2021-02-26,25.22,24.79,25.544,26.2306,20.5714,UP,1
2021-03-01,25.96,25.77,25.538,26.2812,20.6279,DOWN,0
2021-03-02,25.71,25.75,25.56,26.3342,20.6807,UP,1
2021-03-03,26.22,25.85,25.6,26.3908,20.7354,DOWN,0
2021-03-04,25.86,26.29,25.794,26.446,20.7811,UP,1
2021-03-05,27.29,26.26,26.208,26.5316,20.8367,UP,1
2021-03-08,28.02,27.55,26.62,26.6382,20.8919,UP,1
2021-03-09,28.25,28.37,27.128,26.7454,20.9539,UP,1
2021-03-10,29.0,28.26,27.684,26.8674,21.0215,DOWN,0
2021-03-11,28.8,28.88,28.272,26.9622,21.0837,UP,1
2021-03-12,29.02,28.73,28.618,27.0694,21.1404,UP,1
2021-03-15,29.43,29.0,28.9,27.1712,21.2047,DOWN,0
2021-03-16,28.29,29.37,28.908,27.222,21.2751,UP,1
2021-03-17,28.66,28.0,28.84,27.2768,21.3446,DOWN,0
2021-03-18,28.16,28.57,28.712,27.3024,21.4046,DOWN,0
2021-03-19,28.03,28.02,28.514,27.334,21.4555,DOWN,0
2021-03-22,27.72,28.1,28.172,27.3102,21.5061,DOWN,0
2021-03-23,26.46,27.59,27.806,27.2474,21.5484,DOWN,0
2021-03-24,26.35,26.73,27.344,27.2066,21.5824,UP,1
2021-03-25,27.36,26.08,27.184,27.1878,21.6285,UP,1
2021-03-26,28.39,27.64,27.256,27.1904,21.6857,UP,1
2021-03-29,28.54,28.36,27.42,27.1818,21.7546,UP,1
2021-03-30,31.14,29.8,28.356,27.2346,21.8289,UP,1
2021-03-31,31.26,31.35,29.338,27.2956,21.9033,DOWN,0
2021-04-01,30.83,31.39,30.032,27.3358,21.9763,UP,1
2021-04-05,31.85,30.82,30.724,27.3868,22.0565,DOWN,0
2021-04-06,31.25,31.53,31.266,27.4272,22.1345,DOWN,0
2021-04-07,31.2,31.21,31.278,27.4682,22.2133,UP,1
2021-04-08,31.46,31.23,31.318,27.5104,22.2932,DOWN,0
2021-04-09,31.44,31.4,31.44,27.5698,22.3692,UP,1
2021-04-12,32.29,31.59,31.528,27.6308,22.4554,DOWN,0
2021-04-13,31.15,32.14,31.508,27.6898,22.5316,UP,1
2021-04-14,31.78,31.1,31.624,27.8154,22.6131,UP,1
2021-04-15,31.96,32.01,31.724,27.9414,22.6925,DOWN,0
2021-04-16,31.65,32.12,31.766,28.062,22.7683,DOWN,0
2021-04-19,31.64,31.51,31.636,28.166,22.8458,DOWN,0
2021-04-20,31.04,31.7,31.614,28.268,22.9202,UP,1
2021-04-21,31.73,30.85,31.604,28.393,23.0024,DOWN,0
2021-04-22,31.29,31.76,31.47,28.4904,23.0825,UP,1
2021-04-23,31.87,31.28,31.514,28.6136,23.1645,DOWN,0
2021-04-26,31.65,32.09,31.516,28.734,23.247,UP,1
2021-04-27,31.9,31.61,31.688,28.8562,23.329,DOWN,0
2021-04-28,31.88,32.11,31.718,28.976,23.4109,UP,1
2021-04-29,33.43,32.03,32.146,29.1246,23.501,DOWN,0
2021-04-30,32.91,33.07,32.354,29.273,23.5834,UP,1
2021-05-03,33.67,33.21,32.758,29.4302,23.6685,DOWN,0
2021-05-04,32.7,33.53,32.918,29.5644,23.7479,UP,1
2021-05-05,33.74,32.96,33.29,29.7272,23.8321,UP,1
2021-05-06,33.8,33.82,33.364,29.8828,23.9156,UP,1
2021-05-07,34.5,33.46,33.682,30.075,24.0017,UP,1
2021-05-10,34.52,34.44,33.852,30.261,24.0867,DOWN,0
2021-05-11,34.03,33.95,34.118,30.4224,24.1711,DOWN,0
2021-05-12,33.84,33.81,34.138,30.585,24.2546,UP,1
2021-05-13,35.51,33.97,34.48,30.7708,24.3475,UP,1
2021-05-14,36.86,36.0,34.952,30.9908,24.4428,DOWN,0
2021-05-17,36.76,36.58,35.4,31.1802,24.5378,DOWN,0
2021-05-18,36.76,36.7,35.946,31.355,24.632,UP,1
2021-05-19,36.93,36.11,36.564,31.5286,24.7259,DOWN,0
2021-05-20,36.83,36.98,36.828,31.6852,24.8189,UP,1
2021-05-21,37.28,36.99,36.912,31.8548,24.9129,UP,1
2021-05-24,37.33,37.52,37.026,32.021,25.0061,DOWN,0
2021-05-25,36.94,37.5,37.062,32.1712,25.0913,DOWN,0
2021-05-26,36.92,37.01,37.06,32.3438,25.1746,UP,1
2021-05-27,38.39,36.63,37.372,32.5384,25.2664,DOWN,0
2021-05-28,37.92,38.74,37.5,32.7336,25.358,UP,1
2021-06-01,38.11,37.86,37.656,32.9352,25.4504,UP,1
2021-06-02,39.76,38.9,38.22,33.176,25.5471,UP,1
2021-06-03,40.36,39.39,38.908,33.454,25.6482,DOWN,0
2021-06-04,39.89,40.4,39.208,33.7248,25.7508,UP,1
2021-06-07,40.36,40.38,39.696,33.9848,25.854,DOWN,0
2021-06-08,40.33,40.02,40.14,34.2236,25.96,UP,1
2021-06-09,40.41,40.29,40.27,34.461,26.0687,UP,1
2021-06-10,41.27,41.01,40.452,34.6636,26.1803,UP,1
2021-06-11,41.42,41.32,40.758,34.8668,26.2914,DOWN,0
2021-06-14,41.04,41.42,40.894,35.071,26.3993,UP,1
2021-06-15,41.14,41.11,41.056,35.2568,26.5062,DOWN,0
2021-06-16,40.97,40.99,41.168,35.4512,26.6082,DOWN,0
2021-06-17,37.89,40.93,40.492,35.585,26.6978,DOWN,0
2021-06-18,36.27,37.12,39.462,35.6812,26.7789,UP,1
2021-06-21,37.63,36.72,38.78,35.805,26.8552,UP,1
2021-06-22,37.85,37.45,38.122,35.9162,26.9377,DOWN,0
2021-06-23,37.53,37.84,37.434,36.0438,27.0221,UP,1
2021-06-24,38.25,37.9,37.506,36.1732,27.1136,UP,1
2021-06-25,39.46,38.37,38.144,36.3232,27.2104,DOWN,0
2021-06-28,39.04,39.4,38.426,36.471,27.3077,DOWN,0
2021-06-29,39.04,39.23,38.664,36.619,27.4051,DOWN,0
2021-06-30,38.94,38.93,38.946,36.777,27.4989,UP,1
2021-07-01,40.39,39.22,39.374,36.9502,27.603,UP,1
2021-07-02,40.54,40.5,39.59,37.1352,27.7087,DOWN,0
2021-07-06,39.21,40.37,39.624,37.282,27.8104,DOWN,0
2021-07-07,38.94,38.97,39.604,37.4278,27.9128,UP,1
2021-07-08,39.19,38.13,39.654,37.5736,28.0221,UP,1
2021-07-09,39.73,39.86,39.522,37.7306,28.1351,UP,1
2021-07-12,40.28,39.4,39.47,37.8676,28.2551,DOWN,0
2021-07-13,39.75,39.96,39.578,38.0044,28.373,DOWN,0
2021-07-14,39.45,39.93,39.68,38.12,28.4886,DOWN,0
2021-07-15,39.31,39.15,39.704,38.2522,28.5997,DOWN,0
2021-07-16,38.29,39.54,39.416,38.3432,28.7027,DOWN,0
2021-07-19,37.57,37.18,38.874,38.4186,28.8013,UP,1
2021-07-20,38.63,37.73,38.65,38.5012,28.9004,UP,1
2021-07-21,39.07,39.06,38.574,38.5922,29.0039,DOWN,0
2021-07-22,38.71,39.17,38.454,38.6858,29.1039,UP,1
2021-07-23,39.34,39.19,38.664,38.7958,29.2112,UP,1
2021-07-26,39.82,39.45,39.114,38.882,29.3181,DOWN,0
2021-07-27,39.39,39.27,39.266,38.9326,29.4151,UP,1
2021-07-28,39.75,39.62,39.402,38.9924,29.5136,UP,1
2021-07-29,40.67,40.0,39.794,39.0706,29.616,DOWN,0
2021-07-30,39.98,40.49,39.922,39.1316,29.7149,UP,1
2021-08-02,42.61,40.0,40.48,39.2472,29.8281,UP,1
2021-08-03,43.42,44.0,41.286,39.37,29.9443,DOWN,0
2021-08-04,42.18,43.13,41.772,39.467,30.0522,DOWN,0
2021-08-05,38.72,40.89,41.382,39.5026,30.1464,UP,1
2021-08-06,41.09,39.13,41.604,39.586,30.2518,DOWN,0
2021-08-09,40.41,40.86,41.164,39.6264,30.3546,UP,1
2021-08-10,40.47,40.21,40.574,39.6774,30.4573,UP,1
2021-08-11,41.24,40.98,40.386,39.74,30.5643,UP,1
2021-08-12,41.58,41.09,40.958,39.7764,30.679,DOWN,0
2021-08-13,41.23,41.35,40.986,39.7938,30.7959,UP,1
2021-08-16,41.75,41.2,41.254,39.831,30.9164,DOWN,0
2021-08-17,36.81,40.01,40.522,39.76,31.0092,DOWN,0
2021-08-18,36.33,36.76,39.54,39.68,31.0988,DOWN,0
2021-08-19,35.31,36.0,38.286,39.578,31.1805,UP,1
2021-08-20,35.44,35.46,37.128,39.4614,31.2601,UP,1
2021-08-23,36.07,35.73,35.992,39.3544,31.3451,UP,1
2021-08-24,36.71,36.79,35.972,39.2678,31.4307,UP,1
2021-08-25,37.21,36.71,36.148,39.1892,31.5262,DOWN,0
2021-08-26,36.71,37.22,36.428,39.104,31.6121,UP,1
2021-08-27,37.35,36.81,36.81,39.0932,31.6935,DOWN,0
2021-08-30,36.28,37.5,36.852,39.0934,31.7698,UP,1
2021-08-31,36.72,36.2,36.854,39.0752,31.852,DOWN,0
2021-09-01,34.86,36.88,36.384,39.0154,31.9238,UP,1
2021-09-02,35.64,34.83,36.17,38.9776,31.9945,UP,1
2021-09-03,36.02,35.45,35.904,38.933,32.0644,DOWN,0
2021-09-07,35.98,36.35,35.844,38.8634,32.1329,DOWN,0
2021-09-08,35.39,35.9,35.578,38.7904,32.1997,UP,1
2021-09-09,35.49,35.2,35.704,38.7194,32.2698,DOWN,0
2021-09-10,34.37,35.76,35.45,38.628,32.3307,UP,1
2021-09-13,35.98,35.01,35.442,38.5398,32.3923,DOWN,0
2021-09-14,35.38,36.76,35.322,38.4366,32.4514,UP,1
2021-09-15,35.74,35.4,35.392,38.3672,32.5137,UP,1
2021-09-16,35.99,35.72,35.492,38.3082,32.5841,DOWN,0
2021-09-17,35.96,35.77,35.81,38.2436,32.6532,DOWN,0
2021-09-20,34.98,34.8,35.61,38.1486,32.7164,DOWN,0
2021-09-21,34.5,35.43,35.434,38.033,32.7701,UP,1
2021-09-22,34.78,34.48,35.242,37.9336,32.8192,UP,1
2021-09-23,35.18,35.1,35.08,37.8482,32.8742,DOWN,0
2021-09-24,34.93,35.1,34.874,37.7606,32.9276,UP,1
2021-09-27,35.51,35.03,34.98,37.705,32.981,DOWN,0
2021-09-28,34.52,35.43,34.984,37.644,33.0293,DOWN,0
2021-09-29,34.29,34.58,34.886,37.5572,33.0811,DOWN,0
2021-09-30,33.61,34.36,34.572,37.448,33.133,UP,1
2021-10-01,34.73,34.0,34.532,37.3684,33.1895,DOWN,0
2021-10-04,34.71,34.75,34.372,37.2758,33.2477,UP,1
2021-10-05,35.1,35.03,34.488,37.1814,33.3063,DOWN,0
2021-10-06,34.34,34.51,34.498,37.0804,33.3625,UP,1
2021-10-07,34.65,34.58,34.706,36.9784,33.4207,DOWN,0
2021-10-08,34.35,34.59,34.63,36.852,33.479,DOWN,0
2021-10-11,33.73,34.34,34.434,36.727,33.5332,DOWN,0
2021-10-12,33.27,33.61,34.068,36.5402,33.585,UP,1
2021-10-13,33.4,33.29,33.88,36.3398,33.6317,UP,1
2021-10-14,34.6,33.89,33.87,36.1882,33.6864,UP,1
2021-10-15,34.92,34.95,33.984,36.1122,33.7393,DOWN,0
2021-10-18,34.68,34.68,34.174,35.984,33.784,DOWN,0
2021-10-19,34.48,34.8,34.416,35.8654,33.8268,UP,1
2021-10-20,34.84,34.62,34.704,35.7528,33.8666,UP,1
2021-10-21,34.97,34.65,34.778,35.6274,33.9092,DOWN,0
2021-10-22,34.57,35.1,34.708,35.4872,33.9375,DOWN,0
2021-10-25,34.05,34.62,34.582,35.3436,33.9597,DOWN,0
2021-10-26,32.78,34.03,34.242,35.1642,33.9817,DOWN,0
2021-10-27,32.3,32.75,33.734,35.074,34.0017,UP,1
2021-10-28,32.63,32.42,33.266,35.0,34.0235,DOWN,0
2021-10-29,32.57,32.55,32.866,34.9452,34.0415,UP,1
2021-11-01,33.37,32.83,32.73,34.9038,34.0659,DOWN,0
2021-11-02,32.98,33.39,32.77,34.842,34.0897,DOWN,0
2021-11-03,32.48,32.76,32.806,34.7574,34.108,UP,1
2021-11-04,33.83,32.95,33.046,34.6898,34.1307,UP,1
2021-11-05,34.33,34.51,33.398,34.6422,34.1562,DOWN,0
2021-11-08,33.38,34.44,33.4,34.5628,34.1773,UP,1
2021-11-09,33.81,33.42,33.566,34.5134,34.1996,DOWN,0
2021-11-10,33.58,33.56,33.786,34.4506,34.2252,UP,1
2021-11-11,33.98,33.78,33.816,34.433,34.2489,DOWN,0
2021-11-12,33.34,33.96,33.618,34.387,34.2746,DOWN,0
2021-11-15,33.05,33.52,33.552,34.3276,34.3123,DOWN,0
2021-11-16,32.28,33.03,33.246,34.2536,34.3454,DOWN,0
2021-11-17,32.14,32.38,32.958,34.1886,34.378,DOWN,0
2021-11-18,32.13,32.14,32.588,34.1214,34.4065,DOWN,0
2021-11-19,31.37,31.67,32.194,34.0614,34.4336,DOWN,0
2021-11-22,31.12,31.61,31.808,33.9642,34.4618,UP,1
2021-11-23,31.43,31.42,31.638,33.8852,34.4869,UP,1
2021-11-24,31.63,31.07,31.536,33.803,34.5165,DOWN,0
2021-11-26,30.5,30.37,31.21,33.6932,34.5408,UP,1
2021-11-29,31.02,31.02,31.14,33.5944,34.567,DOWN,0
2021-11-30,29.99,30.63,30.914,33.4946,34.5875,DOWN,0
2021-12-01,29.58,30.61,30.544,33.3962,34.6054,UP,1
2021-12-02,30.54,29.72,30.326,33.3114,34.6306,DOWN,0
2021-12-03,30.19,30.7,30.264,33.2116,34.6525,UP,1
2021-12-06,30.76,30.59,30.212,33.1282,34.6764,UP,1
2021-12-07,31.45,31.18,30.504,33.047,34.7056,DOWN,0
2021-12-08,31.3,31.41,30.848,32.9826,34.732,DOWN,0
2021-12-09,30.58,31.06,30.856,32.9084,34.7605,UP,1
2021-12-10,30.86,30.85,30.99,32.8534,34.7887,DOWN,0
2021-12-13,30.66,30.86,30.97,32.772,34.8122,UP,1
2021-12-14,30.8,30.47,30.84,32.6938,34.8376,DOWN,0
2021-12-15,30.66,30.62,30.712,32.605,34.8598,UP,1
2021-12-16,31.43,30.99,30.882,32.5468,34.8877,DOWN,0
2021-12-17,30.63,31.11,30.836,32.4664,34.9044,DOWN,0
2021-12-20,29.98,29.8,30.7,32.379,34.9142,UP,1
2021-12-21,31.35,30.29,30.81,32.3314,34.9297,UP,1
2021-12-22,31.96,31.42,31.07,32.3052,34.9445,UP,1
2021-12-23,32.57,31.99,31.298,32.2886,34.9633,UP,1
2021-12-27,32.79,32.72,31.73,32.2524,34.9822,DOWN,0
2021-12-28,32.75,32.73,32.284,32.209,34.9988,DOWN,0
2021-12-29,32.43,32.56,32.5,32.164,35.0195,DOWN,0
2021-12-30,32.39,32.48,32.586,32.1222,35.0381,DOWN,0
2021-12-31,32.19,32.27,32.51,32.0692,35.0583,UP,1
2022-01-03,33.23,32.4,32.598,32.0344,35.0843,UP,1
2022-01-04,34.11,33.62,32.87,32.0252,35.1162,DOWN,0
2022-01-05,33.47,34.29,33.078,32.0136,35.1513,UP,1
2022-01-06,33.73,33.61,33.346,32.0326,35.1882,DOWN,0
2022-01-07,33.34,33.63,33.576,32.0534,35.2181,DOWN,0
2022-01-10,32.9,32.83,33.51,32.0588,35.2406,UP,1
2022-01-11,33.07,32.98,33.302,32.0688,35.2633,UP,1
2022-01-12,33.48,33.37,33.304,32.071,35.275,UP,1
2022-01-13,34.09,33.83,33.376,32.0932,35.2891,DOWN,0
2022-01-14,33.99,33.61,33.506,32.1234,35.3049,DOWN,0
2022-01-18,32.57,33.67,33.44,32.0982,35.3085,DOWN,0
2022-01-19,32.01,32.56,33.228,32.0518,35.3123,UP,1
2022-01-20,32.03,32.01,32.938,32.0248,35.3165,DOWN,0
2022-01-21,30.54,31.89,32.228,31.9594,35.3119,DOWN,0
2022-01-24,30.32,29.61,31.494,31.8942,35.3063,DOWN,0
2022-01-25,29.44,29.68,30.868,31.8034,35.292,DOWN,0
2022-01-26,29.32,29.95,30.33,31.723,35.2829,DOWN,0
2022-01-27,28.99,29.8,29.722,31.6418,35.2689,UP,1
2022-01-28,29.66,28.79,29.546,31.5894,35.2574,UP,1
2022-01-31,30.08,29.4,29.498,31.5482,35.2496,UP,1
2022-02-01,30.79,30.01,29.768,31.5214,35.2453,DOWN,0
2022-02-02,30.69,30.78,30.042,31.5078,35.2436,UP,1
2022-02-03,34.91,32.35,31.226,31.5836,35.2595,UP,1
2022-02-04,36.03,34.77,32.5,31.6756,35.2832,UP,1
2022-02-07,37.33,36.33,33.95,31.7896,35.3105,UP,1
2022-02-08,38.82,37.66,35.556,31.956,35.3463,DOWN,0
2022-02-09,38.63,39.13,37.144,32.1082,35.38,DOWN,0
2022-02-10,37.81,38.38,37.724,32.2646,35.4096,DOWN,0
2022-02-11,36.84,37.84,37.886,32.4098,35.4267,DOWN,0
2022-02-14,36.68,36.88,37.756,32.5326,35.4455,UP,1
2022-02-15,37.36,37.17,37.464,32.676,35.464,DOWN,0
2022-02-16,37.35,36.94,37.208,32.8078,35.4872,DOWN,0
2022-02-17,35.79,36.95,36.804,32.8946,35.4975,DOWN,0
2022-02-18,35.62,35.73,36.56,32.981,35.5066,DOWN,0
2022-02-22,35.14,35.5,36.252,33.0722,35.5098,DOWN,0
2022-02-23,34.44,35.4,35.668,33.1438,35.5094,UP,1
2022-02-24,35.06,33.25,35.21,33.2318,35.5145,UP,1
2022-02-25,35.53,35.15,35.158,33.3264,35.523,DOWN,0
2022-02-28,34.03,34.55,34.84,33.3938,35.5156,DOWN,0
2022-03-01,30.09,33.79,33.83,33.367,35.4817,UP,1
2022-03-02,31.61,29.9,33.264,33.3866,35.456,DOWN,0
2022-03-03,31.34,31.78,32.52,33.4138,35.4289,DOWN,0
2022-03-04,30.0,30.72,31.414,33.3868,35.3942,DOWN,0
2022-03-07,28.95,29.86,30.398,33.3266,35.3548,UP,1
2022-03-08,30.86,29.23,30.552,33.2924,35.3227,DOWN,0
2022-03-09,29.98,30.69,30.226,33.2362,35.286,UP,1
2022-03-10,30.11,29.61,29.98,33.1834,35.2518,UP,1
2022-03-11,30.56,30.51,30.092,33.146,35.22,DOWN,0
2022-03-14,30.5,30.87,30.402,33.1082,35.1806,UP,1
2022-03-15,31.12,30.68,30.454,33.0868,35.1466,UP,1
2022-03-16,32.76,31.62,31.01,33.0774,35.1198,DOWN,0
2022-03-17,32.61,32.32,31.51,33.0474,35.0841,UP,1
2022-03-18,33.2,32.5,32.038,33.042,35.0483,DOWN,0
2022-03-21,32.99,33.29,32.536,33.0272,35.0138,UP,1
2022-03-22,33.46,33.06,33.004,33.0296,34.9793,DOWN,0
2022-03-23,32.27,33.14,32.906,33.017,34.939,UP,1
2022-03-24,32.77,32.51,32.938,33.011,34.9008,UP,1
2022-03-25,33.54,32.96,33.006,33.0122,34.8621,DOWN,0
2022-03-28,32.93,33.33,32.994,32.989,34.8197,UP,1
2022-03-29,33.93,33.15,33.088,32.9878,34.7841,DOWN,0
2022-03-30,33.1,33.78,33.254,32.9984,34.7439,DOWN,0
2022-03-31,32.63,32.83,33.226,33.0108,34.7022,DOWN,0
2022-04-01,31.35,32.62,32.788,32.9972,34.6695,UP,1
2022-04-04,31.86,31.27,32.574,33.0236,34.6475,DOWN,0
2022-04-05,30.77,31.85,31.942,33.0326,34.6132,DOWN,0
2022-04-06,30.4,30.4,31.402,33.0518,34.5759,UP,1
2022-04-07,30.41,30.36,30.958,33.0736,34.5403,UP,1
2022-04-08,30.71,30.41,30.83,33.108,34.5026,UP,1
2022-04-11,30.88,30.52,30.634,33.1324,34.4597,DOWN,0
2022-04-12,30.7,31.04,30.62,33.1448,34.418,UP,1
2022-04-13,31.01,30.54,30.742,33.1492,34.3779,UP,1
2022-04-14,31.25,31.2,30.91,33.1604,34.3394,DOWN,0
2022-04-18,31.19,31.13,31.006,33.086,34.2934,UP,1
2022-04-19,31.41,31.25,31.112,32.9936,34.2478,UP,1
2022-04-20,31.89,31.65,31.35,32.8848,34.2112,DOWN,0
2022-04-21,30.71,31.81,31.29,32.7226,34.17,DOWN,0
2022-04-22,29.43,30.59,30.926,32.5386,34.1212,UP,1
2022-04-25,30.14,29.06,30.716,32.3852,34.0733,DOWN,0
2022-04-26,29.16,29.72,30.266,32.2316,34.0177,DOWN,0
2022-04-27,28.85,29.14,29.658,32.075,33.9632,UP,1
2022-04-28,29.58,29.3,29.432,31.9194,33.9138,DOWN,0
2022-04-29,28.7,29.51,29.286,31.7464,33.8608,UP,1
2022-05-02,29.37,28.68,29.132,31.618,33.8162,UP,1
2022-05-03,29.89,29.5,29.278,31.5034,33.7778,UP,1
2022-05-04,30.89,30.07,29.686,31.4184,33.7391,DOWN,0
2022-05-05,29.73,30.31,29.716,31.3242,33.6924,DOWN,0
2022-05-06,29.42,29.65,29.86,31.2114,33.6459,DOWN,0
2022-05-09,28.19,28.85,29.624,31.0646,33.5902,UP,1
2022-05-10,28.29,28.46,29.304,30.9498,33.5325,DOWN,0
2022-05-11,27.55,28.34,28.636,30.899,33.4733,UP,1
2022-05-12,28.12,27.57,28.314,30.8292,33.4152,UP,1
2022-05-13,29.67,28.52,28.364,30.7958,33.3602,DOWN,0
2022-05-16,29.63,29.45,28.652,30.7884,33.3084,UP,1
2022-05-17,30.69,30.28,29.132,30.8232,33.2488,DOWN,0
2022-05-18,29.14,30.2,29.45,30.7888,33.1774,UP,1
2022-05-19,29.64,28.73,29.754,30.782,33.1147,DOWN,0
2022-05-20,29.6,30.03,29.74,30.7718,33.0691,UP,1
2022-05-23,30.06,30.17,29.826,30.7618,33.014,DOWN,0
2022-05-24,29.44,29.79,29.576,30.7406,32.9591,UP,1
2022-05-25,29.45,29.29,29.638,30.7072,32.904,UP,1
2022-05-26,34.16,29.65,30.542,30.7352,32.8686,UP,1
2022-05-27,35.08,34.21,31.638,30.7846,32.8361,UP,1
2022-05-31,35.22,34.66,32.67,30.825,32.8061,DOWN,0
2022-06-01,34.57,35.43,33.696,30.8566,32.7702,UP,1
2022-06-02,35.13,34.52,34.832,30.89,32.7618,UP,1
2022-06-03,35.25,34.82,35.05,30.9496,32.7564,UP,1
2022-06-06,35.4,35.81,35.114,31.0022,32.7568,UP,1
2022-06-07,35.69,35.02,35.208,31.0452,32.7581,DOWN,0
2022-06-08,35.24,35.55,35.342,31.0914,32.7539,DOWN,0
2022-06-09,34.49,35.09,35.214,31.1026,32.7428,DOWN,0
2022-06-10,32.74,33.78,34.712,31.0954,32.7205,DOWN,0
2022-06-13,30.15,31.84,33.662,31.0458,32.6877,UP,1
2022-06-14,31.12,30.31,32.748,31.0412,32.6565,UP,1
2022-06-15,32.34,31.49,32.168,31.0508,32.6368,DOWN,0
2022-06-16,29.75,31.46,31.22,31.0304,32.602,UP,1
2022-06-17,30.19,30.05,30.71,31.0262,32.5786,UP,1
2022-06-21,30.68,30.74,30.816,31.0316,32.5538,DOWN,0
2022-06-22,30.54,30.02,30.7,31.0282,32.5264,DOWN,0
2022-06-23,30.29,30.53,30.29,31.0164,32.498,UP,1
2022-06-24,32.15,30.62,30.77,31.0454,32.4818,UP,1
2022-06-27,32.32,32.25,31.196,31.0716,32.4659,DOWN,0
2022-06-28,31.31,32.73,31.322,31.0728,32.4506,DOWN,0
2022-06-29,30.53,31.2,31.32,31.0596,32.4234,DOWN,0
2022-06-30,30.31,29.91,31.324,31.0376,32.398,DOWN,0
2022-07-01,29.94,30.17,30.882,30.9986,32.369,DOWN,0
2022-07-05,29.89,29.22,30.396,30.9822,32.3385,DOWN,0
2022-07-06,29.32,29.83,29.998,30.98,32.3053,UP,1
2022-07-07,29.87,29.79,29.866,30.9746,32.2798,DOWN,0
2022-07-08,29.87,30.0,29.778,30.9888,32.2566,DOWN,0
2022-07-11,29.26,29.42,29.642,30.997,32.229,DOWN,0
2022-07-12,28.66,28.85,29.396,30.9786,32.1964,DOWN,0
2022-07-13,28.55,28.1,29.242,30.9756,32.1645,DOWN,0
2022-07-14,27.95,27.87,28.858,30.9472,32.1267,UP,1
2022-07-15,28.74,28.51,28.632,30.9242,32.0978,UP,1
2022-07-18,29.01,29.17,28.582,30.8866,32.0714,UP,1
2022-07-19,30.79,29.51,29.008,30.9078,32.0573,UP,1
2022-07-20,30.8,30.3,29.458,30.9354,32.0377,UP,1
2022-07-21,31.27,30.56,30.122,30.997,32.0205,DOWN,0
2022-07-22,31.0,31.53,30.574,31.0512,32.0,UP,1
2022-07-25,31.16,31.29,31.004,31.1234,31.9841,DOWN,0
2022-07-26,30.49,30.89,30.944,31.1708,31.9633,UP,1
2022-07-27,31.69,30.7,31.122,31.2112,31.95,DOWN,0
2022-07-28,31.65,31.7,31.198,31.2516,31.9396,DOWN,0
2022-07-29,31.6,31.63,31.318,31.2698,31.9312,UP,1
2022-08-01,31.65,31.23,31.416,31.32,31.9225,DOWN,0
2022-08-02,31.12,31.38,31.542,31.3496,31.9051,UP,1
2022-08-03,31.52,31.4,31.508,31.388,31.8881,DOWN,0
2022-08-04,26.15,29.06,30.408,31.3098,31.8454,DOWN,0
2022-08-05,25.54,26.02,29.196,31.2318,31.8007,UP,1
2022-08-08,26.22,25.6,28.11,31.1672,31.7576,DOWN,0
2022-08-09,25.76,26.15,27.038,30.9992,31.7116,UP,1
2022-08-10,26.33,26.27,26.0,30.8242,31.6704,DOWN,0
2022-08-11,26.31,26.67,26.032,30.646,31.6317,UP,1
2022-08-12,26.64,26.32,26.252,30.4874,31.601,UP,1
2022-08-15,26.7,26.24,26.348,30.3188,31.573,DOWN,0
2022-08-16,26.68,26.77,26.532,30.1474,31.5432,DOWN,0
2022-08-17,25.92,26.31,26.45,29.9578,31.51,UP,1
2022-08-18,26.23,25.91,26.434,29.7686,31.4743,DOWN,0
2022-08-19,25.93,26.0,26.292,29.5824,31.439,DOWN,0
2022-08-22,24.69,25.41,25.89,29.3864,31.4001,UP,1
2022-08-23,25.11,24.83,25.576,29.2338,31.3565,DOWN,0
2022-08-24,25.03,25.1,25.398,29.1314,31.31,UP,1
2022-08-25,25.57,25.23,25.266,29.0204,31.2709,DOWN,0
2022-08-26,24.33,25.7,24.946,28.8602,31.2235,UP,1
2022-08-29,24.39,24.11,24.886,28.753,31.1776,UP,1
2022-08-30,24.51,24.55,24.766,28.6394,31.1302,UP,1
2022-08-31,24.78,24.6,24.716,28.5214,31.0874,UP,1
2022-09-01,26.7,24.51,24.942,28.4446,31.0557,UP,1
2022-09-02,27.48,27.08,25.572,28.3884,31.0317,DOWN,0
2022-09-06,26.4,27.52,25.974,28.2734,31.003,UP,1
2022-09-07,26.66,26.32,26.404,28.1602,30.9756,DOWN,0
2022-09-08,26.6,26.39,26.768,28.066,30.9518,UP,1
2022-09-09,26.76,26.92,26.78,27.9906,30.93,UP,1
2022-09-12,28.36,26.94,26.956,27.9516,30.9146,DOWN,0
2022-09-13,27.25,27.36,27.126,27.8978,30.8927,UP,1
2022-09-14,27.63,27.31,27.32,27.8526,30.8784,DOWN,0
2022-09-15,27.47,27.63,27.494,27.8156,30.8606,DOWN,0
2022-09-16,27.04,27.0,27.55,27.759,30.8459,UP,1
2022-09-19,27.75,26.52,27.428,27.7166,30.8367,DOWN,0
2022-09-20,27.05,27.78,27.388,27.6724,30.8193,UP,1
2022-09-21,27.54,27.19,27.37,27.65,30.806,DOWN,0
2022-09-22,26.3,27.61,27.136,27.605,30.7837,DOWN,0
2022-09-23,23.85,25.6,26.498,27.523,30.7457,DOWN,0
2022-09-26,23.57,23.69,25.662,27.4196,30.7071,DOWN,0
2022-09-27,23.34,23.95,24.92,27.3062,30.6709,UP,1
2022-09-28,24.08,23.36,24.228,27.172,30.637,UP,1
2022-09-29,24.67,23.45,23.902,27.0494,30.607,DOWN,0
2022-09-30,24.48,24.62,24.028,26.9136,30.5754,UP,1
2022-10-03,26.05,24.97,24.524,26.8146,30.5524,UP,1
2022-10-04,27.4,26.9,25.336,26.7394,30.5322,DOWN,0
2022-10-05,27.31,27.1,25.982,26.6758,30.5156,DOWN,0
2022-10-06,26.89,27.22,26.426,26.5798,30.5002,DOWN,0
2022-10-07,26.56,26.51,26.842,26.478,30.4762,UP,1
2022-10-10,26.78,26.66,26.988,26.3816,30.4503,UP,1
2022-10-11,26.88,26.63,26.884,26.2862,30.4219,DOWN,0
2022-10-12,26.7,27.08,26.762,26.1978,30.3914,UP,1
2022-10-13,27.46,26.18,26.876,26.1166,30.365,DOWN,0
2022-10-14,27.13,27.56,26.99,26.1362,30.3385,DOWN,0
2022-10-17,27.11,27.71,27.056,26.1676,30.3121,UP,1
2022-10-18,28.04,27.8,27.288,26.204,30.2913,UP,1
2022-10-19,28.14,27.89,27.576,26.2516,30.2659,UP,1
2022-10-20,28.35,28.29,27.754,26.292,30.2371,UP,1
2022-10-21,28.97,28.18,28.122,26.3452,30.2146,DOWN,0
2022-10-24,28.78,28.96,28.456,26.388,30.1898,UP,1
2022-10-25,28.98,28.88,28.644,26.4336,30.168,UP,1
2022-10-26,29.05,29.2,28.826,26.481,30.1488,DOWN,0
2022-10-27,28.71,29.22,28.898,26.5368,30.127,UP,1
2022-10-28,29.89,28.81,29.082,26.61,30.109,DOWN,0
2022-10-31,28.75,29.74,29.076,26.6664,30.0823,UP,1
2022-11-01,28.82,29.21,29.044,26.749,30.0565,DOWN,0
2022-11-02,28.16,28.76,28.866,26.81,30.0344,DOWN,0
2022-11-03,25.71,27.66,28.266,26.8236,30.0029,UP,1
2022-11-04,27.65,27.05,27.818,26.8652,29.981,UP,1
2022-11-07,29.0,27.78,27.868,26.9586,29.9733,DOWN,0
2022-11-08,28.44,29.0,27.792,27.0396,29.9639,DOWN,0
2022-11-09,27.99,28.06,27.758,27.1092,29.9567,UP,1
2022-11-10,29.01,29.24,28.418,27.1938,29.9551,UP,1
2022-11-11,29.46,29.27,28.78,27.249,29.9575,DOWN,0
2022-11-14,29.07,29.2,28.794,27.2808,29.9545,DOWN,0
2022-11-15,28.61,29.48,28.828,27.325,29.9472,DOWN,0
2022-11-16,28.45,28.41,28.92,27.3608,29.9355,DOWN,0
2022-11-17,28.36,27.85,28.79,27.396,29.9238,UP,1
2022-11-18,28.51,28.72,28.6,27.431,29.8918,UP,1
2022-11-21,28.68,28.32,28.522,27.4374,29.8551,UP,1
2022-11-22,29.54,29.01,28.708,27.4832,29.8161,UP,1
2022-11-23,29.61,29.49,28.94,27.5228,29.7701,UP,1
2022-11-25,29.68,29.74,29.204,27.567,29.7253,DOWN,0
2022-11-28,28.95,29.4,29.292,27.6052,29.681,UP,1
2022-11-29,29.11,29.06,29.378,27.6324,29.6424,UP,1
2022-11-30,29.67,28.99,29.404,27.6848,29.6073,X,X
