ticker,FTV US Equity,FTV US Equity,FTV US Equity,FTV US Equity,FTV US Equity,Predictions,OneHotPred
field,PX_LAST,PX_OPEN,MOV_AVG_5D,MOV_AVG_50D,MOV_AVG_200D,,
date,,,,,,,
2016-06-13,35.9551,35.9551,,,,UP,1
2016-06-14,39.258,37.6275,,,,UP,1
2016-06-15,39.2998,39.2998,,,,UP,1
2016-06-17,41.8083,40.9721,,,,DOWN,0
2016-06-22,40.136,41.8083,39.2914,,,UP,1
2016-06-23,40.5541,40.6377,40.2112,,,DOWN,0
2016-06-24,38.4636,39.7597,40.0524,,,UP,1
2016-06-27,38.6058,38.9068,39.9135,,,UP,1
2016-06-28,40.136,40.136,39.5791,,,UP,1
2016-06-29,40.4788,40.3032,39.6476,,,UP,1
2016-06-30,41.1895,40.7547,39.7747,,,UP,1
2016-07-01,41.4237,41.6996,40.3667,,,DOWN,0
2016-07-05,40.6377,41.3066,40.7731,,,DOWN,0
2016-07-06,39.9269,39.3583,40.7313,,,DOWN,0
2016-07-07,39.9186,39.8182,40.6193,,,UP,1
2016-07-08,41.9755,40.1025,40.7765,,,UP,1
2016-07-11,42.7448,41.1477,41.0407,,,DOWN,0
2016-07-12,42.2849,42.6445,41.3701,,,UP,1
2016-07-13,42.3267,42.2849,41.8501,,,UP,1
2016-07-14,43.1211,42.0842,42.4906,,,DOWN,0
2016-07-15,42.8368,43.2967,42.6629,,,UP,1
2016-07-18,42.887,42.4521,42.6913,,,UP,1
2016-07-19,43.1044,42.6779,42.8552,,,DOWN,0
2016-07-20,42.0926,43.3468,42.8084,,,DOWN,0
2016-07-21,42.009,42.1428,42.5859,,,DOWN,0
2016-07-22,41.3066,41.8083,42.2799,,,DOWN,0
2016-07-25,40.9554,41.1561,41.8936,,,UP,1
2016-07-26,41.2063,40.6042,41.514,,,DOWN,0
2016-07-27,40.9052,41.039,41.2765,,,DOWN,0
2016-07-28,40.6795,40.7547,41.0106,,,DOWN,0
2016-07-29,40.3116,40.5206,40.8116,,,DOWN,0
2016-08-01,39.9687,40.2279,40.6143,,,DOWN,0
2016-08-02,39.7179,39.7179,40.3166,,,UP,1
2016-08-03,41.2063,39.7179,40.3768,,,UP,1
2016-08-04,41.8334,41.4655,40.6076,,,UP,1
2016-08-05,42.2933,42.0257,41.0039,,,DOWN,0
2016-08-08,41.8501,42.3351,41.3802,,,UP,1
2016-08-09,42.1929,40.7464,41.8752,,,DOWN,0
2016-08-10,42.1846,42.2013,42.0709,,,UP,1
2016-08-11,43.9405,42.4187,42.4923,,,UP,1
2016-08-12,44.0743,43.4806,42.8485,,,UP,1
2016-08-15,44.8687,44.275,43.4522,,,DOWN,0
2016-08-16,44.7767,44.8018,43.969,,,DOWN,0
2016-08-17,44.6596,44.877,44.464,,,DOWN,0
2016-08-18,44.4506,44.5008,44.566,,,DOWN,0
2016-08-19,43.4137,44.275,44.4339,,,DOWN,0
2016-08-22,42.8619,43.4137,44.0325,,,UP,1
2016-08-23,43.397,42.9455,43.7566,,,DOWN,0
2016-08-24,42.9538,42.8619,43.4154,,,UP,1
2016-08-25,43.1629,42.795,43.1579,41.6469,,UP,1
2016-08-26,43.3719,43.1796,43.1495,41.7953,,UP,1
2016-08-29,43.8235,43.2967,43.3418,41.8866,,UP,1
2016-08-30,43.9907,43.6395,43.4606,41.9804,,UP,1
2016-08-31,44.0409,43.8736,43.678,42.025,,DOWN,0
2016-09-01,44.0074,44.2834,43.8469,42.1025,,UP,1
2016-09-02,44.6345,44.3335,44.0994,42.1841,,DOWN,0
2016-09-06,44.091,44.7349,44.1529,42.2966,,UP,1
2016-09-07,44.2666,43.8402,44.2081,42.4098,,DOWN,0
2016-09-08,43.7566,44.0492,44.1512,42.4822,,DOWN,0
2016-09-09,42.2682,43.2883,43.8034,42.518,,UP,1
2016-09-12,42.8201,41.825,43.4405,42.5506,,DOWN,0
2016-09-13,41.8417,42.5274,42.9906,42.559,,DOWN,0
2016-09-14,41.825,41.8501,42.5023,42.5828,,UP,1
2016-09-15,42.218,41.7916,42.1946,42.6286,,DOWN,0
2016-09-16,42.0257,41.9003,42.1461,42.6707,,UP,1
2016-09-19,42.4605,42.1511,42.0742,42.6804,,DOWN,0
2016-09-20,42.0173,42.4605,42.1093,42.6659,,UP,1
2016-09-21,42.6277,42.2013,42.2699,42.6727,,UP,1
2016-09-22,43.1796,42.9371,42.4622,42.6898,,DOWN,0
2016-09-23,42.5441,42.8953,42.5659,42.6782,,UP,1
2016-09-26,42.8284,42.3602,42.6394,42.6781,,UP,1
2016-09-27,43.1545,42.7281,42.8669,42.6834,,UP,1
2016-09-28,43.2465,43.2632,42.9906,42.6863,,DOWN,0
2016-09-29,42.3936,42.7197,42.8334,42.6923,,UP,1
2016-09-30,42.5608,42.7448,42.8368,42.7033,,UP,1
2016-10-03,42.9706,42.3184,42.8652,42.7366,,DOWN,0
2016-10-04,42.4856,42.8619,42.7314,42.7672,,UP,1
2016-10-05,42.5943,42.6612,42.601,42.795,,DOWN,0
2016-10-06,42.3936,42.5023,42.601,42.8247,,DOWN,0
2016-10-07,41.7498,42.2264,42.4388,42.8461,,UP,1
2016-10-10,41.7665,42.0006,42.198,42.8752,,DOWN,0
2016-10-11,41.1561,41.7414,41.9321,42.899,,DOWN,0
2016-10-12,40.9638,41.3066,41.6059,42.9239,,DOWN,0
2016-10-13,40.8216,40.6628,41.2915,42.9162,,UP,1
2016-10-14,41.3568,41.0307,41.2129,42.9067,,DOWN,0
2016-10-17,41.0223,41.4404,41.0641,42.8813,,UP,1
2016-10-18,41.0474,41.5156,41.0424,42.8652,,UP,1
2016-10-19,41.2982,41.1979,41.1093,42.8473,,DOWN,0
2016-10-20,40.7213,41.0892,41.0892,42.8181,,DOWN,0
2016-10-21,40.6962,40.3199,40.9571,42.7532,,DOWN,0
2016-10-24,40.5959,40.8634,40.8718,42.6836,,DOWN,0
2016-10-25,40.0691,40.5541,40.6761,42.5876,,DOWN,0
2016-10-26,39.9436,39.9687,40.4052,42.4909,,DOWN,0
2016-10-27,39.7095,39.8768,40.2029,42.3919,,UP,1
2016-10-28,41.9839,42.0006,40.4604,42.3426,,UP,1
2016-10-31,42.6863,41.9839,40.8785,42.3281,,DOWN,0
2016-11-01,42.218,42.5943,41.3083,42.3152,,DOWN,0
2016-11-02,42.0759,42.1846,41.7347,42.2888,,UP,1
2016-11-03,42.6277,42.0508,42.3184,42.2822,,UP,1
2016-11-04,42.7364,42.6612,42.4689,42.2737,,UP,1
2016-11-07,43.305,43.1211,42.5926,42.2724,,UP,1
2016-11-08,44.0241,43.3803,42.9538,42.2764,,UP,1
2016-11-09,44.7014,43.4723,43.479,42.2906,,UP,1
2016-11-10,45.3202,45.1112,44.0175,42.3162,,DOWN,0
2016-11-11,44.6513,45.2282,44.4004,42.3291,,UP,1
2016-11-14,45.0025,44.8687,44.7399,42.3364,,UP,1
2016-11-15,45.2533,45.1028,44.9857,42.3597,,UP,1
2016-11-16,45.5209,44.9774,45.1496,42.3848,,UP,1
2016-11-17,45.571,45.4707,45.1998,42.421,,UP,1
2016-11-18,45.6797,45.5543,45.4055,42.4893,,UP,1
2016-11-21,45.847,45.362,45.5744,42.5498,,UP,1
2016-11-22,46.2985,45.7717,45.7834,42.6389,,UP,1
2016-11-23,46.6581,46.4992,46.0109,42.7356,,UP,1
2016-11-25,46.8002,46.8922,46.2567,42.8273,,DOWN,0
2016-11-28,46.4825,46.8922,46.4172,42.9164,,DOWN,0
2016-11-29,46.2233,46.2901,46.4925,42.9916,,DOWN,0
2016-11-30,45.9808,46.5326,46.429,43.0709,,DOWN,0
2016-12-01,45.3118,46.1062,46.1597,43.1246,,UP,1
2016-12-02,45.5543,45.3955,45.9105,43.1721,,DOWN,0
2016-12-05,45.0777,45.7968,45.6296,43.2228,,UP,1
2016-12-06,45.153,45.1279,45.4155,43.2692,,UP,1
2016-12-07,45.3536,45.153,45.2901,43.3132,,DOWN,0
2016-12-08,44.8854,45.4623,45.2048,43.346,,UP,1
2016-12-09,45.153,44.7432,45.1245,43.4012,,DOWN,0
2016-12-12,45.1446,45.0526,45.1379,43.4529,,DOWN,0
2016-12-13,45.0275,45.3871,45.1128,43.494,,UP,1
2016-12-14,45.362,45.061,45.1145,43.5515,,UP,1
2016-12-15,45.8303,45.3286,45.3035,43.6163,,UP,1
2016-12-16,45.847,45.8721,45.4423,43.6853,,UP,1
2016-12-19,45.9557,45.8303,45.6045,43.7694,,UP,1
2016-12-20,46.0309,46.1898,45.8052,43.8547,,DOWN,0
2016-12-21,45.2533,45.964,45.7834,43.9367,,DOWN,0
2016-12-22,45.2282,45.2533,45.663,44.022,,UP,1
2016-12-23,45.5794,45.4289,45.6095,44.1171,,DOWN,0
2016-12-27,45.5376,45.7801,45.5259,44.2007,,DOWN,0
2016-12-28,44.9439,45.7048,45.3085,44.2792,,UP,1
2016-12-29,45.1613,45.1446,45.2901,44.3614,,DOWN,0
2016-12-30,44.8436,45.3202,45.2132,44.4324,,UP,1
2017-01-03,44.9272,45.061,45.0827,44.5165,,UP,1
2017-01-04,45.362,45.2533,45.0476,44.6098,,DOWN,0
2017-01-05,45.1028,45.4289,45.0794,44.6999,,DOWN,0
2017-01-06,45.0443,45.0693,45.056,44.7994,,DOWN,0
2017-01-09,44.9272,45.1697,45.0727,44.8991,,UP,1
2017-01-10,44.9857,44.9272,45.0844,45.0046,,DOWN,0
2017-01-11,44.8687,44.969,44.9857,45.0623,,UP,1
2017-01-12,44.877,44.7098,44.9406,45.1061,,UP,1
2017-01-13,45.7885,45.4874,45.0894,45.1775,,DOWN,0
2017-01-17,45.2617,45.5209,45.1563,45.2413,,UP,1
2017-01-18,45.27,45.2449,45.2132,45.2941,,UP,1
2017-01-19,45.3787,45.3453,45.3152,45.347,,UP,1
2017-01-20,45.5878,45.5042,45.4573,45.3926,,DOWN,0
2017-01-23,45.2449,45.4205,45.3486,45.417,,UP,1
2017-01-24,45.7383,45.4122,45.4439,45.4378,,UP,1
2017-01-25,46.1313,45.939,45.6162,45.454,,UP,1
2017-01-26,46.5661,45.9891,45.8537,45.4923,,UP,1
2017-01-27,46.7668,46.5995,46.0895,45.5276,,DOWN,0
2017-01-30,46.357,46.7668,46.3119,45.5496,,DOWN,0
2017-01-31,46.2483,46.1898,46.4139,45.5642,,DOWN,0
2017-02-01,46.0978,46.3821,46.4072,45.5747,,UP,1
2017-02-02,46.1647,45.8219,46.3269,45.5844,,UP,1
2017-02-03,46.842,46.4574,46.342,45.6043,,DOWN,0
2017-02-06,46.6664,46.5744,46.4039,45.6117,,DOWN,0
2017-02-07,46.5243,46.8253,46.4591,45.609,,UP,1
2017-02-08,46.9758,45.964,46.6347,45.6125,,UP,1
2017-02-09,47.6782,46.9591,46.9373,45.6364,,UP,1
2017-02-10,47.7869,47.8203,47.1263,45.6677,,UP,1
2017-02-13,48.1046,48.0461,47.414,45.7102,,DOWN,0
2017-02-14,47.904,48.0795,47.6899,45.762,,UP,1
2017-02-15,48.1464,47.8621,47.924,45.8139,,DOWN,0
2017-02-16,47.9876,48.2133,47.9859,45.8721,,UP,1
2017-02-17,48.2384,48.0043,48.0762,45.9338,,UP,1
2017-02-21,48.6063,48.2384,48.1765,45.9988,,DOWN,0
2017-02-22,48.2384,48.3053,48.2434,46.0659,,DOWN,0
2017-02-23,47.8789,48.506,48.1899,46.1204,,UP,1
2017-02-24,48.322,47.7367,48.2568,46.184,,DOWN,0
2017-02-27,48.205,48.1966,48.2501,46.2475,,DOWN,0
2017-02-28,48.205,48.2217,48.1699,46.3044,,UP,1
2017-03-01,49.2585,48.6816,48.3739,46.3729,,DOWN,0
2017-03-02,49.0244,49.2585,48.603,46.4365,,UP,1
2017-03-03,49.108,49.0077,48.7602,46.4995,,DOWN,0
2017-03-06,48.7736,48.7652,48.8739,46.5544,,DOWN,0
2017-03-07,48.6649,48.807,48.9659,46.6226,,DOWN,0
2017-03-08,48.6398,48.6732,48.8421,46.6908,,DOWN,0
2017-03-09,48.5144,48.5645,48.7401,46.7495,,UP,1
2017-03-10,48.7568,48.7318,48.6699,46.8139,,UP,1
2017-03-13,49.1415,48.8739,48.7435,46.8979,,DOWN,0
2017-03-14,48.9575,48.899,48.802,46.9738,,UP,1
2017-03-15,49.9191,49.1498,49.0579,47.0753,,DOWN,0
2017-03-16,49.7602,49.9442,49.307,47.172,,UP,1
2017-03-17,49.8188,49.9442,49.5194,47.2611,,DOWN,0
2017-03-20,49.3338,49.8355,49.5579,47.3457,,DOWN,0
2017-03-21,48.9241,49.5679,49.5512,47.4233,,DOWN,0
2017-03-22,48.9073,48.9241,49.3488,47.5029,,UP,1
2017-03-23,48.9408,48.7568,49.185,47.582,,UP,1
2017-03-24,49.593,50.3205,49.1398,47.6765,,DOWN,0
2017-03-27,49.4007,49.0997,49.1532,47.767,,UP,1
2017-03-28,49.8271,49.3672,49.3338,47.8478,,UP,1
2017-03-29,49.8773,50.0529,49.5278,47.9401,,DOWN,0
2017-03-30,49.8522,49.9358,49.7101,48.0317,,UP,1
2017-03-31,50.3539,49.8104,49.8623,48.1312,44.3497,DOWN,0
2017-04-03,50.2787,50.3037,50.0378,48.225,44.4213,DOWN,0
2017-04-04,50.1867,50.2703,50.1098,48.3239,44.476,UP,1
2017-04-05,50.379,50.3874,50.2101,48.4167,44.5314,UP,1
2017-04-06,50.6466,50.3957,50.369,48.507,44.5755,DOWN,0
2017-04-07,50.563,50.6549,50.4108,48.5869,44.6277,UP,1
2017-04-10,51.0061,50.588,50.5563,48.6717,44.6799,DOWN,0
2017-04-11,50.8138,50.7218,50.6817,48.7609,44.7417,DOWN,0
2017-04-12,50.588,50.8305,50.7235,48.8476,44.8016,DOWN,0
2017-04-13,50.4459,50.588,50.6834,48.9346,44.8532,UP,1
2017-04-17,50.5713,50.588,50.685,49.0227,44.9036,DOWN,0
2017-04-18,50.3957,50.2703,50.563,49.0938,44.9497,DOWN,0
2017-04-19,50.1783,50.4124,50.4359,49.1641,44.9934,UP,1
2017-04-20,50.68,50.3874,50.4543,49.2472,45.0436,DOWN,0
2017-04-21,50.1783,50.6633,50.4007,49.3112,45.0949,UP,1
2017-04-24,51.3657,50.8305,50.5596,49.385,45.1521,UP,1
2017-04-25,52.1182,51.6667,50.9041,49.4716,45.2028,DOWN,0
2017-04-26,52.0513,52.0931,51.2787,49.5505,45.2494,UP,1
2017-04-27,52.1099,52.043,51.5647,49.6346,45.2985,UP,1
2017-04-28,52.8959,52.645,52.1082,49.7296,45.3513,DOWN,0
2017-05-01,52.1266,53.1885,52.2604,49.8124,45.3964,DOWN,0
2017-05-02,51.9928,51.7001,52.2353,49.8875,45.4422,UP,1
2017-05-03,52.4025,51.8005,52.3055,49.9634,45.4897,UP,1
2017-05-04,52.5279,52.3691,52.3891,50.0492,45.5368,UP,1
2017-05-05,52.7955,52.5614,52.3691,50.1476,45.5904,DOWN,0
2017-05-08,52.5865,52.7537,52.4611,50.2328,45.6432,DOWN,0
2017-05-09,52.4276,52.6283,52.548,50.3173,45.6989,DOWN,0
2017-05-10,52.3189,52.2855,52.5313,50.3996,45.7557,UP,1
2017-05-11,52.3607,51.9928,52.4978,50.4616,45.8114,DOWN,0
2017-05-12,51.9928,52.2102,52.3373,50.521,45.8669,UP,1
2017-05-15,52.0262,52.0931,52.2253,50.5793,45.9236,UP,1
2017-05-16,52.1182,52.2186,52.1634,50.6462,45.9826,DOWN,0
2017-05-17,51.1734,51.7587,51.9343,50.6964,46.0387,DOWN,0
2017-05-18,51.1399,50.7971,51.6901,50.7464,46.0958,UP,1
2017-05-19,51.7085,51.4075,51.6333,50.8103,46.1483,UP,1
2017-05-22,52.1768,51.9175,51.6634,50.8787,46.2,UP,1
2017-05-23,52.3524,52.1684,51.7102,50.9429,46.2503,UP,1
2017-05-24,52.7454,52.4611,52.0246,51.0187,46.3048,UP,1
2017-05-25,53.2136,52.7788,52.4393,51.0846,46.3599,DOWN,0
2017-05-26,53.1049,53.2471,52.7186,51.1515,46.4145,DOWN,0
2017-05-30,52.9711,52.8791,52.8775,51.2145,46.4596,DOWN,0
2017-05-31,52.2186,53.0296,52.8507,51.2722,46.5004,UP,1
2017-06-01,52.6701,52.4527,52.8357,51.3471,46.5394,UP,1
2017-06-02,53.0213,52.5948,52.7972,51.4294,46.5806,DOWN,0
2017-06-05,52.946,52.8791,52.7654,51.5095,46.622,DOWN,0
2017-06-06,52.8457,52.8791,52.7403,51.5746,46.664,UP,1
2017-06-07,52.9795,52.8875,52.8925,51.6461,46.7118,UP,1
2017-06-08,53.2638,53.0213,53.0113,51.7149,46.7638,DOWN,0
2017-06-09,52.7537,53.5146,52.9577,51.7724,46.8106,DOWN,0
2017-06-12,52.2269,52.7119,52.8139,51.8199,46.857,UP,1
2017-06-13,52.9042,52.4109,52.8256,51.8709,46.9057,DOWN,0
2017-06-14,52.6366,52.9126,52.7571,51.918,46.952,UP,1
2017-06-15,52.7119,52.3942,52.6467,51.9686,46.9965,UP,1
2017-06-16,53.5564,52.8206,52.8072,52.0321,47.0443,UP,1
2017-06-19,54.1752,53.7738,53.1969,52.1027,47.095,DOWN,0
2017-06-20,53.9076,53.9327,53.3976,52.1696,47.1445,DOWN,0
2017-06-21,53.824,53.9494,53.635,52.2259,47.1904,DOWN,0
2017-06-22,53.5982,53.7989,53.8123,52.2816,47.2379,DOWN,0
2017-06-23,53.5982,53.4728,53.8207,52.3418,47.2846,UP,1
2017-06-26,53.6066,53.7655,53.7069,52.405,47.3339,DOWN,0
2017-06-27,52.9878,53.339,53.523,52.4534,47.3875,UP,1
2017-06-28,53.8575,53.339,53.5297,52.5226,47.4426,DOWN,0
2017-06-29,52.5614,53.824,53.3223,52.5703,47.4962,UP,1
2017-06-30,52.9711,52.6116,53.1969,52.6161,47.552,DOWN,0
2017-07-03,52.9544,53.222,53.0664,52.6716,47.6056,UP,1
2017-07-05,53.1885,53.2052,53.1066,52.7081,47.6615,DOWN,0
2017-07-06,52.9544,53.0129,52.926,52.7248,47.7139,UP,1
2017-07-07,53.3892,53.1885,53.0915,52.7515,47.7708,UP,1
2017-07-10,54.0163,53.3641,53.3006,52.7897,47.8277,DOWN,0
2017-07-11,53.4895,54.0832,53.4076,52.8015,47.8793,UP,1
2017-07-12,54.0999,53.7153,53.5899,52.841,47.9371,DOWN,0
2017-07-13,53.8407,54.1417,53.7671,52.878,47.9921,UP,1
2017-07-14,53.9829,53.8658,53.8859,52.9096,48.0463,DOWN,0
2017-07-17,53.6317,53.9912,53.809,52.9316,48.0982,DOWN,0
2017-07-18,53.3056,53.5397,53.7722,52.9419,48.1528,UP,1
2017-07-19,53.4895,53.4645,53.6501,52.9599,48.2074,DOWN,0
2017-07-20,53.0965,53.523,53.5012,52.9733,48.258,DOWN,0
2017-07-21,52.8875,52.8791,53.2822,52.9847,48.31,UP,1
2017-07-24,52.9209,52.9544,53.14,52.9959,48.3617,DOWN,0
2017-07-25,52.737,53.1551,53.0263,53.0108,48.4134,DOWN,0
2017-07-26,51.9928,52.7704,52.727,53.0101,48.4646,UP,1
2017-07-27,52.3273,51.9761,52.5731,53.0143,48.5174,UP,1
2017-07-28,53.9076,53.0965,52.7771,53.0689,48.5812,UP,1
2017-07-31,54.1334,54.1501,53.0196,53.1288,48.647,UP,1
2017-08-01,54.518,54.1752,53.3758,53.185,48.7155,UP,1
2017-08-02,55.4211,54.61,54.0615,53.2499,48.7858,UP,1
2017-08-03,55.6301,55.4796,54.722,53.3154,48.8589,UP,1
2017-08-04,56.1653,55.7555,55.1736,53.3838,48.9344,UP,1
2017-08-07,56.2071,56.0231,55.5883,53.4437,49.009,DOWN,0
2017-08-08,55.9562,55.998,55.876,53.5007,49.0852,DOWN,0
2017-08-09,55.8726,55.9061,55.9663,53.5588,49.161,DOWN,0
2017-08-10,54.794,55.6468,55.799,53.6103,49.232,UP,1
2017-08-11,54.8525,54.8692,55.5365,53.6539,49.3059,UP,1
2017-08-14,55.396,55.2706,55.3743,53.7014,49.3832,DOWN,0
2017-08-15,55.2873,55.3542,55.2405,53.7482,49.4611,UP,1
2017-08-16,55.3124,55.4462,55.1284,53.7976,49.5277,DOWN,0
2017-08-17,54.4846,55.0783,55.0665,53.8277,49.5867,DOWN,0
2017-08-18,54.3759,54.309,54.9712,53.8499,49.6475,UP,1
2017-08-21,54.702,54.3508,54.8324,53.8889,49.7107,UP,1
2017-08-22,55.0699,54.8441,54.7889,53.9458,49.7729,DOWN,0
2017-08-23,54.3759,54.8859,54.6016,53.9752,49.8311,DOWN,0
2017-08-24,54.2505,54.4511,54.5548,54.0075,49.8858,DOWN,0
2017-08-25,54.0916,54.3926,54.498,54.0351,49.9361,DOWN,0
2017-08-28,53.9243,54.309,54.3424,54.0424,49.9822,DOWN,0
2017-08-29,53.8993,53.732,54.1083,54.0369,50.0251,UP,1
2017-08-30,54.1836,53.8658,54.0698,54.0424,50.0728,UP,1
2017-08-31,54.3257,54.2254,54.0849,54.0524,50.1194,UP,1
2017-09-01,54.4344,54.5598,54.1535,54.0692,50.1653,DOWN,0
2017-09-05,54.426,54.3424,54.2538,54.0857,50.2098,DOWN,0
2017-09-06,54.125,54.7689,54.2989,54.0961,50.2526,UP,1
2017-09-07,54.8274,54.3006,54.4277,54.1329,50.2984,UP,1
2017-09-08,55.5883,54.794,54.6802,54.1675,50.3471,UP,1
2017-09-11,56.4579,56.0064,55.0849,54.2454,50.3979,UP,1
2017-09-12,56.7506,56.5332,55.5499,54.321,50.4483,UP,1
2017-09-13,57.4362,56.6335,56.2121,54.4107,50.5015,UP,1
2017-09-14,57.8543,57.1519,56.8175,54.504,50.5584,UP,1
2017-09-15,57.9965,58.5902,57.2991,54.6048,50.6172,UP,1
2017-09-18,58.7908,58.1052,57.7657,54.7128,50.6813,DOWN,0
2017-09-19,58.5985,58.7908,58.1353,54.8045,50.7477,UP,1
2017-09-20,58.6738,58.7156,58.3828,54.9082,50.8133,DOWN,0
2017-09-21,58.4731,58.6989,58.5065,54.9956,50.8803,UP,1
2017-09-22,58.5567,58.4146,58.6186,55.09,50.9473,DOWN,0
2017-09-25,58.5567,58.5985,58.5718,55.1814,51.0133,DOWN,0
2017-09-26,58.4062,58.5651,58.5333,55.2769,51.0809,UP,1
2017-09-27,58.7072,58.4062,58.54,55.385,51.1487,DOWN,0
2017-09-28,58.4647,58.5065,58.5383,55.4845,51.2153,UP,1
2017-09-29,59.1922,58.4396,58.6654,55.6064,51.2861,UP,1
2017-10-02,59.8277,59.3929,58.9196,55.7452,51.3584,DOWN,0
2017-10-03,59.7691,59.9865,59.1922,55.8821,51.4281,UP,1
2017-10-04,60.1287,59.7273,59.4765,56.03,51.4995,DOWN,0
2017-10-05,59.8444,60.2123,59.7524,56.187,51.569,DOWN,0
2017-10-06,59.8277,59.7524,59.8795,56.337,51.638,UP,1
2017-10-09,60.1203,60.0033,59.9381,56.4613,51.7123,UP,1
2017-10-10,60.1371,60.413,60.0116,56.5813,51.7869,UP,1
2017-10-11,60.4966,60.2541,60.0852,56.7009,51.8614,UP,1
2017-10-12,60.9481,60.6137,60.306,56.8115,51.9385,DOWN,0
2017-10-13,60.4966,61.1906,60.4398,56.9088,52.0163,DOWN,0
2017-10-16,60.2207,60.5719,60.4598,56.9899,52.0916,DOWN,0
2017-10-17,59.7775,60.2708,60.3879,57.0613,52.1662,UP,1
2017-10-18,59.8862,59.7859,60.2658,57.1399,52.241,DOWN,0
2017-10-19,59.4514,59.6855,59.9665,57.2115,52.3115,UP,1
2017-10-20,60.2123,59.7859,59.9096,57.3198,52.387,UP,1
2017-10-23,60.2792,60.2123,59.9213,57.4284,52.4632,UP,1
2017-10-24,61.2993,60.4632,60.2257,57.5464,52.545,DOWN,0
2017-10-25,60.597,60.9983,60.3678,57.6526,52.6231,UP,1
2017-10-26,61.4331,61.1237,60.7642,57.7751,52.7059,UP,1
2017-10-27,61.9599,60.3712,61.1137,57.9246,52.7913,DOWN,0
2017-10-30,60.5886,61.6672,61.1756,58.0488,52.8653,DOWN,0
2017-10-31,60.4214,60.714,61.0,58.1632,52.9411,UP,1
2017-11-01,60.9231,60.8144,61.0652,58.2803,53.0194,UP,1
2017-11-02,61.2993,60.9565,61.0384,58.4187,53.099,UP,1
2017-11-03,61.5753,61.291,60.9615,58.5652,53.1789,DOWN,0
2017-11-06,60.9231,61.4582,61.0284,58.7019,53.2573,UP,1
2017-11-07,61.4331,60.8729,61.2308,58.852,53.3358,DOWN,0
2017-11-08,60.8478,61.2157,61.2157,58.991,53.4094,DOWN,0
2017-11-09,60.7307,60.5802,61.102,59.122,53.4802,UP,1
2017-11-10,60.7475,60.4381,60.9364,59.2504,53.5501,DOWN,0
2017-11-13,60.7057,60.4214,60.893,59.3758,53.6219,UP,1
2017-11-14,60.7642,60.3963,60.7592,59.5026,53.6944,DOWN,0
2017-11-15,60.0785,60.6973,60.6053,59.6216,53.7643,UP,1
2017-11-16,60.5719,60.3628,60.5735,59.7365,53.8364,DOWN,0
2017-11-17,60.413,60.2792,60.5066,59.833,53.9042,UP,1
2017-11-20,60.8812,60.5217,60.5418,59.9215,53.9753,DOWN,0
2017-11-21,60.5802,60.9481,60.505,59.9981,54.0456,DOWN,0
2017-11-22,60.204,60.5217,60.5301,60.0534,54.1117,UP,1
2017-11-24,60.3127,60.2625,60.4782,60.1026,54.1749,UP,1
2017-11-27,60.8394,60.4799,60.5635,60.1595,54.2402,UP,1
2017-11-28,61.2826,61.0903,60.6438,60.2093,54.3061,UP,1
2017-11-29,61.3913,61.3579,60.806,60.2652,54.3735,UP,1
2017-11-30,62.4198,61.4498,61.2492,60.3401,54.4449,DOWN,0
2017-12-01,62.3613,63.1723,61.6589,60.4178,54.5167,DOWN,0
2017-12-04,62.0686,62.771,61.9047,60.4881,54.5859,DOWN,0
2017-12-05,60.9983,62.2358,61.8479,60.5369,54.6478,UP,1
2017-12-06,61.2826,61.0318,61.8261,60.5944,54.7131,UP,1
2017-12-07,61.5418,61.5,61.6505,60.6511,54.7814,UP,1
2017-12-08,61.6171,61.8428,61.5017,60.7142,54.8478,DOWN,0
2017-12-11,61.0485,61.7341,61.2977,60.7513,54.9121,DOWN,0
2017-12-12,60.6388,60.9983,61.2257,60.7675,54.9742,DOWN,0
2017-12-13,60.5468,60.597,61.0786,60.7831,55.0307,DOWN,0
2017-12-14,59.7023,60.7307,60.7107,60.7746,55.0841,UP,1
2017-12-15,60.2541,60.0618,60.4381,60.7827,55.1398,UP,1
2017-12-18,60.8144,60.5217,60.3913,60.8025,55.2,DOWN,0
2017-12-19,60.8144,60.9816,60.4264,60.8164,55.2607,UP,1
2017-12-20,61.0318,61.2324,60.5234,60.8343,55.3227,DOWN,0
2017-12-21,60.8729,61.2659,60.7575,60.8418,55.3845,DOWN,0
2017-12-22,60.597,60.9063,60.8261,60.8348,55.4437,UP,1
2017-12-26,60.7224,60.7809,60.8077,60.8393,55.5016,DOWN,0
2017-12-27,60.5133,60.6471,60.7475,60.8451,55.5594,UP,1
2017-12-28,60.622,60.622,60.6655,60.862,55.6129,DOWN,0
2017-12-29,60.4966,60.8478,60.5903,60.8742,55.6666,UP,1
2018-01-02,60.5217,61.0318,60.5752,60.8956,55.7201,UP,1
2018-01-03,60.5551,60.4046,60.5418,60.9025,55.7762,UP,1
2018-01-04,62.0853,60.806,60.8562,60.9386,55.842,DOWN,0
2018-01-05,61.3746,62.2275,61.0067,60.9401,55.9043,DOWN,0
2018-01-08,61.2492,61.1739,61.1572,60.9532,55.9659,UP,1
2018-01-09,61.6923,61.2241,61.3913,60.9583,56.0264,DOWN,0
2018-01-10,61.0568,61.3829,61.4916,60.9403,56.0847,UP,1
2018-01-11,61.6338,61.1488,61.4013,60.9612,56.1437,UP,1
2018-01-12,62.2693,61.8261,61.5803,60.9981,56.2057,DOWN,0
2018-01-16,61.8679,62.5619,61.704,61.017,56.2657,UP,1
2018-01-17,62.495,62.2693,61.8646,61.041,56.3264,DOWN,0
2018-01-18,62.2609,62.5954,62.1054,61.0547,56.3864,UP,1
2018-01-19,62.3445,62.4031,62.2475,61.0831,56.4471,DOWN,0
2018-01-22,62.0435,62.3362,62.2024,61.0953,56.5055,UP,1
2018-01-23,62.7626,62.2442,62.3813,61.1336,56.566,UP,1
2018-01-24,63.0135,63.1138,62.485,61.1793,56.6283,DOWN,0
2018-01-25,62.5536,63.373,62.5435,61.2154,56.686,UP,1
2018-01-26,64.0252,62.888,62.8797,61.2818,56.7521,DOWN,0
2018-01-29,63.8664,63.7158,63.2443,61.3438,56.8185,DOWN,0
2018-01-30,63.5737,63.465,63.4065,61.4137,56.8841,DOWN,0
2018-01-31,63.5653,63.8246,63.5168,61.4736,56.9491,DOWN,0
2018-02-01,63.1723,63.1473,63.6406,61.5288,57.013,DOWN,0
2018-02-02,63.0051,62.9967,63.4366,61.5713,57.0771,DOWN,0
2018-02-05,59.9197,62.7459,62.6472,61.558,57.1233,UP,1
2018-02-06,60.2959,58.8076,61.9917,61.5599,57.1739,DOWN,0
2018-02-07,59.9447,60.1371,61.2676,61.5525,57.2168,DOWN,0
2018-02-08,57.8125,59.9615,60.1956,61.492,57.2453,UP,1
2018-02-09,60.5802,63.3897,59.7106,61.4779,57.2879,UP,1
2018-02-12,62.1271,60.8729,60.1521,61.4927,57.338,DOWN,0
2018-02-13,61.9933,61.9515,60.4916,61.4841,57.3835,UP,1
2018-02-14,62.0352,61.6672,60.9097,61.4776,57.433,UP,1
2018-02-15,62.7793,62.5954,61.903,61.4918,57.487,UP,1
2018-02-16,63.256,62.7793,62.4382,61.537,57.5412,UP,1
2018-02-20,63.4232,62.9967,62.6974,61.5798,57.5957,UP,1
2018-02-21,63.557,63.6406,63.0101,61.6201,57.6495,UP,1
2018-02-22,64.1172,63.8329,63.4265,61.6701,57.7072,UP,1
2018-02-23,64.5018,64.5102,63.771,61.7392,57.7675,UP,1
2018-02-26,65.1875,64.6273,64.1573,61.8301,57.8319,DOWN,0
2018-02-27,65.0203,65.2878,64.4768,61.9196,57.8952,DOWN,0
2018-02-28,64.2175,65.2544,64.6089,62.0099,57.9563,DOWN,0
2018-03-01,62.4616,64.435,64.2778,62.0541,58.0085,DOWN,0
2018-03-02,61.8679,61.8846,63.751,62.0751,58.0572,UP,1
2018-03-05,62.0937,61.4833,63.1322,62.1007,58.1118,UP,1
2018-03-06,62.8128,62.4365,62.6907,62.1363,58.1702,UP,1
2018-03-07,65.1875,62.6288,62.8847,62.2226,58.2376,UP,1
2018-03-08,65.522,65.4133,63.4968,62.3211,58.3043,UP,1
2018-03-09,67.119,65.9066,64.547,62.4491,58.3781,DOWN,0
2018-03-12,65.6641,67.0605,65.2611,62.5521,58.4427,DOWN,0
2018-03-13,65.2126,65.8397,65.741,62.6439,58.5027,DOWN,0
2018-03-14,64.8948,65.5972,65.6825,62.7318,58.5617,UP,1
2018-03-15,65.3046,65.0286,65.639,62.8275,58.6233,UP,1
2018-03-16,65.4133,65.2377,65.2979,62.9247,58.6893,DOWN,0
2018-03-19,65.037,65.3798,65.1725,62.9837,58.7512,UP,1
2018-03-20,65.3547,65.3046,65.2009,63.0633,58.8128,UP,1
2018-03-21,65.5136,65.3965,65.3246,63.1486,58.8757,DOWN,0
2018-03-22,64.1256,64.853,65.0888,63.1973,58.9321,DOWN,0
2018-03-23,63.5653,64.1757,64.7192,63.2474,58.985,UP,1
2018-03-26,65.2962,64.644,64.7711,63.3207,59.0452,DOWN,0
2018-03-27,64.2175,65.3213,64.5437,63.3596,59.1025,DOWN,0
2018-03-28,64.0921,64.3764,64.2594,63.4041,59.1618,UP,1
2018-03-29,64.8196,64.4015,64.3982,63.4506,59.2214,DOWN,0
2018-04-02,63.0804,64.5437,64.3012,63.467,59.2736,UP,1
2018-04-03,63.7995,63.2727,64.0018,63.4961,59.329,UP,1
2018-04-04,64.0754,62.7208,63.9734,63.5367,59.3816,UP,1
2018-04-05,64.736,64.6607,64.1022,63.5762,59.4344,DOWN,0
2018-04-06,62.4783,64.1256,63.6339,63.5655,59.4773,DOWN,0
2018-04-09,61.9683,62.6623,63.4115,63.5538,59.518,UP,1
2018-04-10,63.3814,62.8295,63.3279,63.5409,59.5669,DOWN,0
2018-04-11,62.2526,62.8212,62.9633,63.5086,59.6102,UP,1
2018-04-12,62.5034,62.7125,62.5168,63.4872,59.6547,DOWN,0
2018-04-13,62.4616,63.0135,62.5134,63.4652,59.702,UP,1
2018-04-16,62.9299,63.0469,62.7058,63.4603,59.7474,UP,1
2018-04-17,64.159,63.3897,62.8613,63.4834,59.8054,UP,1
2018-04-18,64.5018,64.5771,63.3111,63.575,59.863,DOWN,0
2018-04-19,64.1925,64.4851,63.649,63.653,59.9192,DOWN,0
2018-04-20,64.1674,64.343,63.9901,63.7374,59.9741,DOWN,0
2018-04-23,63.7995,64.343,64.164,63.8572,60.0284,DOWN,0
2018-04-24,61.0819,64.1088,63.5486,63.8672,60.0668,DOWN,0
2018-04-25,60.3712,60.8896,62.7225,63.8321,60.0986,UP,1
2018-04-26,60.4297,60.5802,61.9699,63.8008,60.1333,DOWN,0
2018-04-27,59.627,59.9113,61.0619,63.7526,60.1609,DOWN,0
2018-04-30,58.7908,59.9113,60.0601,63.6729,60.1857,UP,1
2018-05-01,60.2374,58.8076,59.8912,63.6125,60.217,DOWN,0
2018-05-02,59.8026,60.204,59.7775,63.5401,60.2478,UP,1
2018-05-03,60.6304,59.2758,59.8176,63.4816,60.2844,UP,1
2018-05-04,61.2826,60.1956,60.1488,63.4249,60.3234,UP,1
2018-05-07,61.4916,61.3662,60.6889,63.3647,60.3654,UP,1
2018-05-08,62.0853,61.4916,61.0585,63.3026,60.4114,UP,1
2018-05-09,62.8964,62.0937,61.6773,63.2601,60.4612,UP,1
2018-05-10,63.164,63.1222,62.184,63.2391,60.5134,UP,1
2018-05-11,63.2309,63.2309,62.5736,63.2545,60.5696,UP,1
2018-05-14,63.7995,63.3396,63.0352,63.2931,60.6269,DOWN,0
2018-05-15,63.7577,63.5653,63.3697,63.3264,60.6762,UP,1
2018-05-16,64.2008,63.6824,63.6306,63.3541,60.7265,UP,1
2018-05-17,64.6774,64.1507,63.9333,63.3439,60.7773,UP,1
2018-05-18,65.1122,64.6691,64.3095,63.3357,60.8258,DOWN,0
2018-05-21,64.8948,65.338,64.5286,63.2912,60.8721,DOWN,0
2018-05-22,63.6406,64.8948,64.5052,63.2508,60.9095,UP,1
2018-05-23,63.6991,63.3312,64.4048,63.2205,60.9469,DOWN,0
2018-05-24,63.6824,63.3145,64.2058,63.1963,60.9856,DOWN,0
2018-05-25,63.1389,63.5653,63.8112,63.1529,61.0219,DOWN,0
2018-05-29,61.893,62.6456,63.2108,63.0825,61.0574,UP,1
2018-05-30,62.0352,61.9014,62.8897,63.0225,61.0933,DOWN,0
2018-05-31,60.7809,61.9933,62.3061,62.931,61.1202,UP,1
2018-06-01,61.7174,61.3913,61.9131,62.8551,61.1524,UP,1
2018-06-04,62.0853,62.0686,61.7024,62.8143,61.1862,UP,1
2018-06-05,62.1271,62.2693,61.7492,62.7855,61.2245,UP,1
2018-06-06,62.679,62.2609,61.878,62.7332,61.266,UP,1
2018-06-07,65.2042,64.6524,62.7626,62.7529,61.3185,UP,1
2018-06-08,65.3882,65.1875,63.4968,62.7788,61.3701,UP,1
2018-06-11,65.5303,65.3882,64.1858,62.7931,61.4258,DOWN,0
2018-06-12,65.4634,65.5387,64.853,62.8407,61.4819,DOWN,0
2018-06-13,65.2962,65.5889,65.3765,62.8707,61.5379,UP,1
2018-06-14,67.002,65.4718,65.736,62.9292,61.6033,UP,1
2018-06-15,67.788,66.6006,66.216,62.9902,61.6728,DOWN,0
2018-06-18,67.2027,67.211,66.5505,63.0847,61.7379,DOWN,0
2018-06-19,66.0655,66.4668,66.6709,63.1667,61.7966,DOWN,0
2018-06-20,65.8899,66.1407,66.7896,63.2168,61.8538,DOWN,0
2018-06-21,65.3046,65.6474,66.4501,63.2779,61.9082,DOWN,0
2018-06-22,65.0872,65.915,65.9099,63.3295,61.963,DOWN,0
2018-06-25,64.9116,64.7443,65.4517,63.3785,62.0135,DOWN,0
2018-06-26,62.8797,64.5938,64.8146,63.3775,62.0499,DOWN,0
2018-06-27,62.5369,63.1305,64.144,63.3451,62.0803,UP,1
2018-06-28,63.3814,62.771,63.7593,63.3227,62.1135,UP,1
2018-06-29,64.4768,63.7326,63.6372,63.3284,62.1487,DOWN,0
2018-07-02,64.1841,63.9751,63.4918,63.3287,62.1803,DOWN,0
2018-07-03,64.0001,64.4768,63.7158,63.3327,62.2103,UP,1
2018-07-05,64.5018,64.4182,64.1088,63.4011,62.2389,UP,1
2018-07-06,64.5687,64.552,64.3463,63.4851,62.2687,UP,1
2018-07-09,65.1373,64.5102,64.4784,63.5792,62.3011,DOWN,0
2018-07-10,64.435,65.0454,64.5286,63.6754,62.3309,DOWN,0
2018-07-11,63.7493,64.2259,64.4784,63.7745,62.3568,UP,1
2018-07-12,64.343,64.042,64.4467,63.8567,62.3858,UP,1
2018-07-13,64.5687,64.435,64.4467,63.952,62.4166,DOWN,0
2018-07-16,63.9333,64.4099,64.2058,64.018,62.4427,UP,1
2018-07-17,64.8614,64.0252,64.2911,64.0896,62.4747,DOWN,0
2018-07-18,64.8196,65.2209,64.5052,64.1562,62.5028,UP,1
2018-07-19,64.9032,64.7945,64.6172,64.2125,62.5282,UP,1
2018-07-20,64.9199,64.4851,64.6875,64.253,62.554,DOWN,0
2018-07-23,63.6991,64.7443,64.6406,64.2637,62.5718,UP,1
2018-07-24,64.7276,63.9667,64.6139,64.2936,62.5962,UP,1
2018-07-25,66.0822,64.7945,64.8664,64.3393,62.6275,UP,1
2018-07-26,67.905,66.4752,65.4668,64.4222,62.6664,DOWN,0
2018-07-27,66.7344,67.5204,65.8297,64.4729,62.6994,DOWN,0
2018-07-30,66.6842,66.8933,66.4267,64.513,62.7303,UP,1
2018-07-31,68.6325,67.3364,67.2077,64.5835,62.7688,DOWN,0
2018-08-01,67.6793,68.7997,67.5271,64.6391,62.8047,DOWN,0
2018-08-02,67.6709,67.3114,67.4803,64.7198,62.8419,UP,1
2018-08-03,67.905,68.0472,67.7144,64.8039,62.8826,DOWN,0
2018-08-06,67.696,67.7963,67.9167,64.8841,62.9216,UP,1
2018-08-07,67.9636,67.8716,67.783,64.9806,62.9642,DOWN,0
2018-08-08,67.5455,67.8716,67.7562,65.0937,63.0008,DOWN,0
2018-08-09,67.094,67.4953,67.6408,65.1949,63.0349,DOWN,0
2018-08-10,66.6424,66.9267,67.3883,65.3121,63.0616,DOWN,0
2018-08-13,66.3163,66.5672,67.1124,65.4041,63.0902,UP,1
2018-08-14,66.5254,66.2076,66.8247,65.4929,63.1157,UP,1
2018-08-15,66.6341,66.3749,66.6424,65.583,63.1391,UP,1
2018-08-16,67.1776,67.0271,66.6592,65.673,63.172,DOWN,0
2018-08-17,67.1023,67.3783,66.7511,65.7109,63.2054,UP,1
2018-08-20,67.395,67.3866,66.9669,65.7511,63.2378,DOWN,0
2018-08-21,67.2194,67.4451,67.1057,65.7849,63.2674,DOWN,0
2018-08-22,66.8264,67.2194,67.1441,65.8121,63.2936,UP,1
2018-08-23,66.91,66.9434,67.0906,65.8444,63.3236,UP,1
2018-08-24,67.002,67.0772,67.0705,65.8444,63.3514,UP,1
2018-08-27,68.298,67.3364,67.2512,65.8546,63.3887,UP,1
2018-08-28,68.6241,68.5656,67.5321,65.883,63.4281,UP,1
2018-08-29,70.1376,68.7328,68.1944,65.9645,63.4751,DOWN,0
2018-08-30,70.0205,70.2379,68.8165,66.0471,63.5216,UP,1
2018-08-31,70.2212,69.8533,69.4603,66.1454,63.5689,DOWN,0
2018-09-04,69.7864,69.8199,69.758,66.2394,63.6175,UP,1
2018-09-05,70.5222,69.5356,70.1376,66.3516,63.6672,DOWN,0
2018-09-06,70.3717,70.539,70.1844,66.5015,63.717,UP,1
2018-09-07,70.7313,70.2714,70.3266,66.6653,63.7663,UP,1
2018-09-10,70.8149,71.0741,70.4453,66.814,63.8174,UP,1
2018-09-11,71.0908,70.8902,70.7062,66.9463,63.8719,UP,1
2018-09-12,71.3333,71.141,70.8684,67.0893,63.927,UP,1
2018-09-13,72.3284,71.7765,71.2597,67.2558,63.9844,UP,1
2018-09-14,72.7297,72.2197,71.6594,67.4204,64.0417,UP,1
2018-09-17,72.8468,72.7464,72.0658,67.586,64.0989,UP,1
2018-09-18,73.0642,72.8468,72.4605,67.7445,64.1522,DOWN,0
2018-09-19,71.9019,73.2231,72.5742,67.8938,64.1999,UP,1
2018-09-20,73.0558,72.529,72.7197,68.08,64.2548,DOWN,0
2018-09-21,72.7297,73.5408,72.7197,68.2477,64.3135,DOWN,0
2018-09-24,72.1862,72.5708,72.5876,68.4001,64.368,DOWN,0
2018-09-25,71.9103,72.3033,72.3568,68.5596,64.4198,DOWN,0
2018-09-26,71.0992,71.7681,72.1962,68.6843,64.4672,DOWN,0
2018-09-27,70.7731,71.3333,71.7397,68.8034,64.5159,DOWN,0
2018-09-28,70.4052,70.7898,71.2748,68.9135,64.5647,UP,1
2018-10-01,70.5975,70.84,70.957,69.027,64.6149,DOWN,0
2018-10-02,69.9202,70.5139,70.559,69.1514,64.666,UP,1
2018-10-03,70.0205,70.4135,70.3433,69.2573,64.7149,UP,1
2018-10-04,70.1961,70.0122,70.2279,69.3396,64.7618,UP,1
2018-10-05,70.2212,70.0791,70.1911,69.3859,64.8088,DOWN,0
2018-10-08,69.9453,69.9787,70.0607,69.4501,64.8534,DOWN,0
2018-10-09,68.7328,69.6192,69.8232,69.4911,64.8927,DOWN,0
2018-10-10,67.0772,68.4318,69.2345,69.46,64.9251,DOWN,0
2018-10-11,65.7059,66.9184,68.3365,69.4205,64.95,UP,1
2018-10-12,66.2243,66.7511,67.5371,69.3916,64.9785,DOWN,0
2018-10-15,66.0069,66.0404,66.7495,69.3536,65.0055,UP,1
2018-10-16,66.7093,66.5086,66.3448,69.3339,65.0365,UP,1
2018-10-17,67.0772,66.6173,66.3448,69.3162,65.0693,DOWN,0
2018-10-18,66.9184,66.8264,66.5872,69.3036,65.1011,DOWN,0
2018-10-19,66.7177,66.9351,66.6859,69.2961,65.1243,DOWN,0
2018-10-22,64.9617,66.9518,66.4769,69.2625,65.1422,DOWN,0
2018-10-23,64.4266,63.8246,66.0203,69.2247,65.1581,DOWN,0
2018-10-24,61.9432,64.5604,64.9935,69.133,65.1594,UP,1
2018-10-25,63.8246,62.3111,64.3747,69.0768,65.1732,DOWN,0
2018-10-26,61.0903,61.2241,63.2493,68.9551,65.1705,DOWN,0
2018-10-29,60.3712,61.7509,62.3312,68.8205,65.161,DOWN,0
2018-10-30,59.9364,60.3712,61.4331,68.6713,65.1513,UP,1
2018-10-31,62.0853,60.7224,61.4615,68.5686,65.1493,UP,1
2018-11-01,62.5536,62.3278,61.2074,68.4832,65.1508,UP,1
2018-11-02,62.5954,63.1807,61.5084,68.3969,65.152,UP,1
2018-11-05,62.7961,62.6957,61.9933,68.3128,65.1558,UP,1
2018-11-06,63.4483,62.7877,62.6957,68.2158,65.1592,UP,1
2018-11-07,63.6573,64.0587,63.0101,68.1164,65.1624,UP,1
2018-11-08,64.2928,63.6406,63.358,67.9995,65.1711,DOWN,0
2018-11-09,62.8964,63.9416,63.4182,67.857,65.1655,DOWN,0
2018-11-12,62.679,62.8713,63.3948,67.7062,65.1595,UP,1
2018-11-13,62.888,62.6205,63.2827,67.5682,65.1561,DOWN,0
2018-11-14,61.5418,63.0218,62.8596,67.3886,65.146,UP,1
2018-11-15,63.3229,61.1906,62.6656,67.2476,65.1467,DOWN,0
2018-11-16,63.0887,62.9299,62.7041,67.0948,65.1472,DOWN,0
2018-11-19,61.6756,63.1389,62.5034,66.912,65.1559,DOWN,0
2018-11-20,60.6973,61.0986,62.0653,66.7041,65.1579,UP,1
2018-11-21,61.7592,61.1572,62.1087,66.5127,65.167,DOWN,0
2018-11-23,60.8729,61.1405,61.6187,66.2835,65.1823,UP,1
2018-11-26,61.2074,61.4331,61.2425,66.0531,65.1855,UP,1
2018-11-27,61.6756,60.8227,61.2425,65.8297,65.1832,UP,1
2018-11-28,62.7041,61.8763,61.6438,65.6225,65.1867,DOWN,0
2018-11-29,61.985,62.5787,61.689,65.4241,65.1865,UP,1
2018-11-30,63.6071,61.8596,62.2358,65.2352,65.1906,DOWN,0
2018-12-03,63.5152,64.46,62.6974,65.0509,65.1919,DOWN,0
2018-12-04,60.9147,63.5068,62.5452,64.8254,65.1794,DOWN,0
2018-12-06,60.321,59.9698,62.0686,64.5937,65.1632,DOWN,0
2018-12-07,58.4815,60.3461,61.3679,64.3413,65.135,UP,1
2018-12-10,59.1337,58.2975,60.4732,64.1085,65.1082,DOWN,0
2018-12-11,58.5818,60.0033,59.4865,63.872,65.0752,UP,1
2018-12-12,59.1755,59.5099,59.1387,63.6436,65.0459,DOWN,0
2018-12-13,58.4898,59.3427,58.7724,63.415,65.0173,DOWN,0
2018-12-14,57.5784,58.0216,58.5918,63.1662,64.9929,DOWN,0
2018-12-17,56.8175,57.177,58.1286,62.8986,64.9676,UP,1
2018-12-18,56.9429,57.4864,57.8008,62.633,64.9419,DOWN,0
2018-12-19,55.6719,56.8593,57.1001,62.3475,64.9062,DOWN,0
2018-12-20,54.4846,55.1451,56.2991,62.0626,64.8527,UP,1
2018-12-21,54.7689,54.4846,55.7372,61.8164,64.7989,DOWN,0
2018-12-24,53.2136,54.2086,55.0164,61.5666,64.7294,UP,1
2018-12-26,54.9361,53.3808,54.615,61.3408,64.6757,UP,1
2018-12-27,55.9311,54.2672,54.6669,61.1393,64.6293,DOWN,0
2018-12-28,55.7723,56.182,54.9244,60.9205,64.5837,UP,1
2018-12-31,56.575,55.9479,55.2856,60.7105,64.5401,DOWN,0
2019-01-02,56.3158,55.7054,55.9061,60.4984,64.4946,DOWN,0
2019-01-03,54.0414,55.3876,55.7271,60.2449,64.4396,UP,1
2019-01-04,56.4078,54.9696,55.8224,60.0738,64.3949,UP,1
2019-01-07,56.6921,56.3158,56.0064,59.9192,64.3508,UP,1
2019-01-08,56.9513,57.4195,56.0817,59.8193,64.3149,UP,1
2019-01-09,57.8878,56.9513,56.3961,59.7006,64.2865,UP,1
2019-01-10,58.4313,57.4864,57.274,59.6474,64.2522,DOWN,0
2019-01-11,58.1219,57.8878,57.6169,59.6024,64.2217,UP,1
2019-01-14,58.2222,57.7791,57.9229,59.5681,64.1923,UP,1
2019-01-15,58.5233,58.2975,58.2373,59.4969,64.1609,UP,1
2019-01-16,58.5483,58.4229,58.3694,59.4168,64.1382,UP,1
2019-01-17,59.6855,58.2473,58.6203,59.3586,64.1176,UP,1
2019-01-18,61.0652,60.0367,59.2089,59.324,64.1026,DOWN,0
2019-01-22,59.928,60.5719,59.5501,59.2536,64.0785,DOWN,0
2019-01-23,59.4848,60.1705,59.7424,59.1701,64.0636,DOWN,0
2019-01-24,59.3594,59.5099,59.9046,59.0714,64.0505,UP,1
2019-01-25,60.413,60.02,60.0501,59.0218,64.0357,DOWN,0
2019-01-28,60.112,59.5434,59.8595,58.9704,64.025,UP,1
2019-01-29,61.6171,60.2625,60.1973,58.945,64.0205,UP,1
2019-01-30,62.4867,62.0352,60.7976,58.9639,64.0207,UP,1
2019-01-31,62.7041,62.47,61.4666,58.9515,64.0195,DOWN,0
2019-02-01,62.1522,62.8044,61.8144,58.9328,64.0095,DOWN,0
2019-02-04,62.1271,62.3362,62.2174,58.9418,63.9976,UP,1
2019-02-05,62.3195,62.2693,62.3579,58.9743,63.9883,UP,1
2019-02-06,62.6706,62.0853,62.3947,58.9925,63.9808,DOWN,0
2019-02-07,62.2275,62.0435,62.2994,59.0196,63.9729,UP,1
2019-02-08,64.2343,63.0469,62.7158,59.0801,63.9887,UP,1
2019-02-11,64.5186,64.1841,63.1941,59.137,64.0094,UP,1
2019-02-12,65.9066,64.9617,63.9115,59.2011,64.0368,UP,1
2019-02-13,67.2612,66.1407,64.8296,59.3066,64.075,UP,1
2019-02-14,67.2696,67.0438,65.838,59.3798,64.1174,UP,1
2019-02-15,68.3984,67.9803,66.6709,59.4775,64.1582,DOWN,0
2019-02-19,67.2946,67.8716,67.2261,59.6051,64.1956,UP,1
2019-02-20,67.7796,67.4451,67.6007,59.7543,64.2314,DOWN,0
2019-02-21,67.4033,67.604,67.6291,59.9327,64.262,UP,1
2019-02-22,68.0388,67.7796,67.783,60.1108,64.2947,UP,1
2019-02-25,68.2311,68.4569,67.7495,60.3038,64.3255,UP,1
2019-02-26,68.3482,68.0472,67.9602,60.4872,64.3527,DOWN,0
2019-02-27,68.3231,68.2646,68.0689,60.6839,64.3785,DOWN,0
2019-02-28,68.2061,68.2228,68.2295,60.8965,64.4034,UP,1
2019-03-01,69.0339,68.6158,68.4285,61.1408,64.4296,UP,1
2019-03-04,69.0506,69.3098,68.5924,61.3829,64.456,DOWN,0
2019-03-05,68.7747,69.1593,68.6777,61.645,64.4789,DOWN,0
2019-03-06,68.5991,68.8081,68.7328,61.9273,64.4985,DOWN,0
2019-03-07,67.7796,68.5573,68.6476,62.1875,64.5118,DOWN,0
2019-03-08,67.2277,67.094,68.2863,62.4678,64.5235,UP,1
2019-03-11,68.7161,67.3364,68.2194,62.7434,64.5489,DOWN,0
2019-03-12,68.666,68.8499,68.1977,62.9981,64.5737,UP,1
2019-03-13,69.5523,69.084,68.3883,63.2737,64.6031,DOWN,0
2019-03-14,69.1008,69.3098,68.6526,63.5242,64.6329,DOWN,0
2019-03-15,69.0171,69.0506,69.0105,63.7782,64.6685,UP,1
2019-03-18,69.7446,69.0757,69.2161,64.0923,64.707,DOWN,0
2019-03-19,69.4436,69.8784,69.3717,64.353,64.7504,DOWN,0
2019-03-20,69.3934,69.5439,69.3399,64.607,64.7887,UP,1
2019-03-21,70.4219,69.2931,69.6041,64.8764,64.8304,DOWN,0
2019-03-22,68.7579,70.0707,69.5523,65.0939,64.8636,UP,1
2019-03-25,69.0673,68.7579,69.4168,65.3066,64.8955,UP,1
2019-03-26,69.8868,69.4101,69.5055,65.5419,64.9189,DOWN,0
2019-03-27,68.8499,70.1042,69.3968,65.7544,64.9362,UP,1
2019-03-28,69.3516,69.0339,69.1827,65.971,64.9553,UP,1
2019-03-29,70.146,69.9035,69.4603,66.2029,64.9788,UP,1
2019-04-01,71.1326,70.7731,69.8734,66.4319,65.0079,UP,1
2019-04-02,71.6427,71.4002,70.2246,66.6434,65.0311,UP,1
2019-04-03,72.3451,72.1444,70.9236,66.8918,65.0539,DOWN,0
2019-04-04,72.1611,72.4538,71.4855,67.1453,65.0787,UP,1
2019-04-05,72.5207,72.4287,71.9604,67.4085,65.111,UP,1
2019-04-08,72.6879,72.32,72.2715,67.654,65.145,DOWN,0
2019-04-09,72.0106,72.1946,72.3451,67.892,65.1785,DOWN,0
2019-04-10,71.9354,72.1193,72.2631,68.0984,65.2128,UP,1
2019-04-11,72.621,72.1528,72.3551,68.301,65.2513,UP,1
2019-04-12,73.2983,73.014,72.5106,68.5129,65.3034,UP,1
2019-04-15,73.4321,73.4488,72.6595,68.7385,65.3579,DOWN,0
2019-04-16,73.2816,73.5826,72.9137,68.9616,65.4074,DOWN,0
2019-04-17,73.2565,73.892,73.1779,69.1804,65.4513,UP,1
2019-04-18,74.0007,73.6161,73.4538,69.407,65.5004,DOWN,0
2019-04-22,73.8836,73.5241,73.5709,69.6401,65.5498,UP,1
2019-04-23,74.3853,73.892,73.7615,69.8431,65.5992,UP,1
2019-04-24,74.4689,74.6278,73.999,70.0421,65.6487,DOWN,0
2019-04-25,73.407,73.9589,74.0291,70.1921,65.69,DOWN,0
2019-04-26,71.2664,68.0305,73.4823,70.2722,65.7242,UP,1
2019-04-29,71.7849,71.5591,73.0625,70.3625,65.7644,UP,1
2019-04-30,72.1946,71.8099,72.6244,70.4385,65.8036,DOWN,0
2019-05-01,71.3919,72.2615,72.0089,70.5204,65.8377,UP,1
2019-05-02,71.7681,71.3751,71.6812,70.6002,65.8769,UP,1
2019-05-03,72.3869,72.0357,71.9053,70.6998,65.9145,DOWN,0
2019-05-06,71.0239,71.1577,71.7531,70.7595,65.9456,DOWN,0
2019-05-07,69.8031,70.1292,71.2748,70.791,65.9701,DOWN,0
2019-05-08,68.967,69.0589,70.7898,70.8034,65.9903,DOWN,0
2019-05-09,68.783,68.2813,70.1928,70.8126,66.0157,UP,1
2019-05-10,69.0924,68.3566,69.5339,70.8303,66.0375,DOWN,0
2019-05-13,67.3114,67.5371,68.7914,70.7958,66.0437,UP,1
2019-05-14,67.3197,67.512,68.2947,70.7612,66.0408,UP,1
2019-05-15,68.0305,67.0605,68.1074,70.7463,66.0472,DOWN,0
2019-05-16,68.0221,68.691,67.9552,70.7348,66.0539,DOWN,0
2019-05-17,67.3281,67.3532,67.6023,70.7258,66.0474,DOWN,0
2019-05-20,66.3414,66.6926,67.4084,70.708,66.0407,UP,1
2019-05-21,66.8097,66.818,67.3063,70.6699,66.0364,DOWN,0
2019-05-22,66.5505,66.7428,67.0103,70.6276,66.0296,DOWN,0
2019-05-23,65.639,65.8648,66.5337,70.5493,66.0194,DOWN,0
2019-05-24,65.2544,66.032,66.119,70.4724,66.0058,DOWN,0
2019-05-28,64.2175,65.3464,65.6942,70.3764,65.9892,DOWN,0
2019-05-29,64.0503,63.6824,65.1423,70.2625,65.974,UP,1
2019-05-30,64.251,64.1172,64.6825,70.1587,65.962,DOWN,0
2019-05-31,63.674,63.5737,64.2895,70.0443,65.9488,DOWN,0
2019-06-03,63.3479,62.4282,63.9082,69.9028,65.9329,UP,1
2019-06-04,65.0286,64.0252,64.0704,69.8282,65.9249,UP,1
2019-06-05,65.915,65.4133,64.4433,69.7652,65.9186,UP,1
2019-06-06,66.3749,65.9986,64.8681,69.6949,65.9149,DOWN,0
2019-06-07,66.032,66.7511,65.3397,69.6386,65.9081,DOWN,0
2019-06-10,65.9902,66.2829,65.8681,69.5714,65.902,UP,1
2019-06-11,66.1909,66.6173,66.1006,69.4923,65.8988,DOWN,0
2019-06-12,65.3715,66.0571,65.9919,69.377,65.8911,UP,1
2019-06-13,65.6474,65.6558,65.8464,69.2571,65.8843,DOWN,0
2019-06-14,64.6607,65.5136,65.5721,69.1034,65.8661,DOWN,0
2019-06-17,64.0921,64.5855,65.1925,68.9421,65.8435,UP,1
2019-06-18,65.5052,64.6022,65.0554,68.8017,65.8203,UP,1
2019-06-19,65.9233,65.5471,65.1658,68.6665,65.7998,UP,1
2019-06-20,67.5789,66.7428,65.5521,68.5778,65.7866,DOWN,0
2019-06-21,67.2445,67.395,66.0688,68.484,65.7739,UP,1
2019-06-24,67.4451,67.2528,66.7394,68.3805,65.7585,DOWN,0
2019-06-25,67.4201,67.4953,67.1224,68.2629,65.7438,DOWN,0
2019-06-26,66.7762,67.3783,67.293,68.1298,65.724,UP,1
2019-06-27,67.2194,67.0187,67.2211,68.0086,65.706,UP,1
2019-06-28,68.1643,67.3448,67.405,67.9067,65.6914,UP,1
2019-07-01,69.1258,69.0171,67.7412,67.8092,65.6803,DOWN,0
2019-07-02,68.5322,69.2764,67.9636,67.7022,65.6614,UP,1
2019-07-03,69.0506,68.574,68.4184,67.5955,65.643,DOWN,0
2019-07-05,67.7127,68.4067,68.5171,67.4604,65.6173,DOWN,0
2019-07-08,67.2696,67.5455,68.3382,67.3376,65.5883,DOWN,0
2019-07-09,67.119,67.094,67.9368,67.2547,65.5644,DOWN,0
2019-07-10,66.3832,67.2194,67.507,67.1466,65.531,UP,1
2019-07-11,66.6424,66.3832,67.0254,67.0356,65.5006,UP,1
2019-07-12,67.9887,67.1023,67.0806,66.9675,65.4796,DOWN,0
2019-07-15,67.5204,68.0639,67.1308,66.8826,65.4577,UP,1
2019-07-16,68.0723,67.4786,67.3214,66.7963,65.4425,DOWN,0
2019-07-17,66.6424,67.9468,67.3732,66.7087,65.4219,DOWN,0
2019-07-18,66.1407,66.4919,67.2729,66.6354,65.4006,DOWN,0
2019-07-19,65.6474,66.3999,66.8046,66.569,65.3758,UP,1
2019-07-22,66.0488,65.5554,66.5103,66.5143,65.3564,UP,1
2019-07-23,68.089,66.4668,66.5137,66.4943,65.3468,UP,1
2019-07-24,68.7747,67.8298,66.9401,66.5235,65.3397,DOWN,0
2019-07-25,68.3984,68.8081,67.3916,66.5451,65.3306,DOWN,0
2019-07-26,65.5972,62.0352,67.3816,66.4964,65.3088,DOWN,0
2019-07-29,64.2426,65.3715,67.0204,66.4208,65.2864,DOWN,0
2019-07-30,64.2175,63.8664,66.2461,66.3586,65.2721,DOWN,0
2019-07-31,63.5904,64.0921,65.2092,66.3036,65.2615,DOWN,0
2019-08-01,61.6672,63.4483,63.863,66.2008,65.2387,DOWN,0
2019-08-02,61.5753,61.6254,63.0586,66.1013,65.2166,DOWN,0
2019-08-05,58.8744,59.2424,61.985,65.966,65.1774,UP,1
2019-08-06,59.719,59.142,61.0853,65.8553,65.1406,DOWN,0
2019-08-07,59.4848,58.841,60.2642,65.7606,65.1034,UP,1
2019-08-08,60.0702,59.8444,59.9447,65.681,65.0702,DOWN,0
2019-08-09,58.9497,59.9197,59.4196,65.575,65.0401,DOWN,0
2019-08-12,57.754,58.4982,59.1955,65.4566,65.0068,UP,1
2019-08-13,58.54,57.9798,58.9597,65.3604,64.9897,DOWN,0
2019-08-14,56.2991,57.5868,58.3226,65.1858,64.9521,DOWN,0
2019-08-15,56.2991,56.4579,57.5684,64.9935,64.9282,UP,1
2019-08-16,57.6369,56.8258,57.3058,64.8188,64.9145,UP,1
2019-08-19,58.5985,58.4564,57.4747,64.6701,64.9078,DOWN,0
2019-08-20,58.54,58.4229,57.4747,64.5211,64.8901,UP,1
2019-08-21,58.7407,59.2591,57.963,64.3721,64.871,DOWN,0
2019-08-22,58.3226,59.0668,58.3677,64.2311,64.8496,DOWN,0
2019-08-23,57.1687,57.9798,58.2741,64.0615,64.8215,UP,1
2019-08-26,57.8125,57.7122,58.1169,63.9246,64.7933,DOWN,0
2019-08-27,57.7205,58.3059,57.953,63.7971,64.7636,UP,1
2019-08-28,58.2306,57.3275,57.851,63.6516,64.7333,UP,1
2019-08-29,59.1086,58.933,58.0082,63.5153,64.7144,UP,1
2019-08-30,59.2842,59.5685,58.4313,63.3494,64.6974,DOWN,0
2019-09-03,57.7122,58.657,58.4112,63.1588,64.6715,DOWN,0
2019-09-04,55.9897,57.6704,58.065,62.9297,64.6438,UP,1
2019-09-05,56.9429,56.6335,57.8075,62.7201,64.6119,UP,1
2019-09-06,57.2523,57.2774,57.4362,62.5297,64.5827,DOWN,0
2019-09-09,56.8676,57.2523,56.9529,62.3226,64.5587,UP,1
2019-09-10,57.3693,56.9429,56.8844,62.1067,64.542,UP,1
2019-09-11,59.025,57.5868,57.4914,61.9047,64.5284,DOWN,0
2019-09-12,58.5149,59.1587,57.8058,61.7044,64.5166,UP,1
2019-09-13,58.5483,58.5149,58.065,61.4943,64.5033,DOWN,0
2019-09-16,58.1135,58.2975,58.3142,61.3023,64.4855,DOWN,0
2019-09-17,57.7456,57.9714,58.3895,61.1119,64.4607,UP,1
2019-09-18,58.2724,57.4195,58.239,60.9349,64.4421,DOWN,0
2019-09-19,57.5199,58.264,58.04,60.7577,64.4117,DOWN,0
2019-09-20,57.0098,57.57,57.7322,60.565,64.3791,DOWN,0
2019-09-23,56.8175,56.6921,57.473,60.3416,64.3587,DOWN,0
2019-09-24,55.973,56.784,57.1185,60.1106,64.3369,UP,1
2019-09-25,56.7255,56.0231,56.8091,59.8837,64.3281,UP,1
2019-09-26,56.8426,56.7171,56.6737,59.6877,64.3167,UP,1
2019-09-27,57.361,57.1938,56.7439,59.5121,64.3106,DOWN,0
2019-09-30,57.3275,57.6704,56.8459,59.3457,64.3013,DOWN,0
2019-10-01,55.4211,57.662,56.7355,59.1332,64.286,DOWN,0
2019-10-02,53.8742,54.7271,56.1653,58.8489,64.2675,UP,1
2019-10-03,54.9194,53.6986,55.7806,58.5718,64.258,UP,1
2019-10-04,55.605,54.9361,55.4294,58.3159,64.2513,DOWN,0
2019-10-07,54.8859,55.396,54.9411,58.1017,64.2474,DOWN,0
2019-10-08,53.7153,54.217,54.6,57.8911,64.2435,UP,1
2019-10-09,54.2421,54.3592,54.6736,57.6916,64.2409,UP,1
2019-10-10,54.7103,54.0916,54.6317,57.514,64.2484,UP,1
2019-10-11,56.8175,55.4044,54.8742,57.417,64.2578,UP,1
2019-10-14,56.8258,56.5165,55.2622,57.322,64.2622,UP,1
2019-10-15,58.1219,56.784,56.1435,57.307,64.274,DOWN,0
2019-10-16,57.9881,57.9881,56.8927,57.2724,64.2811,UP,1
2019-10-17,59.2925,58.3477,57.8092,57.2685,64.2959,UP,1
2019-10-18,59.3176,58.8995,58.3092,57.2535,64.3223,UP,1
2019-10-21,60.1371,59.7023,58.9714,57.2772,64.341,UP,1
2019-10-22,60.4214,59.8695,59.4313,57.3306,64.3596,UP,1
2019-10-23,60.4882,60.3545,59.9314,57.3695,64.3773,DOWN,0
2019-10-24,59.7942,60.4715,60.0317,57.4394,64.3868,DOWN,0
2019-10-25,57.1603,59.6604,59.6002,57.4566,64.3805,UP,1
2019-10-28,57.3944,57.177,59.0517,57.4518,64.3768,DOWN,0
2019-10-29,57.269,57.2021,58.4212,57.4252,64.3721,UP,1
2019-10-30,58.0466,57.1185,57.9329,57.4153,64.3697,DOWN,0
2019-10-31,57.6955,57.871,57.5132,57.3944,64.3654,UP,1
2019-11-01,60.0367,58.2222,58.0885,57.4287,64.3672,UP,1
2019-11-04,61.6505,60.4548,58.9397,57.5184,64.3701,DOWN,0
2019-11-05,61.4666,61.801,59.7792,57.5914,64.3778,DOWN,0
2019-11-06,61.199,61.3579,60.4096,57.661,64.3864,DOWN,0
2019-11-07,60.4464,61.5,60.9598,57.7053,64.3918,UP,1
2019-11-08,60.9398,60.3963,61.1405,57.7419,64.3944,DOWN,0
2019-11-11,60.2708,60.3879,60.8645,57.7617,64.3952,UP,1
2019-11-12,60.2876,60.2207,60.6287,57.8132,64.3886,DOWN,0
2019-11-13,59.3511,59.7691,60.2591,57.8804,64.3729,UP,1
2019-11-14,59.4765,59.6604,60.0651,57.9311,64.3568,UP,1
2019-11-15,59.8946,59.7524,59.8561,57.9839,64.3455,DOWN,0
2019-11-18,59.4932,59.7273,59.7006,58.0364,64.3323,DOWN,0
2019-11-19,59.4514,59.6604,59.5333,58.0781,64.318,DOWN,0
2019-11-20,58.6152,59.2173,59.3862,58.0699,64.2977,UP,1
2019-11-21,59.3093,58.7657,59.3527,58.0858,64.2831,DOWN,0
2019-11-22,59.1169,59.6019,59.1972,58.0971,64.2575,UP,1
2019-11-25,59.7691,59.142,59.2524,58.1303,64.2338,UP,1
2019-11-26,60.3294,59.9113,59.428,58.1819,64.2059,UP,1
2019-11-27,60.505,60.2876,59.8059,58.2266,64.1721,DOWN,0
2019-11-29,60.3461,60.505,60.0133,58.2831,64.1375,DOWN,0
2019-12-02,60.02,60.7391,60.1939,58.3433,64.0956,DOWN,0
2019-12-03,59.4598,59.443,60.132,58.3962,64.0564,UP,1
2019-12-04,59.7106,59.6855,60.0083,58.4709,64.0161,UP,1
2019-12-05,60.4548,59.7441,59.9983,58.5455,63.9813,UP,1
2019-12-06,60.9314,61.0067,60.1153,58.6273,63.9458,UP,1
2019-12-09,61.9933,62.7793,60.51,58.7199,63.9146,DOWN,0
2019-12-10,61.7425,62.0017,60.9665,58.8082,63.8816,UP,1
2019-12-11,62.6874,62.47,61.5619,58.9535,63.8534,UP,1
2019-12-12,63.6908,62.6874,62.2091,59.1499,63.8308,DOWN,0
2019-12-13,62.8713,63.5988,62.5971,59.3089,63.8,UP,1
2019-12-16,63.6824,63.4065,62.9349,59.4705,63.7732,UP,1
2019-12-17,64.1674,63.6155,63.4198,59.6561,63.7501,DOWN,0
2019-12-18,64.0838,64.0838,63.6991,59.8635,63.7276,UP,1
2019-12-19,64.0921,64.159,63.7794,60.0605,63.7091,DOWN,0
2019-12-20,63.3312,64.6273,63.8714,60.2329,63.6896,UP,1
2019-12-23,64.2594,63.4901,63.9868,60.3817,63.6674,DOWN,0
2019-12-24,63.8747,64.4433,63.9282,60.5227,63.6434,DOWN,0
2019-12-26,63.7911,64.0838,63.8697,60.6361,63.6146,UP,1
2019-12-27,64.0336,63.9583,63.858,60.757,63.5893,DOWN,0
2019-12-30,63.7827,64.0754,63.9483,60.8468,63.5631,UP,1
2019-12-31,63.8747,63.7158,63.8714,60.9379,63.5337,UP,1
2020-01-02,64.8447,64.3848,64.0654,61.0321,63.5107,DOWN,0
2020-01-03,64.5771,63.7158,64.2226,61.1152,63.4867,DOWN,0
2020-01-06,64.2426,63.8078,64.2644,61.1903,63.4558,UP,1
2020-01-07,64.4517,64.2343,64.3982,61.2834,63.4342,DOWN,0
2020-01-08,64.3931,64.435,64.5018,61.4281,63.4109,UP,1
2020-01-09,65.2042,64.7527,64.5738,61.5843,63.3874,UP,1
2020-01-10,65.2209,65.3129,64.7025,61.7433,63.3693,UP,1
2020-01-13,65.8899,65.2209,65.032,61.9002,63.352,DOWN,0
2020-01-14,65.5052,65.8899,65.2427,62.0564,63.3288,DOWN,0
2020-01-15,65.2209,65.7059,65.4082,62.1601,63.2992,UP,1
2020-01-16,65.4384,65.6139,65.4551,62.2358,63.2682,UP,1
2020-01-17,65.8732,65.3547,65.5855,62.324,63.2358,DOWN,0
2020-01-21,65.3715,65.5387,65.4818,62.4074,63.2019,DOWN,0
2020-01-22,64.9367,65.7645,65.3681,62.4972,63.164,DOWN,0
2020-01-23,64.8781,64.6858,65.2995,62.576,63.1249,DOWN,0
2020-01-24,64.3095,65.0454,65.0738,62.6568,63.0864,DOWN,0
2020-01-27,62.3947,63.1222,64.3781,62.6989,63.0387,UP,1
2020-01-28,62.7375,62.47,63.8513,62.7666,62.9893,UP,1
2020-01-29,62.9717,63.1974,63.4583,62.8365,62.9377,UP,1
2020-01-30,63.7158,62.6623,63.2259,62.913,62.8891,DOWN,0
2020-01-31,62.6539,63.3814,62.8947,62.9762,62.836,DOWN,0
2020-02-03,62.5285,63.1138,62.9215,63.0377,62.7823,UP,1
2020-02-04,63.9583,63.2727,63.1657,63.1446,62.7321,UP,1
2020-02-05,64.853,64.8447,63.5419,63.2555,62.6869,UP,1
2020-02-06,65.0788,65.0203,63.8145,63.3747,62.6404,UP,1
2020-02-07,66.0738,64.5186,64.4985,63.5008,62.5984,UP,1
2020-02-10,66.3414,65.6976,65.2611,63.621,62.5631,UP,1
2020-02-11,66.3916,66.4501,65.7477,63.7388,62.5387,DOWN,0
2020-02-12,66.0571,66.8933,65.9885,63.853,62.5101,DOWN,0
2020-02-13,64.5855,65.6056,65.8899,63.9443,62.4721,UP,1
2020-02-14,65.0621,64.6942,65.6875,64.0563,62.4404,DOWN,0
2020-02-18,64.9283,64.853,65.4049,64.1607,62.4062,DOWN,0
2020-02-19,64.2677,65.1959,64.9801,64.2369,62.3656,DOWN,0
2020-02-20,64.2092,64.1841,64.6105,64.3025,62.3315,DOWN,0
2020-02-21,63.3897,63.7744,64.3714,64.3304,62.2995,DOWN,0
2020-02-24,60.6638,61.6756,63.4918,64.3089,62.258,DOWN,0
2020-02-25,58.7657,60.9398,62.2592,64.2304,62.2079,UP,1
2020-02-26,59.1587,59.3343,61.2375,64.1398,62.1582,DOWN,0
2020-02-27,58.7741,58.1553,60.1504,64.0578,62.1155,DOWN,0
2020-02-28,57.8292,57.1018,59.0383,63.9408,62.0681,UP,1
2020-03-02,59.0751,57.9045,58.7206,63.8389,62.0233,DOWN,0
2020-03-03,58.0132,58.7908,58.5701,63.7175,61.9732,UP,1
2020-03-04,60.2625,58.6069,58.7908,63.6409,61.9379,DOWN,0
2020-03-05,56.9931,58.7741,58.4346,63.5142,61.8912,DOWN,0
2020-03-06,55.8643,55.304,58.0416,63.3463,61.8364,DOWN,0
2020-03-09,51.9343,52.7621,56.6135,63.1075,61.7634,UP,1
2020-03-10,52.2269,53.0798,55.4562,62.8762,61.6963,DOWN,0
2020-03-11,49.6933,50.5964,53.3424,62.5894,61.6185,DOWN,0
2020-03-12,46.5995,46.5326,51.2637,62.2457,61.5304,UP,1
2020-03-13,49.9442,48.5478,50.0797,61.9671,61.4599,DOWN,0
2020-03-16,43.3468,44.6011,48.3622,61.5371,61.3554,UP,1
2020-03-17,44.0325,44.1997,46.7233,61.1262,61.2571,DOWN,0
2020-03-18,37.6776,41.0976,44.3201,60.5949,61.1288,UP,1
2020-03-19,38.5054,37.3515,42.7013,60.076,60.9962,DOWN,0
2020-03-20,38.1124,39.5088,40.335,59.5504,60.8572,DOWN,0
2020-03-23,35.1273,37.0756,38.6911,58.9489,60.7009,UP,1
2020-03-24,41.7414,37.0923,38.2329,58.4793,60.5795,DOWN,0
2020-03-25,41.7163,42.1762,39.0406,57.9958,60.4581,UP,1
2020-03-26,43.2047,42.4187,39.9804,57.5498,60.3432,DOWN,0
2020-03-27,41.5156,41.223,40.6611,57.0757,60.2239,UP,1
2020-03-30,43.5642,40.9721,42.3485,56.6382,60.1135,UP,1
2020-03-31,46.148,43.1211,43.2298,56.2437,60.0209,DOWN,0
2020-04-01,45.964,44.6847,44.0793,55.8556,59.9303,UP,1
2020-04-02,46.8253,45.7299,44.8034,55.4933,59.8369,DOWN,0
2020-04-03,45.3871,47.0009,45.5777,55.1035,59.7342,UP,1
2020-04-06,47.8705,46.6497,46.439,54.7747,59.6357,UP,1
2020-04-07,48.8739,49.9609,46.9842,54.5043,59.5438,UP,1
2020-04-08,50.7051,48.9241,47.9324,54.2637,59.4601,UP,1
2020-04-09,51.0396,51.2988,48.7752,54.025,59.3782,DOWN,0
2020-04-13,49.685,50.9392,49.6348,53.7444,59.2927,UP,1
2020-04-14,51.0145,50.6549,50.2636,53.5116,59.2117,DOWN,0
2020-04-15,48.0712,49.6933,50.1031,53.2225,59.1113,DOWN,0
2020-04-16,47.4775,47.5528,49.4575,52.8929,59.003,UP,1
2020-04-17,50.471,48.7568,49.3438,52.6052,58.9127,DOWN,0
2020-04-20,49.0829,49.7435,49.2234,52.2853,58.8129,DOWN,0
2020-04-21,46.6915,47.4441,48.3588,51.8976,58.7078,UP,1
2020-04-22,48.2802,47.8036,48.4006,51.5364,58.6128,UP,1
2020-04-23,48.9993,48.6983,48.705,51.1886,58.5222,UP,1
2020-04-24,50.4543,49.3338,48.7017,50.8765,58.4426,UP,1
2020-04-27,53.4979,50.8807,49.5846,50.6548,58.3768,UP,1
2020-04-28,54.1083,54.4846,51.068,50.4357,58.3074,UP,1
2020-04-29,54.8107,55.5214,52.3741,50.2333,58.2439,DOWN,0
2020-04-30,53.5146,53.7906,53.2772,50.0183,58.1711,DOWN,0
2020-05-01,50.7971,53.3056,53.3457,49.75,58.0919,UP,1
2020-05-04,51.0061,49.8104,52.8474,49.5024,58.0162,DOWN,0
2020-05-05,48.7736,50.2703,51.7804,49.2646,57.9318,DOWN,0
2020-05-06,48.3053,48.8154,50.4793,49.0554,57.8431,UP,1
2020-05-07,48.4391,49.0579,49.4642,48.841,57.7449,UP,1
2020-05-08,49.5596,48.9575,49.2167,48.6567,57.6488,DOWN,0
2020-05-11,49.1833,48.991,48.8522,48.4837,57.5527,DOWN,0
2020-05-12,46.9591,49.4007,48.4893,48.2414,57.4595,DOWN,0
2020-05-13,45.5376,46.8253,47.9357,47.9919,57.366,UP,1
2020-05-14,46.6246,44.877,47.5728,47.7192,57.278,DOWN,0
2020-05-15,46.1982,46.1396,46.9006,47.5033,57.1911,UP,1
2020-05-18,49.4927,47.511,46.9624,47.3758,57.1302,DOWN,0
2020-05-19,49.4258,49.4007,47.4558,47.3257,57.0695,DOWN,0
2020-05-20,49.4174,49.3422,48.2317,47.2695,57.0222,DOWN,0
2020-05-21,48.7318,49.3338,48.6532,47.2502,56.9672,UP,1
2020-05-22,48.9408,48.8739,49.2017,47.2971,56.9145,UP,1
2020-05-26,51.3155,50.471,49.5662,47.3245,56.8707,UP,1
2020-05-27,53.2303,52.6032,50.3272,47.5222,56.8421,DOWN,0
2020-05-28,51.4577,53.5815,50.7352,47.6707,56.8107,DOWN,0
2020-05-29,50.9894,51.2068,51.1867,47.9369,56.7729,UP,1
2020-06-01,51.9844,50.9894,51.7955,48.2065,56.7513,UP,1
2020-06-02,53.5397,52.4778,52.2403,48.515,56.7375,UP,1
2020-06-03,56.09,54.3508,52.8122,48.9343,56.7298,UP,1
2020-06-04,56.4078,55.488,53.8023,49.2276,56.7189,UP,1
2020-06-05,59.0417,58.749,55.4127,49.5741,56.7214,DOWN,0
2020-06-08,58.8494,59.8946,56.7857,49.887,56.7219,DOWN,0
2020-06-09,58.1804,57.8878,57.7138,50.2203,56.7212,DOWN,0
2020-06-10,55.9061,57.9798,57.6771,50.4671,56.7149,DOWN,0
2020-06-11,52.553,53.5982,56.9061,50.5952,56.6886,UP,1
2020-06-12,53.222,54.5013,55.7422,50.7404,56.6661,UP,1
2020-06-15,53.8407,51.7169,54.7404,50.8807,56.6441,UP,1
2020-06-16,56.7004,55.8726,54.4444,51.107,56.6321,UP,1
2020-06-17,56.7757,57.3443,54.6184,51.2851,56.6196,UP,1
2020-06-18,57.0098,56.1318,55.5097,51.4478,56.616,DOWN,0
2020-06-19,56.7339,58.3895,56.2121,51.5684,56.6198,UP,1
2020-06-22,57.1938,56.2154,56.8827,51.6914,56.621,DOWN,0
2020-06-23,57.1018,57.8961,56.963,51.8398,56.6203,DOWN,0
2020-06-24,55.1953,56.1987,56.6469,51.9234,56.6119,UP,1
2020-06-25,56.575,55.3291,56.5599,52.0935,56.6079,DOWN,0
2020-06-26,55.4963,56.366,56.3124,52.2539,56.5903,UP,1
2020-06-29,56.7924,55.8977,56.2322,52.3803,56.5817,DOWN,0
2020-06-30,56.575,56.1736,56.1268,52.5301,56.5718,DOWN,0
2020-07-01,56.4078,56.6502,56.3693,52.7244,56.5633,UP,1
2020-07-02,56.9847,57.2523,56.4512,52.8985,56.5595,UP,1
2020-07-06,57.8209,57.9881,56.9161,53.075,56.5572,DOWN,0
2020-07-07,56.9095,57.4697,56.9396,53.2041,56.5542,UP,1
2020-07-08,57.0934,56.7673,57.0432,53.276,56.5546,DOWN,0
2020-07-09,56.2572,56.8426,57.0131,53.319,56.5518,DOWN,0
2020-07-10,56.2405,56.3492,56.8643,53.3476,56.5531,UP,1
2020-07-13,56.5499,56.5834,56.6101,53.4083,56.5522,UP,1
2020-07-14,57.8292,56.667,56.7941,53.5489,56.5572,UP,1
2020-07-15,59.5267,58.7156,57.2807,53.7193,56.568,UP,1
2020-07-16,59.9615,59.3845,58.0216,53.9431,56.5812,UP,1
2020-07-17,60.2792,60.2625,58.8293,54.1826,56.6055,DOWN,0
2020-07-20,59.1587,60.1538,59.3511,54.3969,56.6319,UP,1
2020-07-21,59.535,59.326,59.6922,54.5965,56.655,UP,1
2020-07-22,59.811,59.3929,59.7491,54.809,56.676,UP,1
2020-07-23,60.6471,60.0702,59.8862,55.0828,56.7048,DOWN,0
2020-07-24,59.3678,60.7307,59.7039,55.3594,56.7331,UP,1
2020-07-27,60.1203,59.5517,59.8962,55.6293,56.7625,DOWN,0
2020-07-28,59.3929,59.8946,59.8678,55.8932,56.7859,UP,1
2020-07-29,61.5418,61.3244,60.214,56.1342,56.8095,DOWN,0
2020-07-30,60.3377,60.622,60.1521,56.3524,56.8271,DOWN,0
2020-07-31,58.6905,60.0869,60.0167,56.5379,56.8299,DOWN,0
2020-08-03,58.1637,58.9581,59.6253,56.7265,56.8308,DOWN,0
2020-08-04,58.0885,58.0634,59.3644,56.9095,56.8248,UP,1
2020-08-05,58.5483,58.5483,58.7657,57.0541,56.8209,UP,1
2020-08-06,59.1169,58.3644,58.5216,57.1718,56.8158,UP,1
2020-08-07,60.3963,59.1002,58.8627,57.3506,56.8157,DOWN,0
2020-08-10,60.0869,60.4966,59.2474,57.5326,56.8137,UP,1
2020-08-11,61.4248,60.898,59.9146,57.7214,56.8218,UP,1
2020-08-12,62.6623,61.8763,60.7374,57.9038,56.8493,DOWN,0
2020-08-13,61.684,62.0101,61.2508,58.0157,56.8708,DOWN,0
2020-08-14,61.5251,61.4582,61.4766,58.1181,56.8921,DOWN,0
2020-08-17,61.4415,61.5,61.7475,58.166,56.909,DOWN,0
2020-08-18,60.2708,61.2241,61.5167,58.1945,56.9219,DOWN,0
2020-08-19,59.7106,60.4548,60.9264,58.2251,56.9203,UP,1
2020-08-20,60.112,59.0751,60.612,58.3092,56.9126,DOWN,0
2020-08-21,59.9698,60.2625,60.3009,58.4575,56.9051,UP,1
2020-08-24,60.204,60.3461,60.0534,58.5972,56.9001,DOWN,0
2020-08-25,58.9915,60.321,59.7976,58.7002,56.8929,UP,1
2020-08-26,59.3678,59.0751,59.729,58.7535,56.885,DOWN,0
2020-08-27,59.234,59.6521,59.5534,58.8027,56.8798,UP,1
2020-08-28,60.898,59.3343,59.739,58.8805,56.8829,DOWN,0
2020-08-31,60.2959,60.6638,59.7574,58.9517,56.8876,UP,1
2020-09-01,61.5335,59.9531,60.2658,59.0385,56.8979,UP,1
2020-09-02,62.1522,61.6589,60.8227,59.1395,56.9092,DOWN,0
2020-09-03,61.291,62.3613,61.2341,59.2614,56.9182,UP,1
2020-09-04,62.0519,62.1271,61.4649,59.371,56.9312,DOWN,0
2020-09-08,61.5836,61.8596,61.7224,59.4927,56.946,UP,1
2020-09-09,63.2643,62.1773,62.0686,59.6221,56.9658,UP,1
2020-09-10,63.9249,63.7158,62.4231,59.7691,56.9898,UP,1
2020-09-11,64.6942,64.159,63.1038,59.9349,57.0144,UP,1
2020-09-14,64.9116,65.2209,63.6757,60.0934,57.0373,DOWN,0
2020-09-15,64.552,65.0955,64.2694,60.228,57.0576,DOWN,0
2020-09-16,64.3012,64.7778,64.4768,60.3759,57.0774,UP,1
2020-09-17,64.7611,63.5737,64.644,60.5292,57.1011,DOWN,0
2020-09-18,63.373,64.5102,64.3798,60.6715,57.1206,DOWN,0
2020-09-21,60.5133,62.1355,63.5001,60.757,57.1246,UP,1
2020-09-22,60.8562,60.4381,62.7609,60.8431,57.1267,DOWN,0
2020-09-23,59.9531,60.6889,61.8913,60.8856,57.1218,UP,1
2020-09-24,60.8227,59.7691,61.1037,60.9115,57.1159,UP,1
2020-09-25,62.0184,60.3294,60.8327,60.9527,57.1173,UP,1
2020-09-28,63.3229,63.373,61.3947,61.0135,57.1205,UP,1
2020-09-29,63.7242,63.3563,61.9683,61.1048,57.1206,DOWN,0
2020-09-30,63.7242,64.1339,62.7225,61.1886,57.1249,DOWN,0
2020-10-01,62.9967,64.251,63.1573,61.2523,57.1215,UP,1
2020-10-02,64.7192,62.3278,63.6975,61.3338,57.1242,UP,1
2020-10-05,66.1073,65.823,64.2543,61.4686,57.1343,DOWN,0
2020-10-06,65.7645,66.8097,64.6624,61.5815,57.1427,UP,1
2020-10-07,67.7629,66.2662,65.4701,61.7489,57.1649,UP,1
2020-10-08,68.39,68.1224,66.5488,61.8858,57.1855,UP,1
2020-10-09,69.82,70.0,67.5689,62.0755,57.2152,DOWN,0
2020-10-12,67.7,69.75,67.8875,62.2557,57.2348,DOWN,0
2020-10-13,66.42,66.78,68.0186,62.4208,57.2467,UP,1
2020-10-14,67.0,66.23,67.866,62.599,57.2628,UP,1
2020-10-15,67.42,66.4,67.672,62.7764,57.2805,DOWN,0
2020-10-16,67.14,67.7,67.136,62.9369,57.292,DOWN,0
2020-10-19,65.77,67.1,66.75,63.0444,57.298,UP,1
2020-10-20,65.89,66.3,66.644,63.1604,57.3062,DOWN,0
2020-10-21,65.82,66.16,66.408,63.2483,57.3131,UP,1
2020-10-22,66.52,66.28,66.228,63.3255,57.3237,DOWN,0
2020-10-23,66.5,66.96,66.1,63.4218,57.3302,DOWN,0
2020-10-26,64.52,65.79,65.85,63.4817,57.3267,DOWN,0
2020-10-27,63.65,64.37,65.402,63.5259,57.3155,DOWN,0
2020-10-28,61.81,63.04,64.6,63.5567,57.297,UP,1
2020-10-29,62.27,61.48,63.75,63.6079,57.2822,DOWN,0
2020-10-30,61.6,62.22,62.77,63.6376,57.263,UP,1
2020-11-02,63.32,62.54,62.53,63.7046,57.2503,UP,1
2020-11-03,64.99,64.11,62.798,63.8003,57.2484,DOWN,0
2020-11-04,64.62,64.49,63.36,63.9129,57.2468,UP,1
2020-11-05,67.95,66.02,64.496,64.0846,57.2621,UP,1
2020-11-06,68.37,67.99,65.85,64.2673,57.2824,UP,1
2020-11-09,70.33,72.13,67.252,64.4559,57.3221,DOWN,0
2020-11-10,69.8,70.63,68.214,64.646,57.3574,UP,1
2020-11-11,70.0,70.51,69.29,64.8153,57.3926,DOWN,0
2020-11-12,69.51,69.25,69.602,64.9625,57.4215,UP,1
2020-11-13,70.95,70.15,70.118,65.1557,57.463,UP,1
2020-11-16,72.16,72.01,70.484,65.3578,57.5112,DOWN,0
2020-11-17,71.65,71.4,70.854,65.5592,57.5496,DOWN,0
2020-11-18,70.99,71.75,71.052,65.7137,57.5803,UP,1
2020-11-19,71.33,70.95,71.416,65.8618,57.6116,DOWN,0
2020-11-20,71.32,71.56,71.49,65.9943,57.6378,UP,1
2020-11-23,71.68,71.98,71.394,66.1297,57.6645,UP,1
2020-11-24,73.0,72.43,71.664,66.2986,57.6975,DOWN,0
2020-11-25,71.87,72.88,71.84,66.45,57.7266,DOWN,0
2020-11-27,71.43,71.99,71.86,66.5834,57.7608,DOWN,0
2020-11-30,70.13,69.57,71.622,66.7185,57.7862,UP,1
2020-12-01,70.55,70.77,71.396,66.9192,57.8143,DOWN,0
2020-12-02,69.65,70.25,70.726,67.0951,57.8412,DOWN,0
2020-12-03,68.83,69.51,70.118,67.2727,57.8643,UP,1
2020-12-04,71.28,70.01,70.088,67.4818,57.9038,DOWN,0
2020-12-07,69.39,71.52,69.94,67.6292,57.9474,DOWN,0
2020-12-08,68.4,68.92,69.51,67.7308,57.9956,UP,1
2020-12-09,69.64,68.72,69.508,67.8491,58.048,DOWN,0
2020-12-10,68.93,68.94,69.528,67.9532,58.0987,DOWN,0
2020-12-11,68.55,68.38,68.982,68.0643,58.1523,DOWN,0
2020-12-14,68.26,69.25,68.756,68.1351,58.1983,UP,1
2020-12-15,69.4,68.85,68.956,68.2009,58.2552,DOWN,0
2020-12-16,68.92,69.58,68.812,68.2641,58.2985,UP,1
2020-12-17,69.33,69.35,68.892,68.2954,58.3602,UP,1
2020-12-18,69.83,69.52,69.148,68.3242,58.43,DOWN,0
2020-12-21,69.81,68.55,69.458,68.324,58.5194,DOWN,0
2020-12-22,68.46,69.39,69.27,68.3392,58.6005,UP,1
2020-12-23,69.35,69.06,69.356,68.3978,58.6988,UP,1
2020-12-24,69.64,69.81,69.418,68.4506,58.814,DOWN,0
2020-12-28,68.97,70.13,69.246,68.4816,58.9092,DOWN,0
2020-12-29,68.37,69.37,68.958,68.5062,59.0343,UP,1
2020-12-30,69.57,68.63,69.18,68.5822,59.162,UP,1
2020-12-31,70.82,69.39,69.474,68.6808,59.3277,DOWN,0
2021-01-04,68.81,71.0,69.308,68.7406,59.4792,DOWN,0
2021-01-05,68.5,68.87,69.214,68.7802,59.6311,UP,1
2021-01-06,71.07,69.28,69.754,68.8716,59.8108,UP,1
2021-01-07,72.55,71.54,70.35,69.0322,59.9649,UP,1
2021-01-08,72.58,72.81,70.702,69.2108,60.1192,DOWN,0
2021-01-11,71.09,71.8,71.158,69.3964,60.2586,DOWN,0
2021-01-12,71.09,71.22,71.676,69.5728,60.4065,DOWN,0
2021-01-13,70.2,71.21,71.502,69.7448,60.5397,UP,1
2021-01-14,70.53,70.61,71.098,69.889,60.6616,DOWN,0
2021-01-15,70.22,70.15,70.626,69.9936,60.7829,UP,1
2021-01-19,70.38,70.84,70.484,70.1088,60.9007,DOWN,0
2021-01-20,70.2,70.34,70.306,70.1538,61.0247,DOWN,0
2021-01-21,70.06,70.2,70.278,70.1876,61.1357,DOWN,0
2021-01-22,69.32,69.93,70.036,70.1674,61.2379,DOWN,0
2021-01-25,67.86,68.8,69.564,70.1286,61.3237,DOWN,0
2021-01-26,67.0,68.0,68.888,70.0686,61.4035,DOWN,0
2021-01-27,66.14,66.14,68.076,70.0012,61.4857,UP,1
2021-01-28,66.79,67.08,67.422,69.918,61.5646,DOWN,0
2021-01-29,66.08,66.48,66.774,69.7964,61.6547,UP,1
2021-02-01,66.63,66.48,66.528,69.696,61.7504,DOWN,0
2021-02-02,66.57,67.04,66.442,69.6076,61.8309,DOWN,0
2021-02-03,66.25,66.49,66.464,69.506,61.9168,DOWN,0
2021-02-04,66.08,66.18,66.322,69.4012,62.0137,UP,1
2021-02-05,68.9,67.71,66.886,69.3456,62.1168,DOWN,0
2021-02-08,67.68,69.04,67.096,69.2392,62.2102,UP,1
2021-02-09,68.24,67.75,67.43,69.1666,62.2991,UP,1
2021-02-10,70.24,69.0,68.228,69.1428,62.3828,UP,1
2021-02-11,70.53,70.61,69.118,69.1508,62.465,UP,1
2021-02-12,71.52,70.3,69.642,69.1702,62.5485,DOWN,0
2021-02-16,69.8,71.26,70.066,69.1732,62.6299,DOWN,0
2021-02-17,67.6,68.73,69.938,69.1486,62.7139,DOWN,0
2021-02-18,66.69,67.2,69.228,69.0568,62.7924,UP,1
2021-02-19,67.19,67.04,68.56,69.0128,62.8844,DOWN,0
2021-02-22,67.09,66.54,67.674,68.9866,62.9784,UP,1
2021-02-23,67.44,67.23,67.202,68.9426,63.0734,UP,1
2021-02-24,67.64,67.5,67.21,68.9168,63.1638,DOWN,0
2021-02-25,66.31,67.38,67.134,68.872,63.2494,DOWN,0
2021-02-26,65.82,66.53,66.86,68.8232,63.3437,UP,1
2021-03-01,67.98,66.74,67.038,68.7948,63.4559,UP,1
2021-03-02,68.09,67.88,67.168,68.7782,63.5632,DOWN,0
2021-03-03,67.73,67.95,67.186,68.7462,63.6709,DOWN,0
2021-03-04,66.45,67.72,67.214,68.6786,63.7557,UP,1
2021-03-05,67.12,67.06,67.474,68.6248,63.8442,UP,1
2021-03-08,68.84,67.62,67.646,68.6324,63.9413,UP,1
2021-03-09,69.2,69.23,67.868,68.6294,64.0436,UP,1
2021-03-10,69.46,69.35,68.214,68.6258,64.1462,DOWN,0
2021-03-11,68.18,69.52,68.56,68.61,64.2305,DOWN,0
2021-03-12,67.59,68.02,68.654,68.5944,64.3023,UP,1
2021-03-15,68.74,67.48,68.634,68.5778,64.3887,DOWN,0
2021-03-16,66.89,68.77,68.172,68.4992,64.4683,UP,1
2021-03-17,67.48,66.93,67.776,68.4726,64.5457,UP,1
2021-03-18,68.14,67.53,67.768,68.4654,64.6187,DOWN,0
2021-03-19,67.68,67.8,67.786,68.3976,64.6767,UP,1
2021-03-22,68.21,67.55,67.68,68.3108,64.7357,DOWN,0
2021-03-23,67.7,67.85,67.842,68.2132,64.779,UP,1
2021-03-24,69.26,68.22,68.198,68.1766,64.831,UP,1
2021-03-25,70.23,69.54,68.616,68.1594,64.8913,UP,1
2021-03-26,71.26,70.55,69.332,68.1806,64.9681,DOWN,0
2021-03-29,70.42,71.01,69.774,68.1784,65.0574,UP,1
2021-03-30,71.41,70.41,70.516,68.2022,65.1483,DOWN,0
2021-03-31,70.64,71.2,70.792,68.2074,65.2323,UP,1
2021-04-01,70.9,71.43,70.926,68.2214,65.3033,UP,1
2021-04-05,71.94,71.56,71.062,68.259,65.3791,DOWN,0
2021-04-06,71.2,71.81,71.218,68.2966,65.4501,UP,1
2021-04-07,71.4,71.15,71.216,68.3674,65.5234,DOWN,0
2021-04-08,70.25,71.27,71.138,68.4324,65.5887,UP,1
2021-04-09,70.96,70.43,71.15,68.5288,65.658,UP,1
2021-04-12,73.56,71.22,71.474,68.6642,65.7498,DOWN,0
2021-04-13,72.97,73.26,71.828,68.802,65.8318,DOWN,0
2021-04-14,72.37,72.9,72.022,68.9168,65.9162,DOWN,0
2021-04-15,72.21,72.44,72.414,69.0296,65.9933,UP,1
2021-04-16,72.38,72.9,72.698,69.1522,66.0723,DOWN,0
2021-04-19,72.35,72.13,72.456,69.2776,66.152,UP,1
2021-04-20,72.56,72.55,72.374,69.3508,66.2299,UP,1
2021-04-21,73.91,72.61,72.682,69.4754,66.3103,DOWN,0
2021-04-22,73.52,73.73,72.944,69.581,66.3934,UP,1
2021-04-23,73.96,73.83,73.26,69.6554,66.4777,DOWN,0
2021-04-26,73.68,74.1,73.526,69.7184,66.5648,UP,1
2021-04-27,74.2,73.6,73.854,69.772,66.6546,UP,1
2021-04-28,74.23,74.21,73.918,69.8606,66.743,UP,1
2021-04-29,74.86,74.69,74.186,70.0058,66.8282,DOWN,0
2021-04-30,70.82,72.485,73.558,70.0884,66.8846,UP,1
2021-05-03,71.25,71.35,73.072,70.1696,66.9411,UP,1
2021-05-04,71.84,71.14,72.6,70.2646,66.9989,DOWN,0
2021-05-05,71.69,71.91,72.092,70.3496,67.0615,UP,1
2021-05-06,72.45,72.11,71.61,70.4458,67.1261,UP,1
2021-05-07,72.82,72.53,72.01,70.576,67.1912,DOWN,0
2021-05-10,71.63,73.27,72.086,70.6922,67.2461,DOWN,0
2021-05-11,70.15,71.44,71.748,70.7356,67.3,DOWN,0
2021-05-12,68.38,70.0,71.086,70.7414,67.3413,UP,1
2021-05-13,69.47,68.55,70.49,70.7762,67.3917,UP,1
2021-05-14,70.61,69.83,70.048,70.8594,67.437,DOWN,0
2021-05-17,70.58,70.31,69.838,70.9286,67.4882,DOWN,0
2021-05-18,69.24,70.62,69.656,70.9366,67.541,DOWN,0
2021-05-19,69.12,68.14,69.804,70.935,67.5957,UP,1
2021-05-20,70.5,70.1,70.01,70.9558,67.6578,UP,1
2021-05-21,71.57,71.01,70.202,71.0236,67.7229,UP,1
2021-05-24,71.96,72.0,70.478,71.111,67.7871,DOWN,0
2021-05-25,71.63,71.88,70.956,71.1688,67.8433,UP,1
2021-05-26,71.95,71.71,71.522,71.27,67.9026,UP,1
2021-05-27,72.27,72.43,71.876,71.3658,67.9568,UP,1
2021-05-28,72.52,72.25,72.066,71.4534,68.0061,DOWN,0
2021-06-01,72.19,73.07,72.112,71.5436,68.0587,UP,1
2021-06-02,73.44,72.16,72.474,71.6482,68.1182,UP,1
2021-06-03,73.55,73.03,72.794,71.7652,68.1788,DOWN,0
2021-06-04,73.46,73.77,73.032,71.8492,68.2447,DOWN,0
2021-06-07,72.74,73.54,73.076,71.8994,68.3099,DOWN,0
2021-06-08,72.03,72.71,73.044,71.9148,68.3695,DOWN,0
2021-06-09,71.07,71.91,72.57,71.9278,68.425,DOWN,0
2021-06-10,70.47,71.23,71.954,71.909,68.4763,UP,1
2021-06-11,71.44,70.93,71.55,71.925,68.5385,DOWN,0
2021-06-14,71.11,71.44,71.224,71.9292,68.5972,UP,1
2021-06-15,71.52,71.12,71.122,71.9208,68.6587,DOWN,0
2021-06-16,70.18,71.49,70.944,71.9004,68.7051,DOWN,0
2021-06-17,69.5,70.04,70.75,71.8624,68.7511,DOWN,0
2021-06-18,68.95,68.56,70.252,71.8364,68.7882,UP,1
2021-06-21,69.52,69.05,69.934,71.8076,68.825,UP,1
2021-06-22,69.59,69.48,69.548,71.7282,68.8665,DOWN,0
2021-06-23,69.07,69.63,69.326,71.6502,68.9016,UP,1
2021-06-24,69.48,69.25,69.322,71.5924,68.9411,UP,1
2021-06-25,69.93,69.9,69.518,71.5468,68.9744,UP,1
2021-06-28,70.21,70.16,69.656,71.5034,69.0058,DOWN,0
2021-06-29,70.17,70.32,69.772,71.4598,69.0332,DOWN,0
2021-06-30,69.74,69.94,69.906,71.4034,69.0574,UP,1
2021-07-01,70.59,69.89,70.128,71.337,69.0876,UP,1
2021-07-02,70.72,70.78,70.286,71.281,69.1196,DOWN,0
2021-07-06,69.74,70.7,70.192,71.1966,69.1445,UP,1
2021-07-07,70.7,69.59,70.298,71.137,69.1812,DOWN,0
2021-07-08,69.57,69.815,70.264,71.0444,69.2265,UP,1
2021-07-09,70.68,70.41,70.282,70.9734,69.2756,DOWN,0
2021-07-12,70.45,70.97,70.228,70.8852,69.3281,UP,1
2021-07-13,70.58,71.07,70.396,70.8804,69.3769,UP,1
2021-07-14,70.77,70.99,70.41,70.8708,69.4206,DOWN,0
2021-07-15,70.4,70.42,70.576,70.842,69.456,DOWN,0
2021-07-16,69.91,70.62,70.422,70.8064,69.4869,DOWN,0
2021-07-19,68.37,68.78,70.006,70.7248,69.5102,UP,1
2021-07-20,69.8,68.69,69.85,70.6644,69.5442,DOWN,0
2021-07-21,69.56,69.88,69.608,70.623,69.5684,DOWN,0
2021-07-22,69.16,69.75,69.36,70.6032,69.5836,UP,1
2021-07-23,69.31,69.59,69.24,70.6218,69.6014,DOWN,0
2021-07-26,68.97,69.37,69.36,70.6118,69.6074,DOWN,0
2021-07-27,68.77,68.51,69.154,70.575,69.6093,UP,1
2021-07-28,68.84,68.95,69.01,70.5402,69.6044,UP,1
2021-07-29,69.04,69.11,68.986,70.5362,69.6111,UP,1
2021-07-30,72.66,71.92,69.656,70.607,69.6423,UP,1
2021-08-02,73.5,73.3,70.562,70.667,69.6748,UP,1
2021-08-03,74.57,73.67,71.722,70.727,69.7105,DOWN,0
2021-08-04,73.6,74.15,72.674,70.7598,69.7428,DOWN,0
2021-08-05,73.51,73.99,73.568,70.7974,69.7815,UP,1
2021-08-06,74.49,73.7,73.934,70.8482,69.8245,DOWN,0
2021-08-09,74.15,74.26,74.064,70.8858,69.8662,UP,1
2021-08-10,74.51,74.18,74.052,70.9256,69.9061,UP,1
2021-08-11,74.98,74.64,74.328,70.9814,69.9485,UP,1
2021-08-12,75.61,75.0,74.748,71.0248,70.004,UP,1
2021-08-13,75.96,75.96,75.042,71.073,70.0655,DOWN,0
2021-08-16,75.66,75.84,75.344,71.117,70.1348,DOWN,0
2021-08-17,74.76,75.44,75.394,71.1574,70.1972,DOWN,0
2021-08-18,73.92,74.31,75.182,71.1952,70.2588,DOWN,0
2021-08-19,73.46,73.36,74.752,71.243,70.3095,DOWN,0
2021-08-20,73.43,73.47,74.246,71.3022,70.3517,DOWN,0
2021-08-23,73.11,73.82,73.736,71.3356,70.3942,UP,1
2021-08-24,73.7,73.3,73.524,71.3874,70.4229,UP,1
2021-08-25,74.36,73.8,73.612,71.4442,70.4529,DOWN,0
2021-08-26,73.46,74.08,73.612,71.5098,70.4685,UP,1
2021-08-27,74.07,73.84,73.74,71.6012,70.4899,UP,1
2021-08-30,74.12,74.26,73.942,71.7046,70.5105,DOWN,0
2021-08-31,73.87,74.07,73.976,71.7916,70.5323,UP,1
2021-09-01,73.91,74.02,73.886,71.878,70.5471,UP,1
2021-09-02,74.95,74.36,74.184,71.9956,70.561,UP,1
2021-09-03,75.5,74.85,74.47,72.116,70.5803,DOWN,0
2021-09-07,73.77,75.52,74.4,72.1928,70.5942,UP,1
2021-09-08,74.16,73.53,74.458,72.2718,70.6083,UP,1
2021-09-09,75.78,74.31,74.832,72.384,70.6306,DOWN,0
2021-09-10,75.31,76.17,74.904,72.4954,70.6488,DOWN,0
2021-09-13,74.87,75.87,74.778,72.581,70.6581,UP,1
2021-09-14,74.98,75.38,75.02,72.6662,70.6737,DOWN,0
2021-09-15,74.7,74.93,75.128,72.7654,70.69,DOWN,0
2021-09-16,74.21,74.54,74.814,72.8356,70.7104,DOWN,0
2021-09-17,72.74,73.57,74.3,72.899,70.7214,DOWN,0
2021-09-20,71.73,71.39,73.672,72.92,70.7318,UP,1
2021-09-21,72.23,71.84,73.122,72.9556,70.7488,UP,1
2021-09-22,73.2,73.0,72.822,73.008,70.7584,UP,1
2021-09-23,73.61,73.39,72.702,73.0648,70.7795,DOWN,0
2021-09-24,73.26,73.58,72.806,73.122,70.8038,UP,1
2021-09-27,73.29,73.09,73.118,73.1896,70.822,DOWN,0
2021-09-28,72.5,72.95,73.172,73.2722,70.8399,DOWN,0
2021-09-29,72.33,72.63,72.998,73.3228,70.8588,DOWN,0
2021-09-30,70.57,72.46,72.39,73.343,70.8703,UP,1
2021-10-01,71.02,70.94,71.942,73.3802,70.8784,UP,1
2021-10-04,71.09,71.19,71.502,73.4158,70.8893,DOWN,0
2021-10-05,70.94,71.21,71.19,73.4552,70.8973,DOWN,0
2021-10-06,70.42,70.11,70.808,73.4882,70.9003,UP,1
2021-10-07,71.43,71.05,70.98,73.54,70.9084,DOWN,0
2021-10-08,70.76,71.08,70.928,73.5744,70.9199,DOWN,0
2021-10-11,70.47,71.09,70.804,73.5306,70.9255,DOWN,0
2021-10-12,69.95,70.48,70.606,73.4596,70.927,UP,1
2021-10-13,71.07,69.95,70.736,73.3896,70.9375,UP,1
2021-10-14,72.31,71.73,70.912,73.3638,70.9572,UP,1
2021-10-15,72.66,72.88,71.292,73.3468,70.9727,DOWN,0
2021-10-18,72.62,72.08,71.722,73.3094,70.9817,UP,1
2021-10-19,73.85,73.11,72.502,73.3034,71.0069,UP,1
2021-10-20,74.42,74.08,73.172,73.3016,71.0365,UP,1
2021-10-21,74.85,73.99,73.68,73.299,71.0554,DOWN,0
2021-10-22,74.4,74.98,74.028,73.2748,71.0646,DOWN,0
2021-10-25,74.38,74.4,74.38,73.2432,71.0736,UP,1
2021-10-26,74.48,74.54,74.506,73.2196,71.0906,DOWN,0
2021-10-27,74.07,74.62,74.436,73.2058,71.1055,UP,1
2021-10-28,74.96,74.32,74.458,73.2266,71.1293,UP,1
2021-10-29,75.71,72.205,74.72,73.2716,71.1552,UP,1
2021-11-01,76.6,75.72,75.164,73.335,71.1871,UP,1
2021-11-02,76.99,77.0,75.666,73.4126,71.2201,DOWN,0
2021-11-03,76.73,76.6,76.198,73.4732,71.2528,UP,1
2021-11-04,78.06,76.89,76.818,73.5472,71.2928,UP,1
2021-11-05,78.71,78.71,77.418,73.6522,71.3397,DOWN,0
2021-11-08,78.11,79.14,77.72,73.733,71.391,UP,1
2021-11-09,78.63,78.17,78.048,73.8232,71.4491,DOWN,0
2021-11-10,78.59,78.71,78.42,73.9176,71.5114,DOWN,0
2021-11-11,77.62,78.53,78.332,73.9918,71.5655,UP,1
2021-11-12,78.25,77.98,78.24,74.0578,71.6264,DOWN,0
2021-11-15,78.03,78.48,78.224,74.1084,71.6834,UP,1
2021-11-16,78.56,78.2,78.21,74.2042,71.7433,UP,1
2021-11-17,79.07,78.48,78.306,74.3024,71.8074,DOWN,0
2021-11-18,78.77,79.15,78.536,74.3622,71.8709,UP,1
2021-11-19,79.13,78.92,78.712,74.4386,71.922,DOWN,0
2021-11-22,78.66,79.27,78.838,74.5144,71.9769,DOWN,0
2021-11-23,78.37,78.96,78.8,74.5822,72.0276,DOWN,0
2021-11-24,78.03,77.87,78.592,74.6488,72.0665,DOWN,0
2021-11-26,75.72,76.39,77.982,74.679,72.0925,UP,1
2021-11-29,76.23,76.36,77.402,74.7488,72.116,DOWN,0
2021-11-30,73.87,75.71,76.444,74.7916,72.1364,DOWN,0
2021-12-01,73.54,74.85,75.478,74.8178,72.1661,UP,1
2021-12-02,74.25,73.77,74.722,74.8388,72.2039,UP,1
2021-12-03,74.53,74.43,74.484,74.8572,72.2406,DOWN,0
2021-12-06,74.52,75.13,74.142,74.8824,72.2777,UP,1
2021-12-07,75.1,75.26,74.388,74.9186,72.316,UP,1
2021-12-08,75.65,75.28,74.81,74.9816,72.3561,DOWN,0
2021-12-09,75.14,75.51,74.988,75.0378,72.4002,UP,1
2021-12-10,75.16,75.45,75.114,75.1296,72.4469,DOWN,0
2021-12-13,74.92,75.11,75.194,75.2076,72.4816,DOWN,0
2021-12-14,74.01,74.68,74.976,75.266,72.5112,UP,1
2021-12-15,75.29,74.28,74.904,75.353,72.549,UP,1
2021-12-16,75.34,75.68,74.944,75.4514,72.5935,DOWN,0
2021-12-17,72.89,75.09,74.49,75.4806,72.6223,DOWN,0
2021-12-20,71.5,72.23,73.806,75.4954,72.6356,UP,1
2021-12-21,72.59,71.99,73.522,75.5378,72.6526,UP,1
2021-12-22,72.65,72.64,72.994,75.5918,72.6685,UP,1
2021-12-23,74.5,72.9,72.826,75.6604,72.7001,UP,1
2021-12-27,75.37,74.78,73.322,75.7216,72.739,UP,1
2021-12-28,75.63,75.5,74.148,75.781,72.7735,UP,1
2021-12-29,75.81,75.75,74.792,75.8448,72.8181,UP,1
2021-12-30,76.03,76.09,75.468,75.8884,72.8608,UP,1
2021-12-31,76.29,75.95,75.826,75.9258,72.9016,DOWN,0
2022-01-03,73.57,75.66,75.466,75.9002,72.931,UP,1
2022-01-04,73.87,73.94,75.114,75.8896,72.9593,DOWN,0
2022-01-05,72.31,74.21,74.414,75.8482,72.9824,UP,1
2022-01-06,72.45,72.6,73.698,75.8076,72.9983,DOWN,0
2022-01-07,71.95,72.35,72.83,75.7652,73.0069,UP,1
2022-01-10,72.09,71.52,72.534,75.7078,73.0111,UP,1
2022-01-11,73.42,72.38,72.444,75.662,73.0261,UP,1
2022-01-12,73.75,73.73,72.732,75.605,73.0378,DOWN,0
2022-01-13,73.53,74.04,72.948,75.5358,73.0522,DOWN,0
2022-01-14,72.5,72.72,73.058,75.4512,73.0602,UP,1
2022-01-18,72.76,71.51,73.192,75.3452,73.0643,DOWN,0
2022-01-19,72.24,73.02,72.956,75.2158,73.0695,DOWN,0
2022-01-20,71.31,72.53,72.468,75.0798,73.0691,UP,1
2022-01-21,71.76,71.07,72.114,74.9424,73.0766,UP,1
2022-01-24,71.96,70.94,72.006,74.8098,73.0816,DOWN,0
2022-01-25,69.88,70.86,71.43,74.655,73.0632,DOWN,0
2022-01-26,69.63,70.56,70.908,74.4826,73.0465,DOWN,0
2022-01-27,68.66,69.96,70.378,74.2952,73.028,UP,1
2022-01-28,69.71,68.31,69.968,74.1182,73.0155,UP,1
2022-01-31,70.54,69.46,69.684,73.9476,73.0063,UP,1
2022-02-01,70.63,70.2,69.834,73.7848,72.9977,UP,1
2022-02-02,71.62,70.59,70.232,73.6346,72.993,DOWN,0
2022-02-03,66.05,69.22,69.71,73.3824,72.9537,DOWN,0
2022-02-04,64.39,65.16,68.646,73.1028,72.908,DOWN,0
2022-02-07,63.88,64.26,67.314,72.8198,72.8576,UP,1
2022-02-08,65.57,63.88,66.302,72.6168,72.8171,UP,1
2022-02-09,66.48,66.38,65.274,72.4218,72.7785,DOWN,0
2022-02-10,65.76,65.1,65.216,72.2596,72.7361,DOWN,0
2022-02-11,65.26,65.775,65.39,72.094,72.6881,DOWN,0
2022-02-14,65.05,65.17,65.624,71.91,72.6593,UP,1
2022-02-15,65.69,65.98,65.648,71.7332,72.6315,DOWN,0
2022-02-16,65.36,65.19,65.424,71.55,72.5991,DOWN,0
2022-02-17,63.37,64.83,64.946,71.3154,72.5575,UP,1
2022-02-18,63.75,63.72,64.644,71.0774,72.514,DOWN,0
2022-02-22,63.7,63.03,64.374,70.8486,72.4684,DOWN,0
2022-02-23,62.56,63.87,63.748,70.5966,72.423,UP,1
2022-02-24,64.37,61.42,63.55,70.3856,72.3941,UP,1
2022-02-25,65.49,64.13,63.974,70.2152,72.3797,DOWN,0
2022-02-28,64.75,64.43,64.174,70.0044,72.3561,DOWN,0
2022-03-01,63.36,64.6,64.106,69.7648,72.3198,UP,1
2022-03-02,64.2,63.77,64.434,69.591,72.2879,DOWN,0
2022-03-03,62.88,64.43,64.136,69.4186,72.2561,DOWN,0
2022-03-04,60.6,61.7,63.158,69.1788,72.2135,DOWN,0
2022-03-07,57.78,60.6,61.764,68.8814,72.1499,DOWN,0
2022-03-08,56.29,57.79,60.35,68.5172,72.0735,UP,1
2022-03-09,58.49,57.79,59.208,68.1796,72.0062,DOWN,0
2022-03-10,56.48,57.48,57.928,67.7966,71.9304,DOWN,0
2022-03-11,56.24,56.98,57.056,67.4052,71.8519,UP,1
2022-03-14,56.96,57.95,56.892,67.0238,71.7753,UP,1
2022-03-15,56.99,57.3,57.032,66.6378,71.6977,UP,1
2022-03-16,59.58,57.5,57.25,66.358,71.6346,UP,1
2022-03-17,61.0,60.0,58.154,66.1006,71.5724,UP,1
2022-03-18,61.9,61.02,59.286,65.8924,71.5142,DOWN,0
2022-03-21,61.38,61.59,60.17,65.671,71.4538,UP,1
2022-03-22,61.42,61.6,61.056,65.4604,71.3972,DOWN,0
2022-03-23,60.31,60.88,61.202,65.2248,71.3386,UP,1
2022-03-24,61.32,60.55,61.266,64.9828,71.2898,UP,1
2022-03-25,61.55,61.48,61.196,64.7388,71.2452,UP,1
2022-03-28,62.08,61.42,61.336,64.5098,71.1984,UP,1
2022-03-29,63.28,63.07,61.708,64.3254,71.1593,DOWN,0
2022-03-30,62.13,62.68,62.072,64.1128,71.1123,DOWN,0
2022-03-31,60.93,61.88,61.994,63.8866,71.0661,DOWN,0
2022-04-01,60.63,61.38,61.81,63.673,71.0217,UP,1
2022-04-04,60.91,60.72,61.576,63.456,70.9815,DOWN,0
2022-04-05,59.85,60.91,60.89,63.2138,70.9332,DOWN,0
2022-04-06,59.28,58.94,60.32,63.0018,70.8816,UP,1
2022-04-07,59.75,59.0,60.084,62.8042,70.835,DOWN,0
2022-04-08,59.46,59.82,59.85,62.6202,70.7849,DOWN,0
2022-04-11,58.85,59.35,59.438,62.403,70.7295,DOWN,0
2022-04-12,58.61,59.06,59.19,62.1644,70.6715,UP,1
2022-04-13,59.15,58.42,59.164,61.9348,70.6164,DOWN,0
2022-04-14,58.18,59.33,58.85,61.666,70.5586,DOWN,0
2022-04-18,57.86,57.74,58.53,61.5022,70.495,UP,1
2022-04-19,59.08,58.01,58.576,61.396,70.4368,UP,1
2022-04-20,59.96,59.7,58.846,61.3176,70.3879,DOWN,0
2022-04-21,59.7,60.65,58.956,61.2002,70.3329,DOWN,0
2022-04-22,57.8,59.19,58.88,61.0266,70.274,UP,1
2022-04-25,57.85,57.36,58.878,60.8684,70.2099,DOWN,0
2022-04-26,56.91,57.18,58.444,60.7014,70.1422,UP,1
2022-04-27,57.73,56.82,57.998,60.555,70.0779,UP,1
2022-04-28,58.64,58.0,57.786,60.414,70.0173,DOWN,0
2022-04-29,57.5,58.1,57.726,60.2568,69.9528,UP,1
2022-05-02,58.77,57.47,57.91,60.1648,69.8971,UP,1
2022-05-03,59.59,58.55,58.446,60.0816,69.8532,UP,1
2022-05-04,62.71,60.12,59.442,60.0618,69.8177,DOWN,0
2022-05-05,61.08,61.67,59.93,60.0322,69.7753,DOWN,0
2022-05-06,60.78,60.71,60.586,59.9604,69.7334,DOWN,0
2022-05-09,59.23,59.86,60.678,59.8352,69.683,DOWN,0
2022-05-10,58.41,59.69,60.442,59.7084,69.6302,DOWN,0
2022-05-11,57.58,58.29,59.416,59.5928,69.5743,DOWN,0
2022-05-12,57.53,57.18,58.706,59.4594,69.5177,UP,1
2022-05-13,58.5,57.89,58.25,59.3718,69.465,DOWN,0
2022-05-16,58.12,57.99,58.028,59.3222,69.3923,UP,1
2022-05-17,59.6,59.05,58.266,59.3586,69.3228,DOWN,0
2022-05-18,57.79,58.89,58.308,59.3886,69.2389,UP,1
2022-05-19,58.58,57.37,58.518,59.3904,69.1638,DOWN,0
2022-05-20,58.27,59.1,58.472,59.4262,69.0876,UP,1
2022-05-23,58.67,58.9,58.582,59.4748,69.0085,UP,1
2022-05-24,58.97,58.53,58.456,59.515,68.9326,UP,1
2022-05-25,59.14,58.36,58.726,59.558,68.8558,UP,1
2022-05-26,60.6,60.0,59.13,59.5784,68.7839,UP,1
2022-05-27,62.0,61.19,59.876,59.5984,68.7158,DOWN,0
2022-05-31,61.77,61.09,60.496,59.5958,68.6449,DOWN,0
2022-06-01,61.37,62.23,60.976,59.5956,68.5734,UP,1
2022-06-02,63.14,61.68,61.776,59.63,68.5153,DOWN,0
2022-06-03,62.58,62.47,62.172,59.6754,68.4586,UP,1
2022-06-06,63.0,63.36,62.372,59.709,68.4063,UP,1
2022-06-07,63.67,62.58,62.752,59.7514,68.3575,DOWN,0
2022-06-08,62.97,63.12,63.072,59.7692,68.3068,DOWN,0
2022-06-09,61.13,62.73,62.67,59.7262,68.244,DOWN,0
2022-06-10,59.16,60.06,61.986,59.6668,68.168,DOWN,0
2022-06-13,57.08,57.75,60.802,59.5898,68.0861,DOWN,0
2022-06-14,56.07,57.08,59.282,59.4986,67.9961,UP,1
2022-06-15,56.64,56.55,58.016,59.4132,67.9087,DOWN,0
2022-06-16,53.75,55.37,56.54,59.2912,67.8081,DOWN,0
2022-06-17,53.56,53.65,55.42,59.1768,67.7063,UP,1
2022-06-21,54.07,54.44,54.818,59.0632,67.6019,UP,1
2022-06-22,54.54,53.27,54.512,58.9648,67.4971,UP,1
2022-06-23,54.77,54.45,54.138,58.8832,67.4021,UP,1
2022-06-24,56.28,55.26,54.644,58.8366,67.3127,DOWN,0
2022-06-27,55.7,56.45,55.072,58.7676,67.2123,DOWN,0
2022-06-28,54.93,55.93,55.244,58.7026,67.1104,DOWN,0
2022-06-29,54.53,54.92,55.242,58.636,67.0087,DOWN,0
2022-06-30,54.38,53.79,55.164,58.542,66.9057,UP,1
2022-07-01,54.87,54.86,54.882,58.4402,66.8066,UP,1
2022-07-05,54.92,53.79,54.726,58.3446,66.7101,UP,1
2022-07-06,55.08,54.98,54.756,58.2902,66.6218,UP,1
2022-07-07,55.92,55.36,55.034,58.2516,66.5428,UP,1
2022-07-08,56.01,55.75,55.36,58.2336,66.4617,DOWN,0
2022-07-11,55.49,55.71,55.484,58.1888,66.3731,DOWN,0
2022-07-12,54.76,55.38,55.452,58.1112,66.2789,DOWN,0
2022-07-13,54.28,53.8,55.292,58.0468,66.184,DOWN,0
2022-07-14,53.66,53.33,54.84,57.9446,66.0858,UP,1
2022-07-15,54.9,54.74,54.618,57.8508,65.9978,DOWN,0
2022-07-18,54.27,55.19,54.374,57.682,65.9075,UP,1
2022-07-19,56.6,55.02,54.742,57.5924,65.8377,UP,1
2022-07-20,57.19,56.85,55.324,57.5206,65.7685,UP,1
2022-07-21,58.79,57.3,56.35,57.5118,65.707,DOWN,0
2022-07-22,58.42,58.84,57.054,57.512,65.6444,DOWN,0
2022-07-25,58.31,58.37,57.862,57.5266,65.5839,DOWN,0
2022-07-26,58.22,58.11,58.186,57.5404,65.5178,UP,1
2022-07-27,59.5,58.4,58.648,57.5604,65.4615,UP,1
2022-07-28,62.47,60.29,59.384,57.6474,65.4215,UP,1
2022-07-29,64.45,62.71,60.59,57.7444,65.394,DOWN,0
2022-08-01,64.43,63.79,61.814,57.8772,65.3608,DOWN,0
2022-08-02,64.17,64.15,63.004,57.989,65.3201,UP,1
2022-08-03,65.28,64.56,64.16,58.1292,65.2832,UP,1
2022-08-04,65.59,65.4,64.784,58.2676,65.2481,DOWN,0
2022-08-05,65.27,64.68,64.948,58.3936,65.2052,UP,1
2022-08-08,65.46,65.74,65.154,58.52,65.1604,DOWN,0
2022-08-09,64.94,65.19,65.308,58.6068,65.1108,UP,1
2022-08-10,66.65,66.44,65.582,58.6998,65.0721,UP,1
2022-08-11,67.28,67.22,65.92,58.81,65.0366,UP,1
2022-08-12,68.51,67.59,66.568,58.9528,65.0067,DOWN,0
2022-08-15,68.49,68.0,67.174,59.0598,64.9788,UP,1
2022-08-16,68.66,68.23,67.918,59.1814,64.9473,DOWN,0
2022-08-17,68.04,67.76,68.196,59.2822,64.909,UP,1
2022-08-18,68.33,68.25,68.406,59.3754,64.8676,DOWN,0
2022-08-19,67.56,67.67,68.216,59.4672,64.8205,DOWN,0
2022-08-22,65.67,66.52,67.652,59.558,64.7652,UP,1
2022-08-23,65.79,65.66,67.078,59.6906,64.7038,UP,1
2022-08-24,65.94,65.6,66.658,59.8678,64.64,UP,1
2022-08-25,66.98,66.32,66.388,60.086,64.5843,DOWN,0
2022-08-26,64.74,67.2,65.824,60.248,64.5149,DOWN,0
2022-08-29,64.21,64.29,65.532,60.4572,64.443,DOWN,0
2022-08-30,63.62,64.25,65.098,60.6584,64.373,DOWN,0
2022-08-31,63.33,64.16,64.576,60.8436,64.2984,DOWN,0
2022-09-01,63.27,63.18,63.834,61.0182,64.2246,DOWN,0
2022-09-02,62.57,64.1,63.4,61.1742,64.1446,UP,1
2022-09-06,63.07,62.64,63.172,61.31,64.0646,UP,1
2022-09-07,64.84,63.2,63.416,61.4928,63.995,UP,1
2022-09-08,65.27,64.56,63.804,61.6996,63.9257,UP,1
2022-09-09,66.02,65.74,64.354,61.9294,63.8625,UP,1
2022-09-12,66.92,66.46,65.224,62.1802,63.8052,DOWN,0
2022-09-13,64.18,65.22,65.446,62.3664,63.736,DOWN,0
2022-09-14,64.08,64.21,65.294,62.5496,63.6778,UP,1
2022-09-15,64.28,64.21,65.096,62.7336,63.6181,DOWN,0
2022-09-16,62.72,63.64,64.436,62.8696,63.5623,UP,1
2022-09-19,63.91,62.4,63.834,63.0276,63.5141,DOWN,0
2022-09-20,63.27,63.27,63.652,63.1832,63.4592,DOWN,0
2022-09-21,62.22,63.74,63.28,63.3324,63.3977,DOWN,0
2022-09-22,60.89,62.08,62.602,63.4646,63.3295,DOWN,0
2022-09-23,59.87,60.31,62.032,63.5888,63.2534,DOWN,0
2022-09-26,59.21,59.68,61.092,63.675,63.1712,DOWN,0
2022-09-27,58.62,59.84,60.162,63.762,63.0886,UP,1
2022-09-28,60.39,59.11,59.796,63.8378,63.0147,DOWN,0
2022-09-29,59.21,59.73,59.46,63.8782,62.9362,DOWN,0
2022-09-30,58.3,59.25,59.146,63.8684,62.8576,UP,1
2022-10-03,60.63,59.12,59.43,63.9126,62.7843,UP,1
2022-10-04,62.27,61.8,60.16,63.9918,62.719,DOWN,0
2022-10-05,61.9,61.35,60.462,64.0654,62.664,DOWN,0
2022-10-06,61.44,61.82,60.908,64.1042,62.6137,DOWN,0
2022-10-07,60.06,60.6,61.26,64.056,62.5511,DOWN,0
2022-10-10,59.58,60.77,61.05,63.9586,62.4857,DOWN,0
2022-10-11,59.1,58.98,60.416,63.852,62.4087,DOWN,0
2022-10-12,59.01,59.96,59.838,63.7488,62.3269,UP,1
2022-10-13,60.3,57.78,59.61,63.6492,62.2503,DOWN,0
2022-10-14,58.87,60.61,59.372,63.5148,62.1656,UP,1
2022-10-17,60.55,60.1,59.566,63.4204,62.0882,UP,1
2022-10-18,61.66,62.05,60.078,63.3444,62.015,DOWN,0
2022-10-19,60.67,61.06,60.41,63.259,61.9505,DOWN,0
2022-10-20,59.58,60.68,60.266,63.1176,61.8791,UP,1
2022-10-21,61.45,59.77,60.782,63.001,61.8248,UP,1
2022-10-24,62.76,62.01,61.224,62.886,61.7763,UP,1
2022-10-25,63.91,62.75,61.674,62.7944,61.7361,DOWN,0
2022-10-26,62.64,63.55,62.068,62.674,61.6889,DOWN,0
2022-10-27,62.57,63.25,62.666,62.5646,61.6346,UP,1
2022-10-28,64.21,62.93,63.218,62.4822,61.5869,DOWN,0
2022-10-31,63.9,64.0,63.446,62.409,61.5388,UP,1
2022-11-01,63.94,64.74,63.452,62.3744,61.496,DOWN,0
2022-11-02,62.25,63.59,63.374,62.3036,61.4434,UP,1
2022-11-03,62.43,61.57,63.346,62.2334,61.3944,UP,1
2022-11-04,64.59,63.49,63.422,62.1856,61.3608,DOWN,0
2022-11-07,64.54,64.9,63.55,62.1816,61.3247,UP,1
2022-11-08,64.6,64.77,63.682,62.1894,61.2879,DOWN,0
2022-11-09,64.34,64.28,64.1,62.2038,61.2602,UP,1
2022-11-10,67.9,66.65,65.194,62.2952,61.2515,UP,1
2022-11-11,68.47,68.33,65.97,62.3992,61.2506,DOWN,0
2022-11-14,66.91,68.12,66.444,62.486,61.2366,DOWN,0
2022-11-15,66.74,67.84,66.872,62.5594,61.2176,UP,1
2022-11-16,67.05,66.67,67.414,62.6036,61.1997,DOWN,0
2022-11-17,66.4,66.15,67.114,62.6262,61.1736,UP,1
2022-11-18,66.61,67.15,66.742,62.638,61.1764,UP,1
2022-11-21,67.21,66.56,66.802,62.6438,61.1905,UP,1
2022-11-22,67.76,67.67,67.006,62.7154,61.2099,UP,1
2022-11-23,67.89,67.92,67.174,62.7916,61.2215,UP,1
2022-11-25,68.07,68.12,67.508,62.8674,61.2294,DOWN,0
2022-11-28,65.65,67.45,67.316,62.926,61.2289,DOWN,0
2022-11-29,65.6,65.56,66.994,62.9598,61.2306,UP,1
2022-11-30,67.55,65.65,66.952,63.0454,61.2431,X,X
