ticker,LCID US Equity,LCID US Equity,LCID US Equity,LCID US Equity,LCID US Equity,Predictions,OneHotPred
field,PX_LAST,PX_OPEN,MOV_AVG_5D,MOV_AVG_50D,MOV_AVG_200D,,
date,,,,,,,
2020-09-18,9.89,10.25,,,,DOWN,0
2020-09-21,9.86,9.9,,,,UP,1
2020-09-22,9.88,9.96,,,,DOWN,0
2020-09-23,9.85,9.9,,,,DOWN,0
2020-09-24,9.77,9.85,9.85,,,UP,1
2020-09-25,9.81,9.77,9.834,,,UP,1
2020-09-28,9.83,9.9,9.828,,,DOWN,0
2020-09-29,9.78,9.88,9.808,,,DOWN,0
2020-09-30,9.78,9.85,9.794,,,DOWN,0
2020-10-01,9.7599,9.85,9.792,,,DOWN,0
2020-10-02,9.74,9.73,9.778,,,DOWN,0
2020-10-05,9.71,9.8,9.754,,,DOWN,0
2020-10-06,9.68,9.74,9.734,,,UP,1
2020-10-07,9.71,9.72,9.72,,,UP,1
2020-10-08,9.7166,9.7,9.7113,,,UP,1
2020-10-09,9.75,9.76,9.7133,,,DOWN,0
2020-10-12,9.73,9.82,9.7173,,,DOWN,0
2020-10-13,9.7,9.85,9.7213,,,DOWN,0
2020-10-14,9.68,9.75,9.7153,,,DOWN,0
2020-10-15,9.68,9.67,9.708,,,DOWN,0
2020-10-16,9.68,9.69,9.694,,,DOWN,0
2020-10-19,9.68,9.71,9.684,,,DOWN,0
2020-10-20,9.67,9.71,9.678,,,DOWN,0
2020-10-21,9.66,9.73,9.674,,,DOWN,0
2020-10-22,9.65,9.66,9.668,,,DOWN,0
2020-10-23,9.63,9.65,9.658,,,UP,1
2020-10-26,9.65,9.65,9.652,,,DOWN,0
2020-10-27,9.65,9.65,9.648,,,DOWN,0
2020-10-28,9.65,9.74,9.646,,,DOWN,0
2020-10-29,9.65,9.66,9.646,,,DOWN,0
2020-10-30,9.63,9.65,9.646,,,DOWN,0
2020-11-02,9.63,9.63,9.642,,,UP,1
2020-11-03,9.69,9.63,9.65,,,DOWN,0
2020-11-04,9.69,9.7,9.658,,,UP,1
2020-11-05,9.77,9.76,9.682,,,DOWN,0
2020-11-06,9.72,9.79,9.7,,,DOWN,0
2020-11-09,9.67,9.7,9.708,,,UP,1
2020-11-10,9.7,9.66,9.71,,,DOWN,0
2020-11-11,9.68,9.69,9.708,,,UP,1
2020-11-12,9.7,9.67,9.694,,,DOWN,0
2020-11-13,9.69,9.74,9.688,,,UP,1
2020-11-16,9.7,9.7,9.694,,,UP,1
2020-11-17,9.71,9.72,9.696,,,UP,1
2020-11-18,9.74,9.74,9.708,,,DOWN,0
2020-11-19,9.72,9.75,9.712,,,DOWN,0
2020-11-20,9.71,9.71,9.716,,,UP,1
2020-11-23,9.75,9.79,9.726,,,UP,1
2020-11-24,9.76,9.78,9.736,,,DOWN,0
2020-11-25,9.76,9.76,9.74,,,UP,1
2020-11-27,9.83,9.8,9.762,9.7225,,UP,1
2020-11-30,9.88,9.88,9.796,9.7223,,DOWN,0
2020-12-01,9.88,9.87,9.822,9.7227,,DOWN,0
2020-12-02,9.87,9.88,9.844,9.7225,,DOWN,0
2020-12-03,9.87,9.88,9.866,9.7229,,UP,1
2020-12-04,9.88,9.88,9.876,9.7251,,UP,1
2020-12-07,9.94,9.88,9.888,9.7277,,DOWN,0
2020-12-08,9.86,9.94,9.884,9.7283,,UP,1
2020-12-09,9.92,9.89,9.894,9.7311,,DOWN,0
2020-12-10,9.91,9.93,9.902,9.7337,,UP,1
2020-12-11,9.94,9.96,9.914,9.7373,,UP,1
2020-12-14,9.98,9.96,9.922,9.7421,,DOWN,0
2020-12-15,9.97,9.97,9.944,9.7473,,DOWN,0
2020-12-16,9.945,9.95,9.949,9.7526,,UP,1
2020-12-17,9.97,9.98,9.961,9.7578,,DOWN,0
2020-12-18,9.96,9.98,9.965,9.7627,,UP,1
2020-12-21,9.97,9.98,9.963,9.7671,,UP,1
2020-12-22,10.0,10.03,9.969,9.7725,,UP,1
2020-12-23,10.03,10.03,9.986,9.7791,,UP,1
2020-12-24,10.04,10.08,10.0,9.7863,,UP,1
2020-12-28,10.08,10.11,10.024,9.7943,,DOWN,0
2020-12-29,10.06,10.1,10.042,9.8019,,UP,1
2020-12-30,10.07,10.04,10.056,9.8097,,DOWN,0
2020-12-31,10.01,10.07,10.052,9.8165,,UP,1
2021-01-04,10.04,10.03,10.052,9.8241,,DOWN,0
2021-01-05,10.02,10.04,10.04,9.8315,,DOWN,0
2021-01-06,10.01,10.0,10.03,9.8391,,UP,1
2021-01-07,10.03,10.0,10.022,9.8467,,DOWN,0
2021-01-08,10.03,10.05,10.026,9.8543,,UP,1
2021-01-11,13.2,10.05,10.658,9.9253,,UP,1
2021-01-12,14.15,14.99,11.484,10.0153,,UP,1
2021-01-13,16.72,15.1,12.826,10.1571,,UP,1
2021-01-14,17.36,18.71,14.292,10.3117,,UP,1
2021-01-15,18.36,17.81,15.958,10.4851,,DOWN,0
2021-01-19,17.9,18.05,16.898,10.6493,,UP,1
2021-01-20,18.06,18.35,17.68,10.8151,,DOWN,0
2021-01-21,17.81,18.09,17.898,10.9769,,UP,1
2021-01-22,22.35,18.49,18.896,11.2305,,UP,1
2021-01-25,24.95,26.77,20.214,11.5355,,DOWN,0
2021-01-26,24.44,24.37,21.522,11.8307,,DOWN,0
2021-01-27,21.15,21.29,22.14,12.0597,,UP,1
2021-01-28,22.33,21.34,23.044,12.3125,,UP,1
2021-01-29,22.88,21.7,23.15,12.5761,,UP,1
2021-02-01,25.2,23.64,23.2,12.8859,,UP,1
2021-02-02,32.14,27.98,24.74,13.3339,,DOWN,0
2021-02-03,29.49,32.35,26.408,13.7293,,UP,1
2021-02-04,30.22,29.0,27.986,14.1395,,UP,1
2021-02-05,34.65,30.9,30.34,14.6375,,DOWN,0
2021-02-08,32.88,34.17,31.876,15.0999,,UP,1
2021-02-09,33.31,31.7,32.11,15.5709,,DOWN,0
2021-02-10,32.87,32.0,32.786,16.0317,,DOWN,0
2021-02-11,31.5,32.25,33.042,16.4641,,UP,1
2021-02-12,39.98,35.04,34.108,17.0661,,UP,1
2021-02-16,52.7,38.27,38.072,17.9227,,UP,1
2021-02-17,56.23,54.67,42.656,18.8499,,UP,1
2021-02-18,58.05,55.81,47.692,19.8133,,DOWN,0
2021-02-19,52.94,60.09,51.98,20.6733,,UP,1
2021-02-22,57.37,62.87,55.458,21.6235,,DOWN,0
2021-02-23,35.21,35.02,51.96,22.1293,,DOWN,0
2021-02-24,28.7,35.64,46.454,22.5051,,DOWN,0
2021-02-25,27.82,29.71,40.408,22.8627,,UP,1
2021-02-26,30.75,31.25,35.97,23.2781,,DOWN,0
2021-03-01,30.63,32.49,30.622,23.6913,,DOWN,0
2021-03-02,27.77,30.0,29.134,24.0478,,DOWN,0
2021-03-03,24.2,27.65,28.234,24.3324,,UP,1
2021-03-04,24.34,23.89,27.538,24.62,,UP,1
2021-03-05,24.4,24.52,26.268,24.9086,,DOWN,0
2021-03-08,22.09,24.34,24.56,25.1504,,UP,1
2021-03-09,24.46,23.26,23.898,25.439,,UP,1
2021-03-10,24.7,25.105,23.998,25.7322,,UP,1
2021-03-11,26.84,25.79,24.498,26.0674,,DOWN,0
2021-03-12,26.77,25.5,24.972,26.4016,,UP,1
2021-03-15,28.69,27.46,26.292,26.774,,UP,1
2021-03-16,31.1,31.06,27.62,27.1958,,DOWN,0
2021-03-17,29.5,29.69,28.58,27.585,,DOWN,0
2021-03-18,26.9,28.8,28.592,27.9226,,DOWN,0
2021-03-19,26.88,26.62,28.614,28.26,,DOWN,0
2021-03-22,26.15,27.48,28.106,28.5824,,DOWN,0
2021-03-23,24.05,26.15,26.696,28.8628,,DOWN,0
2021-03-24,22.56,24.45,25.308,29.05,,UP,1
2021-03-25,24.03,21.71,24.734,29.2476,,DOWN,0
2021-03-26,23.02,23.06,23.962,29.3736,,DOWN,0
2021-03-29,21.35,22.88,23.002,29.4534,,UP,1
2021-03-30,23.51,21.18,22.894,29.5564,,DOWN,0
2021-03-31,23.18,24.06,23.018,29.662,,UP,1
2021-04-01,23.78,24.25,22.968,29.7764,,DOWN,0
2021-04-05,23.0,24.55,22.964,29.8802,,UP,1
2021-04-06,24.46,23.05,23.586,29.9224,,DOWN,0
2021-04-07,22.82,24.11,23.448,29.8798,,UP,1
2021-04-08,23.16,23.06,23.444,29.8542,,DOWN,0
2021-04-09,22.97,22.98,23.282,29.8906,,DOWN,0
2021-04-12,22.03,22.93,23.088,29.8846,,UP,1
2021-04-13,22.09,21.96,22.614,29.8688,,DOWN,0
2021-04-14,21.73,22.02,22.396,29.7994,,DOWN,0
2021-04-15,20.12,21.83,21.788,29.559,,DOWN,0
2021-04-16,19.52,20.07,21.098,29.3596,,UP,1
2021-04-19,19.54,19.87,20.6,29.146,,DOWN,0
2021-04-20,18.45,19.52,19.872,28.822,,UP,1
2021-04-21,19.89,18.3,19.504,28.5622,,DOWN,0
2021-04-22,19.66,20.2,19.412,28.2892,,UP,1
2021-04-23,20.55,19.7,19.618,28.0428,,UP,1
2021-04-26,23.87,20.67,20.484,27.8902,,DOWN,0
2021-04-27,22.74,24.07,21.342,27.5454,,UP,1
2021-04-28,23.04,22.55,21.972,26.9522,,DOWN,0
2021-04-29,22.07,23.29,22.454,26.269,,DOWN,0
2021-04-30,21.09,21.35,22.562,25.5298,,DOWN,0
2021-05-03,19.91,21.19,21.77,24.8692,,DOWN,0
2021-05-04,19.17,19.59,21.056,24.1052,,UP,1
2021-05-05,19.18,19.68,20.284,23.7846,,DOWN,0
2021-05-06,18.96,19.18,19.662,23.5898,,UP,1
2021-05-07,19.28,19.05,19.3,23.419,,DOWN,0
2021-05-10,18.64,19.54,19.046,23.1768,,DOWN,0
2021-05-11,18.6,17.69,18.932,22.9362,,DOWN,0
2021-05-12,17.8,18.25,18.656,22.7368,,DOWN,0
2021-05-13,17.25,17.9,18.314,22.5978,,UP,1
2021-05-14,17.94,17.76,18.046,22.4698,,UP,1
2021-05-17,18.31,18.23,17.98,22.348,,UP,1
2021-05-18,19.38,18.69,18.136,22.2938,,DOWN,0
2021-05-19,18.97,18.91,18.37,22.184,,UP,1
2021-05-20,19.79,19.17,18.878,22.0858,,UP,1
2021-05-21,19.81,20.17,19.252,21.9452,,DOWN,0
2021-05-24,19.4,20.15,19.47,21.7978,,UP,1
2021-05-25,20.28,19.6,19.65,21.6296,,DOWN,0
2021-05-26,19.99,20.25,19.854,21.4074,,DOWN,0
2021-05-27,19.88,20.18,19.872,21.215,,DOWN,0
2021-05-28,19.72,19.55,19.854,21.0714,,UP,1
2021-06-01,21.56,20.0,20.286,20.965,,UP,1
2021-06-02,23.56,22.05,20.942,20.9132,,DOWN,0
2021-06-03,22.96,23.25,21.536,20.8914,,UP,1
2021-06-04,23.95,24.07,22.35,20.9192,,UP,1
2021-06-07,26.5,24.8,23.706,20.9686,,UP,1
2021-06-08,26.64,27.3,24.722,21.041,,DOWN,0
2021-06-09,26.49,26.88,25.308,21.1438,,DOWN,0
2021-06-10,25.38,26.47,25.792,21.1812,,DOWN,0
2021-06-11,25.14,25.6,26.03,21.2204,,DOWN,0
2021-06-14,24.12,25.16,25.554,21.2272,,DOWN,0
2021-06-15,22.61,23.99,24.748,21.2194,,UP,1
2021-06-16,24.04,22.19,24.258,21.211,,DOWN,0
2021-06-17,23.55,23.44,23.892,21.2256,,DOWN,0
2021-06-18,23.4,23.25,23.544,21.2304,,DOWN,0
2021-06-21,22.96,23.7,23.312,21.2302,,UP,1
2021-06-22,23.42,23.02,23.474,21.258,,UP,1
2021-06-23,25.06,23.79,23.678,21.3174,,DOWN,0
2021-06-24,24.85,25.59,23.938,21.3798,,UP,1
2021-06-25,25.18,25.7,24.294,21.481,,UP,1
2021-06-28,27.0,26.23,25.102,21.6306,,DOWN,0
2021-06-29,26.32,27.34,25.682,21.7662,,UP,1
2021-06-30,28.82,26.2,26.434,21.9736,,DOWN,0
2021-07-01,27.72,28.99,27.008,22.1302,,DOWN,0
2021-07-02,27.02,28.12,27.376,22.2774,,DOWN,0
2021-07-06,26.38,27.5,27.252,22.394,19.0478,DOWN,0
2021-07-07,25.52,26.52,27.092,22.427,19.1259,DOWN,0
2021-07-08,24.96,23.99,26.32,22.4714,19.2014,UP,1
2021-07-09,25.55,25.34,25.886,22.5216,19.2798,UP,1
2021-07-12,26.85,25.91,25.852,22.6172,19.3648,DOWN,0
2021-07-13,25.91,26.53,25.758,22.7136,19.4455,DOWN,0
2021-07-14,23.79,25.4,25.412,22.7912,19.5154,DOWN,0
2021-07-15,22.96,24.0,25.012,22.867,19.581,DOWN,0
2021-07-16,22.79,23.4,24.46,22.9392,19.6461,DOWN,0
2021-07-19,22.2,21.99,23.53,23.004,19.7082,UP,1
2021-07-20,24.28,22.81,23.204,23.104,19.7808,DOWN,0
2021-07-21,23.43,24.48,23.132,23.1998,19.8492,DOWN,0
2021-07-22,22.9,23.33,23.12,23.2858,19.9152,UP,1
2021-07-23,24.25,24.02,23.412,23.4148,19.988,UP,1
2021-07-26,26.83,25.24,24.338,23.6064,20.0736,DOWN,0
2021-07-27,25.18,27.49,24.518,23.7512,20.1509,DOWN,0
2021-07-28,24.08,25.7136,24.648,23.8666,20.2226,DOWN,0
2021-07-29,23.35,24.54,24.738,23.946,20.2907,UP,1
2021-07-30,23.72,22.9482,24.632,24.041,20.3608,UP,1
2021-08-02,23.77,24.1934,24.02,24.1206,20.4312,DOWN,0
2021-08-03,23.58,23.93,23.7,24.196,20.5007,DOWN,0
2021-08-04,22.63,23.48,23.41,24.2606,20.5655,UP,1
2021-08-05,22.75,22.92,23.29,24.31,20.6308,UP,1
2021-08-06,23.38,22.935,23.222,24.3778,20.6994,UP,1
2021-08-09,23.5,23.4,23.168,24.4502,20.7686,UP,1
2021-08-10,24.46,23.88,23.344,24.545,20.8426,UP,1
2021-08-11,24.47,24.97,23.712,24.6032,20.9168,DOWN,0
2021-08-12,23.85,24.31,23.932,24.609,20.9878,DOWN,0
2021-08-13,23.48,23.71,23.952,24.6194,21.057,DOWN,0
2021-08-16,22.83,23.045,23.818,24.597,21.1229,DOWN,0
2021-08-17,22.56,22.24,23.438,24.5182,21.1874,DOWN,0
2021-08-18,22.55,22.93,23.054,24.4364,21.252,DOWN,0
2021-08-19,21.71,22.18,22.626,24.3408,21.3124,DOWN,0
2021-08-20,21.67,21.7508,22.264,24.2666,21.3723,DOWN,0
2021-08-23,21.65,22.01,22.028,24.1968,21.4321,UP,1
2021-08-24,22.83,21.94,22.082,24.171,21.4974,DOWN,0
2021-08-25,21.81,22.25,21.934,24.155,21.5579,DOWN,0
2021-08-26,21.48,21.84,21.888,24.1038,21.6169,DOWN,0
2021-08-27,21.03,21.45,21.76,24.0534,21.6736,DOWN,0
2021-08-30,20.63,20.85,21.556,23.998,21.7283,DOWN,0
2021-08-31,19.96,20.28,20.982,23.938,21.7796,DOWN,0
2021-09-01,17.79,16.12,20.178,23.8254,21.8201,UP,1
2021-09-02,18.66,18.44,19.614,23.6974,21.8649,UP,1
2021-09-03,19.56,18.835,19.32,23.5916,21.9142,UP,1
2021-09-07,19.89,19.8,19.172,23.4858,21.9649,DOWN,0
2021-09-08,18.93,19.93,18.966,23.3244,22.011,UP,1
2021-09-09,19.85,19.22,19.378,23.195,22.0617,UP,1
2021-09-10,19.93,20.1831,19.632,23.0172,22.1126,UP,1
2021-09-13,20.06,20.265,19.732,22.864,22.1641,DOWN,0
2021-09-14,18.95,19.19,19.544,22.7026,22.21,UP,1
2021-09-15,19.91,19.37,19.74,22.5732,22.2604,UP,1
2021-09-16,21.17,20.845,20.004,22.4862,22.3169,UP,1
2021-09-17,22.96,22.42,20.61,22.4462,22.3823,UP,1
2021-09-20,24.07,22.025,21.412,22.4166,22.4533,UP,1
2021-09-21,26.81,24.78,22.984,22.4158,22.538,DOWN,0
2021-09-22,24.95,27.735,23.992,22.3966,22.6133,UP,1
2021-09-23,25.42,25.57,24.842,22.4292,22.6907,UP,1
2021-09-24,25.43,25.26,25.336,22.4786,22.7686,UP,1
2021-09-27,25.89,25.86,25.7,22.5406,22.8484,DOWN,0
2021-09-28,24.54,25.97,25.246,22.5874,22.9216,UP,1
2021-09-29,26.28,26.45,25.512,22.6274,23.0033,DOWN,0
2021-09-30,25.38,27.1217,25.504,22.6664,23.0803,DOWN,0
2021-10-01,24.61,25.51,25.34,22.7006,23.1535,DOWN,0
2021-10-04,24.14,24.76,24.99,22.6984,23.2245,DOWN,0
2021-10-05,24.02,24.18,24.886,22.6422,23.2947,UP,1
2021-10-06,24.29,23.55,24.488,22.6244,23.3664,UP,1
2021-10-07,24.38,24.55,24.288,22.6304,23.4384,DOWN,0
2021-10-08,23.23,24.32,24.012,22.628,23.5046,DOWN,0
2021-10-11,22.87,23.63,23.758,22.611,23.5688,UP,1
2021-10-12,23.06,23.14,23.566,22.5968,23.6339,DOWN,0
2021-10-13,22.59,22.85,23.226,22.577,23.6964,UP,1
2021-10-14,24.01,22.51,23.152,22.6046,23.7662,UP,1
2021-10-15,24.08,23.84,23.322,22.6312,23.8362,UP,1
2021-10-18,25.34,23.99,23.816,22.6704,23.9129,DOWN,0
2021-10-19,24.73,25.41,24.15,22.695,23.9863,DOWN,0
2021-10-20,24.24,24.76,24.48,22.6906,24.0574,UP,1
2021-10-21,24.46,24.3,24.57,22.6904,24.1297,DOWN,0
2021-10-22,24.11,24.03,24.576,22.6956,24.2001,UP,1
2021-10-25,26.85,24.88,24.878,22.763,24.2842,DOWN,0
2021-10-26,26.38,26.85,25.208,22.834,24.3501,UP,1
2021-10-27,27.02,27.69,25.764,22.9232,24.4144,UP,1
2021-10-28,35.48,28.54,27.968,23.1818,24.5082,UP,1
2021-10-29,36.99,38.25,30.544,23.4874,24.6064,DOWN,0
2021-11-01,36.53,39.995,32.48,23.7846,24.6972,DOWN,0
2021-11-02,35.13,34.565,34.23,24.0542,24.7834,UP,1
2021-11-03,36.545,34.23,36.135,24.3285,24.8758,UP,1
2021-11-04,37.12,37.38,36.463,24.6347,24.9723,UP,1
2021-11-05,41.8,37.5,37.425,25.0411,25.0696,UP,1
2021-11-08,45.92,43.54,39.303,25.5389,25.1744,DOWN,0
2021-11-09,44.78,47.48,41.233,26.0219,25.2761,DOWN,0
2021-11-10,40.75,42.3,42.074,26.4377,25.3741,UP,1
2021-11-11,44.98,42.75,43.646,26.9815,25.4874,DOWN,0
2021-11-12,43.93,44.0,44.072,27.4869,25.5926,UP,1
2021-11-15,44.88,44.6,43.864,27.9933,25.691,UP,1
2021-11-16,55.52,49.93,46.012,28.7059,25.8079,DOWN,0
2021-11-17,52.55,56.2,48.372,29.3783,25.9232,DOWN,0
2021-11-18,47.05,49.03,48.786,29.9223,26.0074,UP,1
2021-11-19,55.21,47.16,51.042,30.6279,26.1102,DOWN,0
2021-11-22,51.12,53.035,52.29,31.2491,26.2014,UP,1
2021-11-23,52.44,51.675,51.674,31.9189,26.297,UP,1
2021-11-24,52.57,51.74,51.678,32.5721,26.3955,DOWN,0
2021-11-26,51.72,49.45,52.612,33.1831,26.4966,UP,1
2021-11-29,55.06,52.03,52.582,33.8251,26.572,DOWN,0
2021-11-30,52.98,54.43,52.954,34.4033,26.5734,DOWN,0
2021-12-01,51.14,54.08,52.694,34.8899,26.548,DOWN,0
2021-12-02,48.41,50.85,51.862,35.3591,26.4998,DOWN,0
2021-12-03,47.27,48.55,50.972,35.7961,26.4714,DOWN,0
2021-12-06,44.86,40.025,48.932,36.1847,26.4089,DOWN,0
2021-12-07,43.88,46.505,47.112,36.5445,26.4522,UP,1
2021-12-08,44.72,42.6,45.828,36.9481,26.5323,DOWN,0
2021-12-09,36.52,41.37,43.45,37.1529,26.5758,UP,1
2021-12-10,37.66,38.0,41.528,37.3985,26.6104,UP,1
2021-12-13,39.15,39.99,40.386,37.6893,26.653,UP,1
2021-12-14,40.87,37.96,39.784,38.0239,26.7185,DOWN,0
2021-12-15,40.81,39.37,39.002,38.3597,26.8015,DOWN,0
2021-12-16,40.05,41.09,39.708,38.6749,26.8801,DOWN,0
2021-12-17,40.01,38.45,40.178,38.9875,26.9581,DOWN,0
2021-12-20,37.99,38.03,39.946,39.2827,27.0376,UP,1
2021-12-21,38.02,38.25,39.376,39.5857,27.1054,UP,1
2021-12-22,38.7,37.91,38.954,39.8985,27.1754,DOWN,0
2021-12-23,37.64,38.52,38.472,40.1995,27.2294,UP,1
2021-12-27,38.64,37.17,38.198,40.4921,27.2888,DOWN,0
2021-12-28,36.98,37.78,37.996,40.7501,27.3302,DOWN,0
2021-12-29,36.97,36.725,37.786,40.9827,27.3596,UP,1
2021-12-30,38.75,36.68,37.796,41.2631,27.4058,DOWN,0
2021-12-31,38.05,38.24,37.878,41.5393,27.4616,UP,1
2022-01-03,40.93,38.55,38.336,41.8687,27.5318,DOWN,0
2022-01-04,39.41,40.75,38.822,42.1747,27.5981,DOWN,0
2022-01-05,36.68,38.68,38.764,42.3713,27.6613,UP,1
2022-01-06,38.22,36.45,38.658,42.6081,27.7396,UP,1
2022-01-07,41.98,37.505,39.444,42.9073,27.8293,DOWN,0
2022-01-10,41.72,40.63,39.602,43.0321,27.9228,UP,1
2022-01-11,45.47,41.81,40.814,43.2017,28.0434,DOWN,0
2022-01-12,45.43,45.74,42.564,43.3797,28.153,DOWN,0
2022-01-13,41.41,45.73,43.202,43.5053,28.2442,UP,1
2022-01-14,42.22,40.975,43.25,43.6188,28.3364,DOWN,0
2022-01-18,39.21,40.68,42.748,43.6606,28.4174,UP,1
2022-01-19,40.03,39.48,41.66,43.6252,28.4953,DOWN,0
2022-01-20,38.72,41.51,40.318,43.4812,28.5748,DOWN,0
2022-01-21,37.75,39.03,39.586,43.3406,28.6477,DOWN,0
2022-01-24,37.75,36.14,38.692,43.2806,28.7216,DOWN,0
2022-01-25,35.46,36.63,37.942,43.0902,28.7888,DOWN,0
2022-01-26,33.41,36.29,36.618,42.8798,28.8454,DOWN,0
2022-01-27,28.7,33.85,34.614,42.5562,28.8802,DOWN,0
2022-01-28,27.15,28.0579,32.494,41.9888,28.9154,UP,1
2022-01-31,29.39,28.115,30.822,41.5256,28.9647,UP,1
2022-02-01,29.96,30.525,29.722,41.1838,29.0168,DOWN,0
2022-02-02,27.68,29.225,28.576,40.6332,29.063,DOWN,0
2022-02-03,26.95,26.5,28.226,40.1498,29.0983,UP,1
2022-02-04,27.55,26.98,28.306,39.652,29.1377,DOWN,0
2022-02-07,26.97,27.61,27.822,39.14,29.1698,UP,1
2022-02-08,27.43,26.8,27.316,38.6542,29.1876,UP,1
2022-02-09,28.83,27.77,27.546,38.1296,29.2181,DOWN,0
2022-02-10,27.91,27.65,27.738,37.6282,29.2424,DOWN,0
2022-02-11,25.84,27.525,27.396,37.1222,29.2613,UP,1
2022-02-14,27.44,25.812,27.49,36.7028,29.293,UP,1
2022-02-15,28.87,28.11,27.778,36.3348,29.3378,UP,1
2022-02-16,29.0,28.335,27.812,36.0176,29.387,DOWN,0
2022-02-17,28.11,28.44,27.852,35.7022,29.4316,DOWN,0
2022-02-18,26.59,27.825,28.002,35.3396,29.4698,DOWN,0
2022-02-22,25.51,25.765,27.616,35.1194,29.5009,DOWN,0
2022-02-23,23.97,25.765,26.636,34.8456,29.5276,UP,1
2022-02-24,25.28,22.012,25.892,34.5682,29.561,UP,1
2022-02-25,26.35,25.44,25.54,34.2778,29.6037,UP,1
2022-02-28,28.98,26.74,26.018,34.0412,29.6624,DOWN,0
2022-03-01,24.99,24.485,25.914,33.74,29.6976,DOWN,0
2022-03-02,24.58,24.72,26.036,33.4314,29.729,DOWN,0
2022-03-03,22.63,24.49,25.506,33.1242,29.7452,DOWN,0
2022-03-04,22.63,22.619,24.762,32.8164,29.7635,UP,1
2022-03-07,23.17,22.94,23.6,32.5058,29.7804,UP,1
2022-03-08,24.24,22.855,23.45,32.2378,29.8026,UP,1
2022-03-09,25.26,25.13,23.586,31.9702,29.8319,DOWN,0
2022-03-10,24.21,24.91,23.902,31.7148,29.8515,DOWN,0
2022-03-11,22.92,24.05,23.96,31.4338,29.8662,DOWN,0
2022-03-14,21.55,22.63,23.636,31.0898,29.8745,UP,1
2022-03-15,21.98,21.5,23.184,30.7684,29.8858,UP,1
2022-03-16,23.62,22.13,22.856,30.4222,29.8961,UP,1
2022-03-17,24.65,23.32,22.944,30.127,29.9016,UP,1
2022-03-18,25.67,24.94,23.494,29.9068,29.9151,DOWN,0
2022-03-21,25.39,25.85,24.262,29.6502,29.9223,UP,1
2022-03-22,26.65,25.45,25.196,29.3436,29.9231,DOWN,0
2022-03-23,25.9,26.5,25.652,29.0272,29.9194,UP,1
2022-03-24,26.25,26.01,25.972,28.6428,29.9182,DOWN,0
2022-03-25,25.16,25.94,25.87,28.2374,29.9171,UP,1
2022-03-28,25.38,25.34,25.868,27.9168,29.9183,UP,1
2022-03-29,27.36,25.56,26.01,27.6196,29.9345,DOWN,0
2022-03-30,26.5,27.18,26.13,27.3654,29.9539,DOWN,0
2022-03-31,25.4,26.54,25.96,27.0728,29.9607,DOWN,0
2022-04-01,24.55,25.39,25.838,26.7894,29.9657,UP,1
2022-04-04,25.21,24.66,25.804,26.5386,29.9748,DOWN,0
2022-04-05,23.73,25.21,25.078,26.2582,29.9786,DOWN,0
2022-04-06,22.99,23.6,24.376,26.0088,29.9765,DOWN,0
2022-04-07,22.32,23.1,23.76,25.787,29.9628,DOWN,0
2022-04-08,21.67,22.06,23.184,25.6464,29.9469,UP,1
2022-04-11,21.7,21.625,22.482,25.5374,29.9295,DOWN,0
2022-04-12,21.29,22.38,21.994,25.3754,29.9009,UP,1
2022-04-13,22.05,21.33,21.806,25.2172,29.8796,DOWN,0
2022-04-14,21.01,21.88,21.544,25.0838,29.8405,DOWN,0
2022-04-18,20.32,20.98,21.274,24.9512,29.8035,UP,1
2022-04-19,21.41,20.22,21.216,24.8284,29.7755,DOWN,0
2022-04-20,20.87,21.205,21.132,24.7064,29.7479,DOWN,0
2022-04-21,19.55,21.32,20.632,24.5488,29.7181,DOWN,0
2022-04-22,19.11,19.64,20.252,24.3544,29.6888,UP,1
2022-04-25,19.33,18.965,20.054,24.1828,29.6577,DOWN,0
2022-04-26,17.64,19.255,19.3,24.0188,29.6117,UP,1
2022-04-27,18.07,18.68,18.74,23.8314,29.5725,UP,1
2022-04-28,18.89,18.44,18.608,23.6318,29.548,DOWN,0
2022-04-29,18.08,18.88,18.402,23.4134,29.5236,UP,1
2022-05-02,19.06,18.08,18.348,23.2324,29.5049,UP,1
2022-05-03,19.6,18.96,18.74,23.0926,29.4919,UP,1
2022-05-04,20.26,19.325,19.178,22.9876,29.4718,DOWN,0
2022-05-05,18.85,19.91,19.17,22.8852,29.4489,DOWN,0
2022-05-06,18.15,18.56,19.184,22.7426,29.4252,DOWN,0
2022-05-09,16.35,17.335,18.642,22.5426,29.3857,DOWN,0
2022-05-10,15.95,17.27,17.912,22.282,29.3313,DOWN,0
2022-05-11,13.86,15.87,16.632,22.0594,29.2747,UP,1
2022-05-12,15.69,13.57,16.0,21.8816,29.2327,UP,1
2022-05-13,18.01,16.25,15.972,21.7892,29.206,DOWN,0
2022-05-16,17.36,18.03,16.174,21.6838,29.1742,UP,1
2022-05-17,17.85,17.51,16.554,21.5774,29.1446,DOWN,0
2022-05-18,17.36,17.58,17.254,21.4398,29.1135,UP,1
2022-05-19,19.27,17.748,17.97,21.32,29.0967,DOWN,0
2022-05-20,18.39,19.74,18.046,21.2036,29.0749,UP,1
2022-05-23,18.4,18.31,18.254,21.1132,29.05,DOWN,0
2022-05-24,17.1,17.97,18.104,21.0242,29.018,UP,1
2022-05-25,17.45,17.045,18.122,20.9336,28.983,UP,1
2022-05-26,18.89,17.26,18.046,20.839,28.9551,UP,1
2022-05-27,19.83,19.23,18.334,20.7426,28.935,UP,1
2022-05-31,20.18,20.07,18.69,20.6328,28.9185,DOWN,0
2022-06-01,19.5,20.3,19.17,20.515,28.9018,UP,1
2022-06-02,19.96,19.31,19.672,20.3812,28.8888,DOWN,0
2022-06-03,18.67,19.24,19.628,20.2366,28.8694,UP,1
2022-06-06,19.15,19.04,19.492,20.0946,28.8566,DOWN,0
2022-06-07,18.96,18.92,19.248,19.9706,28.8431,UP,1
2022-06-08,19.59,19.01,19.266,19.8548,28.8328,DOWN,0
2022-06-09,18.88,19.344,19.05,19.6852,28.813,DOWN,0
2022-06-10,18.02,18.52,18.92,19.5156,28.7941,DOWN,0
2022-06-13,16.31,17.01,18.352,19.3338,28.7682,UP,1
2022-06-14,16.6,16.5,17.88,19.1748,28.7461,UP,1
2022-06-15,17.52,16.3,17.466,19.021,28.7305,DOWN,0
2022-06-16,15.55,16.85,16.8,18.8574,28.7085,UP,1
2022-06-17,16.63,15.99,16.522,18.7302,28.7027,UP,1
2022-06-21,17.9,17.16,16.84,18.6418,28.6989,UP,1
2022-06-22,18.03,17.66,17.126,18.569,28.6912,UP,1
2022-06-23,19.3,18.11,17.482,18.521,28.6883,DOWN,0
2022-06-24,19.21,19.59,18.214,18.4794,28.6897,DOWN,0
2022-06-27,18.39,19.01,18.566,18.4062,28.6824,DOWN,0
2022-06-28,17.94,18.25,18.574,18.3448,28.6724,DOWN,0
2022-06-29,17.3,17.69,18.428,18.2844,28.6586,DOWN,0
2022-06-30,17.16,17.24,18.0,18.1994,28.6497,DOWN,0
2022-07-01,17.0,17.055,17.558,18.122,28.6351,UP,1
2022-07-05,17.23,16.78,17.326,18.0756,28.6154,UP,1
2022-07-06,18.22,17.35,17.382,18.0578,28.5917,UP,1
2022-07-07,19.81,18.29,17.884,18.0674,28.5704,UP,1
2022-07-08,19.99,19.44,18.45,18.1144,28.5363,DOWN,0
2022-07-11,18.53,19.92,18.756,18.1236,28.5042,UP,1
2022-07-12,19.33,18.74,19.176,18.1324,28.4738,UP,1
2022-07-13,19.51,18.65,19.434,18.161,28.4442,UP,1
2022-07-14,20.11,19.44,19.494,18.182,28.4153,DOWN,0
2022-07-15,19.68,20.12,19.432,18.1836,28.391,UP,1
2022-07-18,19.96,20.07,19.718,18.1776,28.3594,UP,1
2022-07-19,20.38,20.49,19.928,18.2082,28.3344,UP,1
2022-07-20,21.27,20.36,20.28,18.2706,28.3177,UP,1
2022-07-21,21.48,21.14,20.554,18.3732,28.3044,DOWN,0
2022-07-22,19.68,21.45,20.554,18.4478,28.2827,DOWN,0
2022-07-25,18.74,19.78,20.31,18.5454,28.2549,DOWN,0
2022-07-26,18.09,18.48,19.852,18.5934,28.2235,UP,1
2022-07-27,18.43,18.44,19.284,18.6018,28.1995,DOWN,0
2022-07-28,18.24,18.74,18.636,18.6194,28.1763,UP,1
2022-07-29,18.25,18.0,18.35,18.6274,28.1523,UP,1
2022-08-01,18.53,18.21,18.308,18.6508,28.132,UP,1
2022-08-02,19.73,18.22,18.636,18.66,28.1106,UP,1
2022-08-03,20.56,19.82,19.062,18.7034,28.093,DOWN,0
2022-08-04,18.56,18.04,19.126,18.7066,28.0591,DOWN,0
2022-08-05,18.05,18.4,19.086,18.7256,28.0257,UP,1
2022-08-08,18.72,18.18,19.124,18.751,27.9981,DOWN,0
2022-08-09,17.46,18.52,18.67,18.7224,27.9631,UP,1
2022-08-10,18.22,18.07,18.202,18.6902,27.9336,DOWN,0
2022-08-11,18.09,18.39,18.108,18.6484,27.8898,UP,1
2022-08-12,18.66,18.25,18.23,18.6316,27.8512,UP,1
2022-08-15,18.76,18.36,18.238,18.6076,27.8099,UP,1
2022-08-16,18.93,18.62,18.532,18.6128,27.7272,DOWN,0
2022-08-17,18.46,18.66,18.58,18.599,27.6345,DOWN,0
2022-08-18,18.23,18.58,18.608,18.5844,27.543,DOWN,0
2022-08-19,16.75,17.98,18.226,18.5276,27.4511,DOWN,0
2022-08-22,16.1,16.775,17.694,18.472,27.3489,DOWN,0
2022-08-23,15.98,16.26,17.104,18.4312,27.2432,UP,1
2022-08-24,16.44,16.25,16.7,18.4338,27.1164,UP,1
2022-08-25,16.98,16.7,16.45,18.4414,26.9717,DOWN,0
2022-08-26,16.24,17.1,16.348,18.4158,26.829,DOWN,0
2022-08-29,16.17,16.09,16.362,18.4282,26.7061,DOWN,0
2022-08-30,15.15,15.8,16.196,18.3986,26.557,UP,1
2022-08-31,15.34,15.32,15.976,18.3474,26.414,UP,1
2022-09-01,15.38,15.21,15.656,18.2944,26.2665,DOWN,0
2022-09-02,15.16,15.47,15.44,18.2116,26.0647,DOWN,0
2022-09-06,14.61,15.04,15.128,18.1196,25.875,UP,1
2022-09-07,14.7,14.4638,15.038,18.0458,25.7133,UP,1
2022-09-08,14.99,14.46,14.968,17.9868,25.5122,UP,1
2022-09-09,15.08,15.0,14.908,17.9424,25.332,UP,1
2022-09-12,16.55,15.45,15.186,17.9302,25.1525,DOWN,0
2022-09-13,16.1,15.81,15.484,17.9122,24.9702,UP,1
2022-09-14,16.63,16.02,15.87,17.9002,24.7947,DOWN,0
2022-09-15,16.49,16.4,16.17,17.8656,24.6019,DOWN,0
2022-09-16,16.18,16.13,16.39,17.793,24.4179,DOWN,0
2022-09-19,15.94,16.06,16.268,17.712,24.2419,DOWN,0
2022-09-20,15.34,15.82,16.116,17.6482,24.0765,UP,1
2022-09-21,15.56,15.39,15.902,17.5728,23.918,DOWN,0
2022-09-22,14.31,15.45,15.466,17.4688,23.7652,DOWN,0
2022-09-23,14.03,14.17,15.036,17.3472,23.616,UP,1
2022-09-26,14.06,14.05,14.66,17.2348,23.4627,UP,1
2022-09-27,14.41,14.81,14.474,17.1238,23.3521,UP,1
2022-09-28,15.22,14.52,14.406,17.0206,23.2399,DOWN,0
2022-09-29,14.19,14.98,14.382,16.879,23.1151,DOWN,0
2022-09-30,13.97,14.05,14.37,16.7288,22.9806,UP,1
2022-10-03,14.09,14.0,14.376,16.617,22.847,UP,1
2022-10-04,15.4,14.51,14.574,16.5502,22.7238,DOWN,0
2022-10-05,14.99,14.961,14.528,16.4882,22.5987,DOWN,0
2022-10-06,14.41,15.018,14.572,16.4078,22.4808,DOWN,0
2022-10-07,13.17,14.061,14.412,16.3064,22.3565,DOWN,0
2022-10-10,12.48,13.23,14.09,16.191,22.2254,UP,1
2022-10-11,12.65,12.43,13.54,16.0734,22.1005,UP,1
2022-10-12,13.09,13.25,13.16,15.9406,21.9727,DOWN,0
2022-10-13,13.01,12.74,12.88,15.7896,21.8529,DOWN,0
2022-10-14,11.89,13.18,12.624,15.6562,21.7275,UP,1
2022-10-17,12.41,12.35,12.61,15.5434,21.5958,UP,1
2022-10-18,13.01,12.92,12.682,15.4292,21.4706,DOWN,0
2022-10-19,12.64,12.845,12.592,15.3328,21.3291,DOWN,0
2022-10-20,12.6,12.71,12.51,15.2204,21.1951,UP,1
2022-10-21,13.31,12.46,12.794,15.1248,21.0782,DOWN,0
2022-10-24,12.8,13.17,12.872,15.0076,20.9511,UP,1
2022-10-25,13.92,12.9,13.054,14.9108,20.8108,DOWN,0
2022-10-26,13.91,13.74,13.308,14.8104,20.6718,DOWN,0
2022-10-27,13.79,14.05,13.546,14.717,20.5134,UP,1
2022-10-28,14.23,13.79,13.73,14.637,20.3574,UP,1
2022-10-31,14.29,14.16,14.028,14.5878,20.2218,DOWN,0
2022-11-01,13.62,14.67,13.968,14.5382,20.0788,DOWN,0
2022-11-02,13.34,13.67,13.854,14.4854,19.9494,UP,1
2022-11-03,13.64,13.23,13.824,14.4294,19.8175,UP,1
2022-11-04,13.89,14.04,13.756,14.3676,19.6933,DOWN,0
2022-11-07,13.85,14.05,13.668,14.3198,19.5738,DOWN,0
2022-11-08,13.5,13.91,13.644,14.2664,19.4526,DOWN,0
2022-11-09,11.21,12.49,13.218,14.1876,19.3313,UP,1
2022-11-10,12.11,12.01,12.912,14.123,19.2248,UP,1
2022-11-11,12.91,12.13,12.716,14.0736,19.1459,DOWN,0
2022-11-14,12.21,12.88,12.388,14.0146,19.0712,UP,1
2022-11-15,12.36,12.715,12.16,13.9696,18.986,DOWN,0
2022-11-16,11.37,12.3,12.192,13.903,18.8931,UP,1
2022-11-17,11.46,11.24,12.062,13.8324,18.812,DOWN,0
2022-11-18,11.26,11.58,11.732,13.756,18.7335,DOWN,0
2022-11-21,10.31,11.11,11.352,13.6312,18.6473,DOWN,0
2022-11-22,10.13,10.39,10.906,13.5118,18.5631,UP,1
2022-11-23,10.25,10.24,10.682,13.3842,18.4772,DOWN,0
2022-11-25,10.02,10.27,10.394,13.2548,18.3832,DOWN,0
2022-11-28,9.85,9.985,10.112,13.1282,18.2929,DOWN,0
2022-11-29,9.76,10.05,10.002,13.0046,18.2125,UP,1
2022-11-30,10.14,9.86,10.004,12.9006,18.126,X,X
