ticker,LW US Equity,LW US Equity,LW US Equity,LW US Equity,LW US Equity,Predictions,OneHotPred
field,PX_LAST,PX_OPEN,MOV_AVG_5D,MOV_AVG_50D,MOV_AVG_200D,,
date,,,,,,,
2016-11-01,34.0,32.0,,,,DOWN,0
2016-11-03,34.0,34.0,,,,DOWN,0
2016-11-04,33.5,33.0,,,,DOWN,0
2016-11-07,33.02,33.5,,,,UP,1
2016-11-08,34.0,33.25,33.704,,,DOWN,0
2016-11-09,31.84,35.0,33.272,,,DOWN,0
2016-11-10,30.33,32.04,32.538,,,DOWN,0
2016-11-11,29.89,29.8,31.816,,,UP,1
2016-11-14,30.19,29.34,31.25,,,UP,1
2016-11-15,30.43,29.64,30.536,,,UP,1
2016-11-16,31.7,30.77,30.508,,,UP,1
2016-11-17,32.51,31.4,30.944,,,UP,1
2016-11-18,32.68,32.14,31.502,,,DOWN,0
2016-11-21,31.74,32.26,31.812,,,UP,1
2016-11-22,32.7,31.52,32.266,,,UP,1
2016-11-23,33.02,32.7,32.53,,,DOWN,0
2016-11-25,32.59,32.76,32.546,,,UP,1
2016-11-28,32.74,32.27,32.558,,,UP,1
2016-11-29,33.19,33.05,32.848,,,UP,1
2016-11-30,33.48,33.26,33.004,,,DOWN,0
2016-12-01,32.51,33.04,32.902,,,UP,1
2016-12-02,32.99,32.16,32.982,,,UP,1
2016-12-05,33.65,32.87,33.164,,,UP,1
2016-12-06,33.82,33.45,33.29,,,UP,1
2016-12-07,34.75,34.07,33.544,,,UP,1
2016-12-08,35.93,34.91,34.228,,,UP,1
2016-12-09,36.38,35.82,34.906,,,UP,1
2016-12-12,36.73,36.38,35.522,,,DOWN,0
2016-12-13,36.58,36.97,36.074,,,DOWN,0
2016-12-14,35.15,36.62,36.154,,,DOWN,0
2016-12-15,34.38,35.06,35.844,,,UP,1
2016-12-16,35.26,34.34,35.62,,,DOWN,0
2016-12-19,34.48,35.31,35.17,,,UP,1
2016-12-20,34.95,34.22,34.844,,,UP,1
2016-12-21,35.02,34.64,34.818,,,UP,1
2016-12-22,36.33,35.0,35.208,,,UP,1
2016-12-23,36.85,36.41,35.526,,,UP,1
2016-12-27,37.34,36.65,36.098,,,DOWN,0
2016-12-28,37.23,37.25,36.554,,,UP,1
2016-12-29,37.77,37.37,37.104,,,UP,1
2016-12-30,37.85,37.74,37.408,,,DOWN,0
2017-01-03,37.49,37.71,37.536,,,DOWN,0
2017-01-04,36.98,37.67,37.464,,,DOWN,0
2017-01-05,36.62,36.98,37.342,,,UP,1
2017-01-06,36.83,36.42,37.154,,,UP,1
2017-01-09,36.89,36.81,36.962,,,DOWN,0
2017-01-10,36.84,38.79,36.832,,,UP,1
2017-01-11,36.89,36.7,36.814,,,UP,1
2017-01-12,36.96,36.69,36.882,,,UP,1
2017-01-13,37.22,36.89,36.96,34.5244,,DOWN,0
2017-01-17,36.89,37.14,36.96,34.5822,,DOWN,0
2017-01-18,36.64,36.75,36.92,34.635,,UP,1
2017-01-19,36.96,36.79,36.934,34.7042,,UP,1
2017-01-20,37.11,36.95,36.964,34.786,,DOWN,0
2017-01-23,36.77,36.98,36.874,34.8414,,UP,1
2017-01-24,37.49,36.66,36.994,34.9544,,DOWN,0
2017-01-25,36.67,37.45,37.0,35.0812,,DOWN,0
2017-01-26,36.33,36.39,36.874,35.21,,UP,1
2017-01-27,36.44,36.4,36.74,35.335,,UP,1
2017-01-30,36.78,36.2,36.742,35.462,,UP,1
2017-01-31,37.36,36.68,36.716,35.5752,,UP,1
2017-02-01,37.77,37.58,36.936,35.6804,,UP,1
2017-02-02,38.42,37.7,37.354,35.7952,,UP,1
2017-02-03,38.9,38.49,37.846,35.9384,,UP,1
2017-02-06,39.24,39.13,38.338,36.0692,,UP,1
2017-02-07,39.41,39.25,38.748,36.197,,DOWN,0
2017-02-08,39.16,39.28,39.026,36.3284,,DOWN,0
2017-02-09,39.08,39.06,39.158,36.4552,,UP,1
2017-02-10,39.27,39.0,39.232,36.5768,,UP,1
2017-02-13,39.43,39.24,39.27,36.6958,,UP,1
2017-02-14,39.65,39.33,39.318,36.8386,,DOWN,0
2017-02-15,39.63,39.5,39.412,36.9714,,UP,1
2017-02-16,39.9,39.57,39.576,37.0964,,DOWN,0
2017-02-17,39.62,39.77,39.646,37.2124,,DOWN,0
2017-02-21,39.62,39.56,39.684,37.3098,,UP,1
2017-02-22,39.85,39.41,39.724,37.3882,,DOWN,0
2017-02-23,39.5,39.95,39.698,37.4506,,UP,1
2017-02-24,39.58,39.5,39.634,37.5076,,DOWN,0
2017-02-27,39.48,39.7,39.606,37.5656,,DOWN,0
2017-02-28,39.19,39.44,39.52,37.6464,,UP,1
2017-03-01,39.95,39.1,39.54,37.7578,,UP,1
2017-03-02,40.22,39.7,39.684,37.857,,UP,1
2017-03-03,40.4,40.08,39.848,37.9754,,UP,1
2017-03-06,40.42,40.37,40.036,38.0848,,UP,1
2017-03-07,40.74,40.26,40.346,38.1992,,DOWN,0
2017-03-08,40.72,40.65,40.5,38.287,,UP,1
2017-03-09,40.98,40.79,40.652,38.3696,,UP,1
2017-03-10,41.4,41.02,40.852,38.4508,,UP,1
2017-03-13,41.53,41.39,41.074,38.5368,,UP,1
2017-03-14,42.21,41.5,41.368,38.6256,,UP,1
2017-03-15,42.36,42.44,41.696,38.7158,,DOWN,0
2017-03-16,41.99,42.28,41.898,38.8058,,UP,1
2017-03-17,42.25,41.94,42.068,38.9112,,UP,1
2017-03-20,42.48,42.31,42.258,39.0284,,UP,1
2017-03-21,42.87,42.59,42.39,39.1492,,DOWN,0
2017-03-22,42.44,43.02,42.406,39.2602,,UP,1
2017-03-23,43.01,42.4,42.61,39.3836,,DOWN,0
2017-03-24,42.67,43.0,42.694,39.4992,,UP,1
2017-03-27,42.96,42.53,42.79,39.6192,,DOWN,0
2017-03-28,42.92,42.86,42.8,39.7332,,DOWN,0
2017-03-29,42.64,42.88,42.84,39.8482,,DOWN,0
2017-03-30,42.09,42.7,42.656,39.9572,,DOWN,0
2017-03-31,42.06,42.07,42.534,40.0592,,DOWN,0
2017-04-03,42.0,42.01,42.342,40.157,,UP,1
2017-04-04,42.19,42.08,42.196,40.2654,,DOWN,0
2017-04-05,41.74,42.13,42.016,40.3504,,UP,1
2017-04-06,43.14,43.12,42.226,40.4798,,DOWN,0
2017-04-07,42.99,42.13,42.412,40.613,,DOWN,0
2017-04-10,42.76,42.94,42.564,40.7394,,UP,1
2017-04-11,42.88,42.78,42.702,40.8614,,DOWN,0
2017-04-12,42.16,42.9,42.786,40.9574,,DOWN,0
2017-04-13,41.87,42.18,42.532,41.0394,,UP,1
2017-04-17,42.23,41.89,42.38,41.1156,,UP,1
2017-04-18,42.38,42.27,42.304,41.1852,,DOWN,0
2017-04-19,42.2,42.29,42.168,41.2444,,UP,1
2017-04-20,42.6,42.31,42.256,41.3082,,DOWN,0
2017-04-21,42.26,42.57,42.334,41.3702,,UP,1
2017-04-24,42.67,42.53,42.422,41.442,,DOWN,0
2017-04-25,42.46,42.84,42.438,41.5058,,DOWN,0
2017-04-26,42.24,42.33,42.446,41.562,,UP,1
2017-04-27,42.64,42.14,42.454,41.6218,,DOWN,0
2017-04-28,41.75,42.59,42.352,41.6642,,UP,1
2017-05-01,41.8,41.86,42.178,41.7022,,DOWN,0
2017-05-02,41.39,41.68,41.964,41.7376,,DOWN,0
2017-05-03,40.9,41.17,41.696,41.7632,,UP,1
2017-05-04,41.26,41.18,41.42,41.7914,,UP,1
2017-05-05,41.57,41.18,41.384,41.8328,,UP,1
2017-05-08,41.58,41.42,41.34,41.8728,,UP,1
2017-05-09,41.75,41.62,41.412,41.9182,,UP,1
2017-05-10,42.47,41.68,41.726,41.9838,,DOWN,0
2017-05-11,42.2,42.33,41.914,42.0288,,DOWN,0
2017-05-12,42.2,42.07,42.04,42.0684,,UP,1
2017-05-15,42.93,42.14,42.31,42.119,,UP,1
2017-05-16,44.47,43.23,42.854,42.2,,DOWN,0
2017-05-17,44.17,44.39,43.194,42.2686,,DOWN,0
2017-05-18,43.94,44.05,43.542,42.333,,UP,1
2017-05-19,44.38,44.42,43.978,42.401,,UP,1
2017-05-22,44.58,44.5,44.308,42.4646,,DOWN,0
2017-05-23,44.22,44.51,44.258,42.5184,,UP,1
2017-05-24,45.49,44.68,44.522,42.584,,UP,1
2017-05-25,45.63,45.58,44.86,42.6494,,UP,1
2017-05-26,45.66,45.55,45.116,42.7228,,UP,1
2017-05-30,46.17,45.5,45.434,42.8012,,UP,1
2017-05-31,46.41,46.31,45.872,42.8798,,UP,1
2017-06-01,47.32,46.48,46.238,42.9688,,UP,1
2017-06-02,47.38,47.56,46.588,43.0676,,DOWN,0
2017-06-05,46.71,47.15,46.798,43.1416,,DOWN,0
2017-06-06,46.67,46.65,46.898,43.2216,,UP,1
2017-06-07,46.91,46.76,46.998,43.3006,,DOWN,0
2017-06-08,46.5,46.9,46.834,43.3722,,DOWN,0
2017-06-09,46.03,46.58,46.564,43.44,,DOWN,0
2017-06-12,45.43,46.16,46.308,43.5068,,UP,1
2017-06-13,45.98,45.6,46.17,43.5852,,DOWN,0
2017-06-14,45.59,45.8,45.906,43.657,,DOWN,0
2017-06-15,45.32,45.46,45.67,43.7196,,DOWN,0
2017-06-16,45.07,45.18,45.478,43.7862,,UP,1
2017-06-19,45.55,44.96,45.502,43.8344,,UP,1
2017-06-20,45.73,45.86,45.452,43.8892,,UP,1
2017-06-21,45.82,45.91,45.498,43.9504,,DOWN,0
2017-06-22,45.59,45.83,45.552,44.0046,,DOWN,0
2017-06-23,45.56,45.54,45.65,44.0726,,DOWN,0
2017-06-26,45.34,45.62,45.608,44.142,,DOWN,0
2017-06-27,44.69,45.28,45.4,44.1912,,UP,1
2017-06-28,45.37,44.86,45.31,44.251,,DOWN,0
2017-06-29,44.13,45.3,45.018,44.2896,,DOWN,0
2017-06-30,44.04,44.29,44.714,44.3184,,DOWN,0
2017-07-03,43.86,44.02,44.418,44.3504,,DOWN,0
2017-07-05,43.27,43.67,44.134,44.3624,,DOWN,0
2017-07-06,42.9,43.13,43.64,44.3712,,UP,1
2017-07-07,43.1,43.01,43.434,44.3884,,DOWN,0
2017-07-10,42.74,43.2,43.174,44.3904,,UP,1
2017-07-11,43.79,42.81,43.16,44.4312,,UP,1
2017-07-12,44.0,44.0,43.306,44.4752,,DOWN,0
2017-07-13,43.77,44.03,43.48,44.5228,,DOWN,0
2017-07-14,43.65,43.8,43.59,44.5778,,UP,1
2017-07-17,43.99,43.67,43.84,44.6324,,UP,1
2017-07-18,44.13,44.02,43.908,44.6836,,UP,1
2017-07-19,44.38,44.2,43.984,44.7396,,DOWN,0
2017-07-20,44.28,44.44,44.086,44.7902,,UP,1
2017-07-21,45.0,44.3,44.356,44.8408,,DOWN,0
2017-07-24,44.75,44.81,44.508,44.8918,,UP,1
2017-07-25,45.68,47.38,44.818,44.9614,,DOWN,0
2017-07-26,44.28,45.51,44.798,44.9884,,DOWN,0
2017-07-27,43.86,44.29,44.714,44.9762,,DOWN,0
2017-07-28,43.82,43.69,44.478,44.9692,,UP,1
2017-07-31,43.98,43.65,44.324,44.97,,UP,1
2017-08-01,44.04,44.21,43.996,44.9632,,DOWN,0
2017-08-02,43.76,43.86,43.892,44.9468,,DOWN,0
2017-08-03,43.22,43.74,43.764,44.9268,,UP,1
2017-08-04,43.62,43.41,43.724,44.8894,,UP,1
2017-08-07,43.86,43.62,43.7,44.854,,DOWN,0
2017-08-08,43.56,43.74,43.604,44.812,,DOWN,0
2017-08-09,43.51,43.45,43.554,44.7588,,UP,1
2017-08-10,44.34,43.43,43.778,44.7174,,UP,1
2017-08-11,44.81,44.33,44.016,44.6672,,DOWN,0
2017-08-14,44.81,44.87,44.206,44.6158,,UP,1
2017-08-15,45.02,44.9,44.498,44.582,,UP,1
2017-08-16,45.36,45.11,44.868,44.5558,,UP,1
2017-08-17,45.37,45.29,45.074,44.525,,DOWN,0
2017-08-18,45.27,45.21,45.166,44.5004,40.5325,UP,1
2017-08-21,45.45,45.14,45.294,44.4888,40.5898,UP,1
2017-08-22,45.66,45.5,45.422,44.4934,40.6481,DOWN,0
2017-08-23,45.59,45.57,45.468,44.4856,40.7085,DOWN,0
2017-08-24,45.0,45.61,45.394,44.4738,40.7684,UP,1
2017-08-25,45.04,45.06,45.348,44.4682,40.8236,DOWN,0
2017-08-28,44.88,45.19,45.234,44.4644,40.8888,UP,1
2017-08-29,45.07,44.78,45.116,44.4548,40.9625,UP,1
2017-08-30,45.17,45.11,45.032,44.4436,41.0389,UP,1
2017-08-31,45.48,45.11,45.128,44.4368,41.1154,UP,1
2017-09-01,45.99,45.72,45.318,44.4448,41.1932,DOWN,0
2017-09-05,45.74,46.05,45.49,44.4484,41.2634,DOWN,0
2017-09-06,45.32,45.74,45.54,44.448,41.3274,DOWN,0
2017-09-07,45.28,45.39,45.562,44.4598,41.3904,UP,1
2017-09-08,45.44,45.21,45.554,44.4612,41.4589,UP,1
2017-09-11,45.63,45.67,45.482,44.4912,41.5236,UP,1
2017-09-12,46.0,45.67,45.534,44.5304,41.5885,UP,1
2017-09-13,46.55,46.04,45.78,44.5842,41.6583,DOWN,0
2017-09-14,46.07,46.49,45.938,44.6402,41.7249,UP,1
2017-09-15,46.39,46.16,46.128,44.71,41.7909,DOWN,0
2017-09-18,46.28,46.3,46.258,44.7736,41.8549,UP,1
2017-09-19,46.39,46.29,46.336,44.8466,41.9243,UP,1
2017-09-20,46.65,46.37,46.356,44.9038,41.9926,DOWN,0
2017-09-21,45.86,46.72,46.314,44.941,42.0537,DOWN,0
2017-09-22,45.38,45.98,46.112,44.9732,42.1115,DOWN,0
2017-09-25,45.17,45.36,45.89,45.0036,42.1636,UP,1
2017-09-26,45.53,45.26,45.718,45.0344,42.2116,UP,1
2017-09-27,46.04,45.83,45.596,45.0726,42.2599,UP,1
2017-09-28,46.58,45.98,45.74,45.1166,42.3091,UP,1
2017-09-29,46.89,46.46,46.042,45.1688,42.3607,UP,1
2017-10-02,47.54,46.8,46.516,45.2196,42.4226,DOWN,0
2017-10-03,47.17,47.54,46.844,45.268,42.4866,UP,1
2017-10-04,48.41,48.67,47.318,45.3226,42.5523,UP,1
2017-10-05,48.59,48.84,47.72,45.4088,42.6229,UP,1
2017-10-06,49.13,48.59,48.168,45.5142,42.6938,DOWN,0
2017-10-09,48.83,49.14,48.426,45.6144,42.7628,UP,1
2017-10-10,49.04,49.09,48.8,45.7156,42.8264,UP,1
2017-10-11,49.37,49.05,48.992,45.8222,42.889,UP,1
2017-10-12,49.7,49.36,49.214,45.941,42.9508,UP,1
2017-10-13,50.0,49.89,49.388,46.0766,43.0146,UP,1
2017-10-16,50.69,50.0,49.76,46.218,43.0792,DOWN,0
2017-10-17,50.22,50.55,49.996,46.3452,43.1411,UP,1
2017-10-18,50.56,50.38,50.234,46.4852,43.2064,DOWN,0
2017-10-19,50.3,50.47,50.354,46.621,43.273,UP,1
2017-10-20,50.63,50.41,50.48,46.7468,43.3431,UP,1
2017-10-23,50.9,50.61,50.522,46.8686,43.4134,DOWN,0
2017-10-24,50.72,50.66,50.622,46.9868,43.4826,DOWN,0
2017-10-25,50.62,51.05,50.634,47.0988,43.5515,DOWN,0
2017-10-26,50.6,50.65,50.694,47.2036,43.62,UP,1
2017-10-27,50.82,50.61,50.732,47.3126,43.6893,DOWN,0
2017-10-30,50.38,50.7,50.628,47.4148,43.7551,UP,1
2017-10-31,50.99,50.53,50.682,47.5256,43.8256,UP,1
2017-11-01,51.35,51.02,50.828,47.6394,43.8992,UP,1
2017-11-02,51.8,51.1,51.068,47.7636,43.9734,UP,1
2017-11-03,52.12,51.73,51.328,47.906,44.0484,DOWN,0
2017-11-06,52.06,52.4,51.664,48.0464,44.1249,DOWN,0
2017-11-07,51.66,52.19,51.798,48.182,44.1957,UP,1
2017-11-08,52.39,51.73,52.006,48.3284,44.2743,DOWN,0
2017-11-09,51.62,52.2,51.97,48.4574,44.3508,UP,1
2017-11-10,51.96,51.36,51.938,48.587,44.4284,UP,1
2017-11-13,52.78,51.88,52.082,48.7228,44.5084,UP,1
2017-11-14,53.39,52.71,52.428,48.8758,44.5885,DOWN,0
2017-11-15,52.74,53.29,52.498,49.0242,44.6634,UP,1
2017-11-16,53.45,52.98,52.864,49.1876,44.7385,DOWN,0
2017-11-17,53.21,53.21,53.114,49.343,44.8101,UP,1
2017-11-20,53.69,53.21,53.296,49.5042,44.8823,UP,1
2017-11-21,53.74,53.73,53.366,49.659,44.954,UP,1
2017-11-22,54.25,53.74,53.668,49.813,45.0294,UP,1
2017-11-24,54.44,54.4,53.866,49.9804,45.1062,DOWN,0
2017-11-27,54.03,54.43,54.03,50.1332,45.18,DOWN,0
2017-11-28,54.03,54.08,54.098,50.2882,45.253,DOWN,0
2017-11-29,53.95,53.98,54.14,50.4394,45.3245,UP,1
2017-11-30,54.37,53.94,54.164,50.5938,45.3983,UP,1
2017-12-01,54.86,54.5,54.248,50.7738,45.4731,UP,1
2017-12-04,54.95,55.01,54.432,50.9652,45.5497,DOWN,0
2017-12-05,54.45,55.1,54.516,51.1508,45.6239,DOWN,0
2017-12-06,54.45,54.45,54.616,51.3292,45.6969,UP,1
2017-12-07,54.98,54.25,54.738,51.508,45.7743,UP,1
2017-12-08,56.2,55.05,55.006,51.7004,45.8574,UP,1
2017-12-11,56.88,56.15,55.392,51.9002,45.9444,DOWN,0
2017-12-12,55.75,56.98,55.652,52.0644,46.0272,UP,1
2017-12-13,55.8,55.9,55.922,52.237,46.1064,DOWN,0
2017-12-14,55.45,55.71,56.016,52.3778,46.1826,UP,1
2017-12-15,55.5,55.32,55.876,52.516,46.2581,UP,1
2017-12-18,56.12,55.65,55.724,52.6558,46.3366,DOWN,0
2017-12-19,55.85,56.33,55.744,52.7962,46.4121,UP,1
2017-12-20,55.98,56.03,55.78,52.935,46.4884,DOWN,0
2017-12-21,55.43,56.04,55.776,53.0562,46.5607,UP,1
2017-12-22,55.82,55.68,55.84,53.1786,46.6328,DOWN,0
2017-12-26,55.18,55.81,55.652,53.2822,46.701,UP,1
2017-12-27,55.46,55.33,55.574,53.3776,46.7673,UP,1
2017-12-28,55.86,55.63,55.55,53.4904,46.8348,UP,1
2017-12-29,56.45,55.92,55.754,53.6082,46.9071,DOWN,0
2018-01-02,55.37,56.49,55.664,53.7096,46.9727,UP,1
2018-01-03,56.06,55.6,55.84,53.8182,47.0406,UP,1
2018-01-04,57.22,55.55,56.192,53.9446,47.1123,UP,1
2018-01-05,57.7,57.24,56.56,54.0842,47.1886,UP,1
2018-01-08,58.56,57.82,56.982,54.243,47.2664,DOWN,0
2018-01-09,58.04,58.49,57.516,54.3918,47.3432,DOWN,0
2018-01-10,57.87,58.26,57.878,54.5328,47.4178,UP,1
2018-01-11,58.0,58.02,58.034,54.6852,47.4932,UP,1
2018-01-12,58.28,57.99,58.15,54.831,47.5714,UP,1
2018-01-16,58.52,58.4,58.142,54.9744,47.6535,UP,1
2018-01-17,59.34,58.74,58.402,55.1252,47.7399,DOWN,0
2018-01-18,59.03,59.37,58.634,55.2634,47.8251,UP,1
2018-01-19,60.04,59.18,59.042,55.423,47.9143,UP,1
2018-01-22,60.3,60.27,59.446,55.5958,48.0071,UP,1
2018-01-23,60.32,60.16,59.806,55.7544,48.093,DOWN,0
2018-01-24,59.87,60.4,59.912,55.9194,48.1774,DOWN,0
2018-01-25,59.24,60.07,59.954,56.065,48.2598,UP,1
2018-01-26,59.8,59.23,59.906,56.2054,48.3444,DOWN,0
2018-01-29,59.09,59.49,59.664,56.3194,48.4291,DOWN,0
2018-01-30,58.25,58.67,59.25,56.4296,48.511,UP,1
2018-01-31,58.6,58.46,58.996,56.5326,48.5928,DOWN,0
2018-02-01,57.4,58.4,58.628,56.6164,48.6679,DOWN,0
2018-02-02,56.79,57.15,58.026,56.6784,48.7409,DOWN,0
2018-02-05,56.34,56.74,57.476,56.7304,48.8096,DOWN,0
2018-02-06,55.8,55.22,56.986,56.7614,48.8773,UP,1
2018-02-07,56.93,55.67,56.652,56.8112,48.9486,DOWN,0
2018-02-08,54.73,57.13,56.118,56.8252,49.0099,DOWN,0
2018-02-09,54.46,55.08,55.652,56.8338,49.071,UP,1
2018-02-12,55.08,54.78,55.4,56.8564,49.1332,DOWN,0
2018-02-13,54.54,54.96,55.148,56.8598,49.1972,DOWN,0
2018-02-14,54.24,54.33,54.61,56.8474,49.2594,UP,1
2018-02-15,55.4,54.46,54.744,56.8564,49.3294,UP,1
2018-02-16,55.58,55.07,54.968,56.879,49.4028,DOWN,0
2018-02-20,54.29,55.28,54.81,56.8758,49.468,DOWN,0
2018-02-21,53.51,54.42,54.604,56.8464,49.5277,UP,1
2018-02-22,53.75,53.52,54.506,56.7974,49.5885,UP,1
2018-02-23,54.71,53.98,54.368,56.754,49.6533,DOWN,0
2018-02-26,54.62,54.94,54.176,56.7314,49.7141,DOWN,0
2018-02-27,54.39,54.62,54.196,56.7032,49.775,DOWN,0
2018-02-28,54.09,54.58,54.312,56.676,49.8345,UP,1
2018-03-01,54.46,54.08,54.454,56.6552,49.8921,UP,1
2018-03-02,55.37,54.23,54.586,56.6402,49.9466,UP,1
2018-03-05,55.88,55.21,54.838,56.6408,50.0052,UP,1
2018-03-06,56.82,55.85,55.324,56.6576,50.0696,DOWN,0
2018-03-07,56.31,56.31,55.768,56.6752,50.1292,UP,1
2018-03-08,56.67,56.36,56.21,56.6922,50.1897,UP,1
2018-03-09,57.33,56.99,56.602,56.7352,50.2552,DOWN,0
2018-03-12,57.26,57.46,56.878,56.7712,50.3141,DOWN,0
2018-03-13,56.47,57.32,56.808,56.7834,50.3683,DOWN,0
2018-03-14,56.08,56.75,56.762,56.776,50.4204,DOWN,0
2018-03-15,55.62,56.22,56.552,56.781,50.4676,UP,1
2018-03-16,55.66,55.72,56.218,56.773,50.5139,DOWN,0
2018-03-19,55.47,55.52,55.86,56.738,50.5546,UP,1
2018-03-20,55.69,55.67,55.704,56.6978,50.5962,DOWN,0
2018-03-21,55.36,55.53,55.56,56.6338,50.6394,DOWN,0
2018-03-22,54.58,55.0,55.352,56.5646,50.679,DOWN,0
2018-03-23,54.05,54.75,55.03,56.4882,50.7147,UP,1
2018-03-26,56.43,54.53,55.222,56.4568,50.7643,DOWN,0
2018-03-27,56.0,57.31,55.284,56.4112,50.8142,UP,1
2018-03-28,56.39,55.97,55.49,56.3686,50.869,UP,1
2018-03-29,58.22,56.76,56.218,56.3462,50.9302,DOWN,0
2018-04-02,58.07,58.5,57.022,56.327,50.9926,UP,1
2018-04-03,59.13,58.44,57.562,56.3088,51.0616,UP,1
2018-04-04,59.43,58.73,58.248,56.2914,51.1334,UP,1
2018-04-05,61.47,62.0,59.264,56.3144,51.213,UP,1
2018-04-06,61.78,61.3,59.976,56.3526,51.2933,UP,1
2018-04-09,62.29,62.18,60.82,56.4136,51.3756,UP,1
2018-04-10,63.77,63.0,61.748,56.493,51.4665,DOWN,0
2018-04-11,63.76,63.33,62.614,56.5864,51.5575,DOWN,0
2018-04-12,63.32,63.84,62.984,56.6878,51.6474,UP,1
2018-04-13,64.12,63.63,63.452,56.7982,51.7446,UP,1
2018-04-16,64.73,64.25,63.94,56.9448,51.8414,UP,1
2018-04-17,65.5,64.85,64.286,57.119,51.9482,UP,1
2018-04-18,65.51,65.5,64.636,57.3024,52.0556,DOWN,0
2018-04-19,65.25,65.47,65.022,57.4914,52.1625,UP,1
2018-04-20,65.36,65.25,65.27,57.66,52.273,UP,1
2018-04-23,65.66,65.64,65.456,57.8786,52.3868,DOWN,0
2018-04-24,65.44,66.04,65.444,58.0982,52.4985,UP,1
2018-04-25,65.85,65.33,65.512,58.3136,52.614,UP,1
2018-04-26,66.41,66.04,65.744,58.551,52.7271,UP,1
2018-04-27,66.59,66.54,65.99,58.798,52.8401,DOWN,0
2018-04-30,65.32,66.57,65.922,58.9964,52.9478,DOWN,0
2018-05-01,64.97,65.03,65.828,59.1842,53.0544,DOWN,0
2018-05-02,64.14,64.91,65.486,59.3812,53.1552,DOWN,0
2018-05-03,64.04,64.11,65.012,59.5918,53.2547,UP,1
2018-05-04,65.09,63.94,64.712,59.8186,53.3583,UP,1
2018-05-07,66.21,65.37,64.89,60.0486,53.4679,UP,1
2018-05-08,66.66,66.07,65.228,60.2894,53.5762,UP,1
2018-05-09,67.73,66.75,65.946,60.5562,53.6911,UP,1
2018-05-10,68.03,68.28,66.744,60.835,53.8029,DOWN,0
2018-05-11,67.93,68.18,67.312,61.1044,53.9211,DOWN,0
2018-05-14,67.62,68.1,67.594,61.3494,54.0399,DOWN,0
2018-05-15,67.31,67.25,67.724,61.578,54.1574,DOWN,0
2018-05-16,67.14,67.28,67.606,61.7844,54.2732,DOWN,0
2018-05-17,67.0,67.17,67.4,61.9982,54.388,DOWN,0
2018-05-18,66.79,66.67,67.172,62.2006,54.5031,DOWN,0
2018-05-21,66.74,67.16,66.996,62.3888,54.6207,DOWN,0
2018-05-22,65.04,66.28,66.542,62.5444,54.7278,UP,1
2018-05-23,65.16,64.83,66.146,62.7182,54.8343,UP,1
2018-05-24,65.2,65.16,65.786,62.9006,54.9425,UP,1
2018-05-25,65.43,65.13,65.514,63.0968,55.0521,DOWN,0
2018-05-29,64.56,64.98,65.078,63.2748,55.1532,UP,1
2018-05-30,65.0,64.81,65.07,63.4654,55.2542,DOWN,0
2018-05-31,63.75,65.0,64.788,63.6266,55.3489,UP,1
2018-06-01,64.11,64.12,64.57,63.8016,55.4443,UP,1
2018-06-04,65.28,64.32,64.54,64.0156,55.5439,UP,1
2018-06-05,65.73,65.23,64.774,64.2492,55.6457,DOWN,0
2018-06-06,64.66,65.72,64.706,64.4138,55.7427,UP,1
2018-06-07,64.86,64.49,64.928,64.591,55.8397,UP,1
2018-06-08,65.68,64.99,65.242,64.7768,55.9398,DOWN,0
2018-06-11,65.36,65.67,65.258,64.9196,56.0387,UP,1
2018-06-12,65.69,65.55,65.25,65.072,56.1421,DOWN,0
2018-06-13,65.34,65.8,65.386,65.1962,56.2436,UP,1
2018-06-14,65.85,65.53,65.584,65.3246,56.3485,DOWN,0
2018-06-15,64.93,65.81,65.434,65.3938,56.4478,DOWN,0
2018-06-18,64.93,64.5,65.348,65.4568,56.5466,UP,1
2018-06-19,66.38,64.87,65.486,65.5386,56.6511,UP,1
2018-06-20,67.48,66.63,65.914,65.6128,56.7585,DOWN,0
2018-06-21,67.29,67.61,66.202,65.6834,56.8663,UP,1
2018-06-22,67.88,67.55,66.792,65.7746,56.9791,UP,1
2018-06-25,68.15,68.06,67.436,65.8552,57.0934,UP,1
2018-06-26,68.63,68.42,67.886,65.9332,57.2094,DOWN,0
2018-06-27,68.16,68.75,68.022,65.9864,57.322,UP,1
2018-06-28,68.72,68.21,68.308,66.0506,57.4356,DOWN,0
2018-06-29,68.51,68.98,68.434,66.1158,57.5454,DOWN,0
2018-07-02,67.99,68.12,68.402,66.1684,57.655,UP,1
2018-07-03,68.37,68.13,68.35,66.2226,57.7649,UP,1
2018-07-05,69.88,68.52,68.694,66.3114,57.8829,UP,1
2018-07-06,70.19,69.7,68.988,66.3982,58.0019,UP,1
2018-07-09,70.38,70.21,69.362,66.4776,58.1206,DOWN,0
2018-07-10,70.28,70.78,69.82,66.5514,58.2427,DOWN,0
2018-07-11,70.2,70.21,70.186,66.649,58.3668,UP,1
2018-07-12,70.54,70.35,70.318,66.7604,58.4936,UP,1
2018-07-13,70.85,70.57,70.45,66.8946,58.6202,DOWN,0
2018-07-16,70.2,70.69,70.414,67.0178,58.741,UP,1
2018-07-17,70.73,70.2,70.504,67.1306,58.8618,DOWN,0
2018-07-18,70.59,70.69,70.582,67.2182,58.9803,DOWN,0
2018-07-19,70.38,70.48,70.55,67.2926,59.0945,UP,1
2018-07-20,70.42,70.48,70.464,67.3464,59.2107,DOWN,0
2018-07-23,69.02,70.52,70.228,67.3662,59.3138,DOWN,0
2018-07-24,68.34,68.87,69.75,67.3744,59.4125,UP,1
2018-07-25,70.41,68.63,69.714,67.4302,59.5189,DOWN,0
2018-07-26,70.05,70.92,69.648,67.485,59.625,DOWN,0
2018-07-27,69.8,70.14,69.524,67.5382,59.7288,UP,1
2018-07-30,70.24,69.52,69.768,67.603,59.8332,UP,1
2018-07-31,70.27,70.35,70.154,67.6726,59.936,DOWN,0
2018-08-01,69.7,70.29,70.012,67.7318,60.0345,UP,1
2018-08-02,70.53,69.22,70.108,67.8416,60.1337,UP,1
2018-08-03,72.16,70.67,70.58,67.9816,60.2434,UP,1
2018-08-06,72.58,72.34,71.048,68.1292,60.3535,DOWN,0
2018-08-07,71.77,72.62,71.348,68.256,60.4609,DOWN,0
2018-08-08,71.41,71.81,71.69,68.393,60.5648,UP,1
2018-08-09,71.63,71.39,71.91,68.5256,60.6684,DOWN,0
2018-08-10,71.09,71.5,71.696,68.6724,60.7703,DOWN,0
2018-08-13,70.92,71.05,71.364,68.8086,60.8718,UP,1
2018-08-14,71.7,71.12,71.35,68.937,60.9773,DOWN,0
2018-08-15,69.26,71.46,70.92,69.0076,61.0695,DOWN,0
2018-08-16,66.59,69.29,69.912,69.0462,61.1505,DOWN,0
2018-08-17,65.59,66.13,68.812,69.0608,61.2235,UP,1
2018-08-20,65.63,65.78,67.754,69.0598,61.2949,DOWN,0
2018-08-21,65.24,65.63,66.462,69.0574,61.3621,UP,1
2018-08-22,66.18,65.32,65.846,69.0672,61.4324,UP,1
2018-08-23,67.08,65.86,65.944,69.102,61.5075,DOWN,0
2018-08-24,67.03,66.91,66.232,69.1256,61.5844,UP,1
2018-08-27,68.12,67.45,66.73,69.1894,61.663,DOWN,0
2018-08-28,67.9,67.91,67.262,69.2488,61.7444,DOWN,0
2018-08-29,67.73,68.21,67.572,69.2758,61.8233,DOWN,0
2018-08-30,67.12,67.54,67.58,69.2686,61.895,UP,1
2018-08-31,67.6,67.2,67.694,69.2748,61.966,DOWN,0
2018-09-04,67.17,67.65,67.504,69.2606,62.0382,UP,1
2018-09-05,67.3,66.83,67.384,69.2436,62.1074,DOWN,0
2018-09-06,67.22,67.03,67.282,69.2154,62.1775,DOWN,0
2018-09-07,66.83,67.02,67.224,69.1888,62.2432,UP,1
2018-09-10,67.03,67.04,67.11,69.155,62.3096,UP,1
2018-09-11,67.13,66.72,67.102,69.1274,62.374,UP,1
2018-09-12,67.14,67.22,67.07,69.1104,62.4375,UP,1
2018-09-13,67.35,67.12,67.096,69.09,62.5041,UP,1
2018-09-14,68.01,67.35,67.332,69.0526,62.574,DOWN,0
2018-09-17,66.69,68.06,67.264,68.9826,62.6377,UP,1
2018-09-18,66.84,66.5,67.206,68.9118,62.7001,DOWN,0
2018-09-19,65.26,66.97,66.83,68.8114,62.7521,UP,1
2018-09-20,66.13,65.27,66.586,68.73,62.808,UP,1
2018-09-21,67.0,66.92,66.384,68.6592,62.8707,DOWN,0
2018-09-24,66.43,66.81,66.332,68.5708,62.9306,UP,1
2018-09-25,67.1,66.46,66.384,68.5088,62.9912,DOWN,0
2018-09-26,66.7,67.08,66.672,68.4282,63.0437,DOWN,0
2018-09-27,65.59,66.29,66.564,68.3282,63.0873,UP,1
2018-09-28,66.6,65.38,66.484,68.2526,63.1415,DOWN,0
2018-10-01,65.94,66.96,66.386,68.163,63.1922,UP,1
2018-10-02,72.0,69.66,67.366,68.2226,63.275,UP,1
2018-10-03,72.24,72.94,68.474,68.3006,63.3587,UP,1
2018-10-04,73.25,72.08,70.006,68.3574,63.4443,UP,1
2018-10-05,74.7,73.44,71.626,68.4504,63.5386,DOWN,0
2018-10-08,73.99,74.36,73.236,68.5342,63.6286,UP,1
2018-10-09,74.62,74.1,73.76,68.6218,63.7246,DOWN,0
2018-10-10,73.22,74.64,73.956,68.6808,63.8116,DOWN,0
2018-10-11,72.13,72.99,73.732,68.7294,63.8963,UP,1
2018-10-12,72.96,72.66,73.384,68.778,63.9838,UP,1
2018-10-15,73.18,73.06,73.222,68.7984,64.0704,UP,1
2018-10-16,75.27,73.53,73.352,68.8522,64.1645,UP,1
2018-10-17,76.11,75.12,73.93,68.939,64.2682,DOWN,0
2018-10-18,75.65,76.11,74.634,69.0238,64.3662,UP,1
2018-10-19,76.57,76.35,75.356,69.1226,64.4629,UP,1
2018-10-22,77.15,76.96,76.15,69.2438,64.5602,UP,1
2018-10-23,78.16,76.58,76.728,69.3886,64.6582,UP,1
2018-10-24,79.05,78.25,77.316,69.5356,64.7632,DOWN,0
2018-10-25,78.05,78.13,77.796,69.7114,64.8641,DOWN,0
2018-10-26,77.01,77.51,77.884,69.9198,64.9592,UP,1
2018-10-29,77.2,77.7,77.894,70.152,65.0538,DOWN,0
2018-10-30,76.79,77.33,77.62,70.3752,65.1451,UP,1
2018-10-31,78.16,76.82,77.442,70.6336,65.2392,DOWN,0
2018-11-01,77.23,78.16,77.278,70.8546,65.3302,DOWN,0
2018-11-02,76.98,77.45,77.272,71.0526,65.4149,UP,1
2018-11-05,78.63,77.03,77.558,71.2846,65.5066,UP,1
2018-11-06,80.26,78.64,78.252,71.5274,65.6063,UP,1
2018-11-07,80.81,80.4,78.782,71.7856,65.711,UP,1
2018-11-08,81.68,80.6,79.672,72.0646,65.8232,UP,1
2018-11-09,82.02,81.5,80.68,72.3626,65.9343,UP,1
2018-11-12,82.14,82.0,81.382,72.6534,66.0495,UP,1
2018-11-13,83.35,82.17,82.0,72.977,66.175,DOWN,0
2018-11-14,82.99,83.34,82.436,73.2908,66.297,DOWN,0
2018-11-15,82.21,81.9,82.542,73.5906,66.421,UP,1
2018-11-16,82.65,82.2,82.668,73.907,66.5503,DOWN,0
2018-11-19,80.81,82.38,82.402,74.1826,66.6727,DOWN,0
2018-11-20,80.6,80.5,81.852,74.452,66.7967,UP,1
2018-11-21,81.79,80.66,81.612,74.745,66.921,DOWN,0
2018-11-23,81.15,81.39,81.4,75.021,67.0531,DOWN,0
2018-11-26,80.37,81.74,80.944,75.2682,67.1826,DOWN,0
2018-11-27,77.55,78.36,80.292,75.4854,67.295,DOWN,0
2018-11-28,77.1,77.5,79.592,75.6906,67.4078,DOWN,0
2018-11-29,76.74,77.3,78.582,75.9202,67.5203,DOWN,0
2018-11-30,76.7,76.9,77.692,76.1316,67.6268,DOWN,0
2018-12-03,75.58,77.33,76.734,76.3032,67.7268,DOWN,0
2018-12-04,75.49,75.86,76.322,76.4844,67.8328,DOWN,0
2018-12-06,74.13,75.5,75.728,76.625,67.9359,DOWN,0
2018-12-07,73.45,74.3,75.07,76.76,68.0344,DOWN,0
2018-12-10,73.37,73.64,74.404,76.9156,68.1277,UP,1
2018-12-11,75.17,73.9,74.322,77.087,68.2304,UP,1
2018-12-12,76.39,75.61,74.502,77.296,68.3404,UP,1
2018-12-13,77.69,76.35,75.214,77.4098,68.4584,DOWN,0
2018-12-14,75.83,77.47,75.69,77.4816,68.5653,DOWN,0
2018-12-17,75.44,75.7,76.104,77.5254,68.6656,UP,1
2018-12-18,75.63,75.96,76.196,77.544,68.7644,DOWN,0
2018-12-19,74.99,75.99,75.916,77.564,68.8552,DOWN,0
2018-12-20,73.4,74.75,75.058,77.5396,68.9407,UP,1
2018-12-21,73.6,73.75,74.612,77.5472,69.0253,DOWN,0
2018-12-24,71.53,73.58,73.83,77.5352,69.0963,UP,1
2018-12-26,73.37,71.9,73.378,77.5434,69.1769,UP,1
2018-12-27,73.73,72.79,73.126,77.5544,69.2632,DOWN,0
2018-12-28,73.61,74.07,73.168,77.5212,69.3508,DOWN,0
2018-12-31,73.56,73.61,73.16,77.4702,69.4405,UP,1
2019-01-02,73.66,73.23,73.586,77.4304,69.5305,DOWN,0
2019-01-03,72.98,73.14,73.508,77.3586,69.6181,UP,1
2019-01-04,75.58,75.1,73.878,77.3272,69.7175,DOWN,0
2019-01-07,70.55,75.59,73.266,77.175,69.7935,UP,1
2019-01-08,70.91,70.61,72.736,77.0122,69.8751,DOWN,0
2019-01-09,69.72,71.16,71.948,76.8456,69.9535,UP,1
2019-01-10,69.86,69.72,71.324,76.7026,70.0206,DOWN,0
2019-01-11,69.47,69.86,70.102,76.548,70.088,DOWN,0
2019-01-14,67.64,69.46,69.52,76.365,70.1442,UP,1
2019-01-15,68.9,67.65,69.118,76.1798,70.1976,UP,1
2019-01-16,70.18,69.22,69.21,76.0388,70.2582,UP,1
2019-01-17,70.9,70.0,69.418,75.9172,70.317,DOWN,0
2019-01-18,70.88,71.13,69.7,75.7622,70.3743,DOWN,0
2019-01-22,70.75,70.89,70.322,75.572,70.4207,UP,1
2019-01-23,72.73,71.94,71.088,75.4104,70.4754,DOWN,0
2019-01-24,71.36,71.99,71.324,75.204,70.5208,DOWN,0
2019-01-25,71.1,71.77,71.364,74.9856,70.5574,UP,1
2019-01-28,71.4,70.63,71.468,74.7708,70.5956,UP,1
2019-01-29,72.44,71.33,71.806,74.5526,70.6412,UP,1
2019-01-30,72.58,72.71,71.776,74.3444,70.6835,DOWN,0
2019-01-31,72.3,72.14,71.964,74.1462,70.7214,UP,1
2019-02-01,72.4,72.48,72.224,73.9412,70.7559,DOWN,0
2019-02-04,71.3,72.16,72.204,73.751,70.7848,UP,1
2019-02-05,71.64,71.39,72.044,73.5718,70.8168,DOWN,0
2019-02-06,71.31,71.48,71.79,73.3622,70.8465,DOWN,0
2019-02-07,70.61,70.95,71.452,73.1514,70.8713,UP,1
2019-02-08,70.62,70.29,71.096,72.9564,70.8972,DOWN,0
2019-02-11,70.39,70.86,70.914,72.8132,70.9199,DOWN,0
2019-02-12,69.02,70.34,70.39,72.6516,70.9329,DOWN,0
2019-02-13,68.56,69.22,69.84,72.488,70.9428,UP,1
2019-02-14,68.97,68.33,69.512,72.3334,70.961,UP,1
2019-02-15,69.51,69.52,69.29,72.212,70.9837,UP,1
2019-02-19,70.3,69.46,69.272,72.1082,71.0145,DOWN,0
2019-02-20,70.06,70.17,69.48,72.0268,71.0446,UP,1
2019-02-21,70.98,70.0,69.964,71.9774,71.0741,DOWN,0
2019-02-22,70.5,70.05,70.27,71.92,71.0955,DOWN,0
2019-02-25,69.49,70.8,70.266,71.8064,71.1097,DOWN,0
2019-02-26,69.0,69.77,70.006,71.6586,71.116,UP,1
2019-02-27,69.1,68.84,69.814,71.4868,71.1214,UP,1
2019-02-28,69.31,69.2,69.48,71.3564,71.1283,UP,1
2019-03-01,70.95,69.69,69.57,71.2666,71.1449,DOWN,0
2019-03-04,70.79,70.93,69.83,71.1698,71.1623,UP,1
2019-03-05,71.16,70.73,70.262,71.0932,71.1824,DOWN,0
2019-03-06,70.54,71.25,70.55,71.036,71.2001,DOWN,0
2019-03-07,70.51,70.55,70.79,70.9742,71.2187,DOWN,0
2019-03-08,70.01,70.46,70.602,70.9438,71.2351,UP,1
2019-03-11,70.21,69.96,70.486,70.8806,71.2609,DOWN,0
2019-03-12,69.7,70.43,70.194,70.8,71.2836,UP,1
2019-03-13,69.84,69.71,70.054,70.7246,71.3068,DOWN,0
2019-03-14,68.19,69.98,69.59,70.6172,71.3206,UP,1
2019-03-15,69.51,68.04,69.49,70.5342,71.3454,UP,1
2019-03-18,69.9,69.38,69.428,70.4726,71.3699,DOWN,0
2019-03-19,69.71,70.14,69.43,70.3552,71.3997,DOWN,0
2019-03-20,69.37,69.86,69.336,70.3316,71.426,UP,1
2019-03-21,71.0,69.55,69.898,70.3334,71.4546,UP,1
2019-03-22,71.66,71.27,70.328,70.3722,71.4842,UP,1
2019-03-25,72.83,71.57,70.914,70.4316,71.5251,UP,1
2019-03-26,73.0,72.86,71.572,70.5022,71.5658,DOWN,0
2019-03-27,72.27,73.11,72.152,70.5948,71.5987,UP,1
2019-03-28,73.92,72.49,72.736,70.6952,71.6415,UP,1
2019-03-29,74.94,74.18,73.392,70.7904,71.6878,DOWN,0
2019-04-01,73.97,74.79,73.62,70.8518,71.7309,UP,1
2019-04-02,74.36,79.0,73.892,70.9214,71.7735,DOWN,0
2019-04-03,73.09,74.54,74.056,70.9682,71.8143,DOWN,0
2019-04-04,70.32,73.08,73.336,70.92,71.8412,UP,1
2019-04-05,71.63,70.19,72.674,70.9254,71.8675,UP,1
2019-04-08,72.87,71.92,72.454,70.9608,71.8944,UP,1
2019-04-09,72.92,72.67,72.166,70.9912,71.9226,DOWN,0
2019-04-10,72.4,73.08,72.028,70.9904,71.9452,DOWN,0
2019-04-11,71.63,72.33,72.29,70.9714,71.9626,DOWN,0
2019-04-12,71.11,71.49,72.186,70.9476,71.975,UP,1
2019-04-15,71.2,71.14,71.852,70.9236,71.9902,DOWN,0
2019-04-16,69.66,71.22,71.2,70.8908,71.9949,DOWN,0
2019-04-17,68.63,69.75,70.446,70.8306,71.9955,DOWN,0
2019-04-18,67.62,68.62,69.644,70.7568,71.9936,UP,1
2019-04-22,68.9,67.73,69.202,70.7226,71.9963,UP,1
2019-04-23,69.48,68.75,68.858,70.6998,71.9943,DOWN,0
2019-04-24,69.29,69.66,68.784,70.6778,71.9898,DOWN,0
2019-04-25,69.2,68.72,68.898,70.6814,71.9839,UP,1
2019-04-26,69.69,69.41,69.312,70.704,71.9809,DOWN,0
2019-04-29,68.55,69.47,69.242,70.6956,71.9727,UP,1
2019-04-30,70.05,68.57,69.356,70.7064,71.9702,UP,1
2019-05-01,70.1,69.94,69.518,70.7024,71.9665,DOWN,0
2019-05-02,66.37,69.77,68.952,70.6286,71.9473,UP,1
2019-05-03,67.1,66.53,68.434,70.551,71.9292,UP,1
2019-05-06,67.5,66.51,68.224,70.491,71.9137,UP,1
2019-05-07,68.25,68.61,67.864,70.4662,71.9031,UP,1
2019-05-08,68.3,68.15,67.504,70.4522,71.8925,UP,1
2019-05-09,68.63,68.18,67.956,70.4428,71.8905,DOWN,0
2019-05-10,67.45,68.46,68.026,70.4056,71.8861,DOWN,0
2019-05-13,66.54,66.99,67.834,70.3174,71.8667,UP,1
2019-05-14,67.02,66.76,67.588,70.242,71.8516,UP,1
2019-05-15,67.07,67.08,67.342,70.1602,71.8379,DOWN,0
2019-05-16,66.88,67.25,66.992,70.087,71.8211,UP,1
2019-05-17,67.63,66.83,67.028,70.0294,71.8079,DOWN,0
2019-05-20,67.54,67.63,67.228,69.98,71.7971,DOWN,0
2019-05-21,65.36,67.57,66.896,69.883,71.7713,DOWN,0
2019-05-22,63.66,65.36,66.214,69.7622,71.7288,DOWN,0
2019-05-23,63.08,63.29,65.454,69.627,71.6813,DOWN,0
2019-05-24,62.13,63.18,64.354,69.5058,71.6331,DOWN,0
2019-05-28,60.79,62.13,63.004,69.3314,71.58,DOWN,0
2019-05-29,59.93,60.6,61.918,69.132,71.5215,UP,1
2019-05-30,60.05,59.91,61.196,68.9388,71.4663,DOWN,0
2019-05-31,59.25,59.84,60.43,68.7364,71.4079,UP,1
2019-06-03,60.24,59.25,60.052,68.5212,71.3506,UP,1
2019-06-04,61.23,60.36,60.14,68.3126,71.3105,UP,1
2019-06-05,62.35,61.59,60.624,68.103,71.2893,UP,1
2019-06-06,62.39,62.14,61.092,67.8908,71.2733,DOWN,0
2019-06-07,60.99,62.58,61.44,67.6652,71.2501,UP,1
2019-06-10,61.42,60.9,61.676,67.4152,71.231,UP,1
2019-06-11,61.92,61.42,61.814,67.1548,71.2097,DOWN,0
2019-06-12,61.37,62.14,61.618,66.9028,71.1811,DOWN,0
2019-06-13,61.21,61.43,61.382,66.6398,71.152,UP,1
2019-06-14,61.71,61.33,61.526,66.4122,71.1199,DOWN,0
2019-06-17,59.85,61.44,61.212,66.2028,71.0797,DOWN,0
2019-06-18,58.97,59.99,60.622,65.9496,71.0359,UP,1
2019-06-19,61.32,60.76,60.612,65.7186,71.0069,UP,1
2019-06-20,61.34,61.44,60.638,65.487,70.9756,DOWN,0
2019-06-21,60.84,61.33,60.464,65.2558,70.9439,DOWN,0
2019-06-24,60.76,60.79,60.646,65.0384,70.9113,UP,1
2019-06-25,62.54,60.83,61.36,64.867,70.8879,UP,1
2019-06-26,63.0,62.12,61.696,64.703,70.8687,DOWN,0
2019-06-27,61.7,62.74,61.768,64.5438,70.8421,UP,1
2019-06-28,63.36,61.85,62.272,64.4384,70.8232,DOWN,0
2019-07-01,62.53,63.53,62.626,64.3366,70.8002,UP,1
2019-07-02,62.62,62.84,62.642,64.211,70.7765,UP,1
2019-07-03,63.72,62.65,62.786,64.0958,70.7551,UP,1
2019-07-05,64.34,63.54,63.314,63.9968,70.7433,UP,1
2019-07-08,64.39,64.43,63.52,63.9006,70.7311,UP,1
2019-07-09,65.08,64.37,64.03,63.8084,70.7302,UP,1
2019-07-10,66.2,65.0,64.746,63.7614,70.7305,UP,1
2019-07-11,67.58,66.29,65.518,63.712,70.7334,DOWN,0
2019-07-12,65.93,67.6,65.836,63.6286,70.7309,UP,1
2019-07-15,66.37,66.0,66.232,63.6286,70.7273,UP,1
2019-07-16,66.79,66.63,66.574,63.6224,70.7277,UP,1
2019-07-17,67.08,66.71,66.75,63.614,70.7352,UP,1
2019-07-18,67.96,67.2,66.826,63.6082,70.742,UP,1
2019-07-19,68.57,68.05,67.354,63.6136,70.7551,DOWN,0
2019-07-22,67.56,68.64,67.592,63.5922,70.7329,DOWN,0
2019-07-23,63.66,65.63,66.966,63.5164,70.69,DOWN,0
2019-07-24,63.49,63.19,66.248,63.4554,70.6412,UP,1
2019-07-25,64.79,63.1,65.614,63.4108,70.5917,DOWN,0
2019-07-26,64.68,65.12,64.836,63.363,70.5451,UP,1
2019-07-29,65.55,64.86,64.434,63.3364,70.4997,UP,1
2019-07-30,67.54,65.71,65.21,63.3346,70.4714,DOWN,0
2019-07-31,67.12,67.7,65.936,63.3262,70.4463,DOWN,0
2019-08-01,66.55,67.26,66.288,63.35,70.4143,UP,1
2019-08-02,67.06,66.7,66.764,63.418,70.3837,DOWN,0
2019-08-05,65.36,66.63,66.726,63.4636,70.3341,DOWN,0
2019-08-06,64.95,65.41,66.208,63.52,70.2783,UP,1
2019-08-07,65.62,64.83,65.908,63.6166,70.2282,UP,1
2019-08-08,66.84,65.08,65.966,63.7548,70.1795,UP,1
2019-08-09,67.06,67.05,65.966,63.895,70.1291,UP,1
2019-08-12,67.9,66.86,66.474,64.068,70.0778,DOWN,0
2019-08-13,67.3,67.91,66.944,64.2092,70.019,DOWN,0
2019-08-14,66.8,67.23,67.18,64.3206,69.9628,UP,1
2019-08-15,67.9,66.94,67.392,64.4316,69.9172,UP,1
2019-08-16,68.81,68.19,67.742,64.56,69.8753,UP,1
2019-08-19,70.12,69.04,68.186,64.7426,69.8419,DOWN,0
2019-08-20,68.25,69.84,68.376,64.8792,69.7924,UP,1
2019-08-21,68.44,68.51,68.704,65.0096,69.7484,UP,1
2019-08-22,69.51,68.63,69.026,65.1724,69.7111,DOWN,0
2019-08-23,68.4,69.42,68.944,65.3162,69.6599,UP,1
2019-08-26,68.87,68.83,68.694,65.4594,69.603,DOWN,0
2019-08-27,68.45,68.88,68.734,65.6314,69.5412,UP,1
2019-08-28,68.77,68.56,68.8,65.8274,69.4766,UP,1
2019-08-29,69.92,69.2,68.882,65.9994,69.4161,UP,1
2019-08-30,70.39,70.28,69.28,66.1804,69.3574,UP,1
2019-09-03,71.36,70.1,69.778,66.3908,69.2974,UP,1
2019-09-04,72.38,71.59,70.564,66.6232,69.2444,DOWN,0
2019-09-05,71.79,72.76,71.168,66.8082,69.1923,DOWN,0
2019-09-06,71.22,71.97,71.428,66.9726,69.1351,DOWN,0
2019-09-09,71.06,71.3,71.562,67.1598,69.0864,DOWN,0
2019-09-10,70.57,70.77,71.404,67.304,69.0362,UP,1
2019-09-11,71.58,70.6,71.244,67.485,68.9852,UP,1
2019-09-12,71.95,71.85,71.276,67.6716,68.9392,UP,1
2019-09-13,72.15,71.83,71.462,67.8402,68.8981,UP,1
2019-09-16,73.19,72.26,71.888,68.0172,68.8763,UP,1
2019-09-17,74.0,72.88,72.574,68.2094,68.8608,DOWN,0
2019-09-18,73.75,74.12,73.008,68.3828,68.8458,DOWN,0
2019-09-19,73.63,73.73,73.344,68.5314,68.8305,DOWN,0
2019-09-20,73.52,74.0,73.618,68.6502,68.8202,UP,1
2019-09-23,74.14,73.68,73.808,68.8144,68.8134,DOWN,0
2019-09-24,73.86,74.28,73.78,68.9642,68.8121,DOWN,0
2019-09-25,73.86,73.64,73.802,69.1056,68.8141,DOWN,0
2019-09-26,73.59,74.13,73.794,69.2358,68.8152,DOWN,0
2019-09-27,73.36,73.84,73.762,69.3438,68.8062,DOWN,0
2019-09-30,72.72,73.34,73.478,69.4268,68.7878,UP,1
2019-10-01,73.57,72.82,73.42,69.547,68.7672,DOWN,0
2019-10-02,73.35,73.6,73.318,69.7408,68.7548,UP,1
2019-10-03,77.88,73.54,74.176,70.0286,68.767,DOWN,0
2019-10-04,77.77,78.0,75.058,70.2882,68.7777,DOWN,0
2019-10-07,75.91,77.54,75.696,70.5128,68.7823,UP,1
2019-10-08,76.57,75.76,76.296,70.7332,68.7982,DOWN,0
2019-10-09,75.96,76.57,76.818,70.9016,68.81,UP,1
2019-10-10,76.41,75.79,76.524,71.0874,68.8344,DOWN,0
2019-10-11,76.09,76.55,76.188,71.2782,68.848,DOWN,0
2019-10-14,75.84,76.19,76.174,71.4538,68.8585,DOWN,0
2019-10-15,75.5,75.94,75.96,71.6566,68.868,UP,1
2019-10-16,76.23,75.7,76.014,71.8822,68.8813,UP,1
2019-10-17,77.05,76.41,76.142,72.1108,68.8983,DOWN,0
2019-10-18,76.97,77.13,76.318,72.3134,68.9182,DOWN,0
2019-10-21,76.82,76.97,76.514,72.5086,68.9244,DOWN,0
2019-10-22,75.33,77.18,76.48,72.6572,68.9483,DOWN,0
2019-10-23,74.81,75.33,76.196,72.8074,68.9678,DOWN,0
2019-10-24,74.6,74.81,75.706,72.9634,68.9922,UP,1
2019-10-25,75.0,74.88,75.312,73.1054,69.0179,UP,1
2019-10-28,76.03,75.15,75.154,73.2498,69.0507,UP,1
2019-10-29,77.02,75.99,75.492,73.3878,69.0976,UP,1
2019-10-30,77.75,77.14,76.08,73.5778,69.1419,UP,1
2019-10-31,78.04,77.58,76.768,73.7698,69.1812,DOWN,0
2019-11-01,77.57,78.34,77.282,73.931,69.2145,DOWN,0
2019-11-04,77.21,77.44,77.518,74.1072,69.2462,DOWN,0
2019-11-05,76.86,77.04,77.486,74.267,69.2767,UP,1
2019-11-06,79.07,76.95,77.75,74.4794,69.3084,DOWN,0
2019-11-07,79.0,79.21,77.942,74.684,69.3466,DOWN,0
2019-11-08,78.95,78.93,78.218,74.8646,69.3859,UP,1
2019-11-11,80.49,78.72,78.874,75.0666,69.4313,DOWN,0
2019-11-12,80.12,80.41,79.526,75.2418,69.4697,UP,1
2019-11-13,81.0,79.99,79.912,75.4142,69.5118,UP,1
2019-11-14,81.04,81.07,80.32,75.5992,69.5555,UP,1
2019-11-15,82.94,81.2,81.118,75.8336,69.6082,UP,1
2019-11-18,83.36,82.7,81.692,76.0796,69.6685,UP,1
2019-11-19,83.75,83.53,82.418,76.3432,69.7291,DOWN,0
2019-11-20,83.49,83.71,82.916,76.5814,69.79,DOWN,0
2019-11-21,82.84,83.24,83.276,76.7992,69.8511,UP,1
2019-11-22,82.91,83.07,83.27,77.0144,69.9126,UP,1
2019-11-25,83.43,83.27,83.284,77.2192,69.9778,UP,1
2019-11-26,83.85,83.7,83.304,77.4162,70.0519,UP,1
2019-11-27,84.02,83.85,83.41,77.6216,70.1292,DOWN,0
2019-11-29,83.98,83.97,83.638,77.8286,70.2043,UP,1
2019-12-02,84.03,83.81,83.862,78.0388,70.2769,UP,1
2019-12-03,84.41,83.95,84.058,78.2442,70.3474,DOWN,0
2019-12-04,84.13,84.22,84.114,78.4496,70.4178,UP,1
2019-12-05,84.41,84.35,84.192,78.6606,70.4849,DOWN,0
2019-12-06,84.22,84.4,84.24,78.8732,70.5535,DOWN,0
2019-12-09,84.16,84.26,84.266,79.0892,70.6269,DOWN,0
2019-12-10,84.02,84.29,84.188,79.3152,70.702,UP,1
2019-12-11,84.38,84.27,84.238,79.5314,70.7784,DOWN,0
2019-12-12,84.11,84.36,84.178,79.7466,70.8524,DOWN,0
2019-12-13,84.1,83.89,84.154,79.871,70.9181,DOWN,0
2019-12-16,83.97,84.05,84.116,79.995,70.984,UP,1
2019-12-17,84.09,84.03,84.13,80.1586,71.0487,UP,1
2019-12-18,84.17,84.31,84.088,80.3106,71.1168,UP,1
2019-12-19,84.2,84.39,84.106,80.4754,71.1853,UP,1
2019-12-20,85.83,84.86,84.452,80.6638,71.2644,DOWN,0
2019-12-23,85.5,86.23,84.758,80.852,71.3408,DOWN,0
2019-12-24,85.14,85.56,84.968,81.038,71.418,UP,1
2019-12-26,86.15,85.18,85.364,81.251,71.4996,DOWN,0
2019-12-27,86.07,86.22,85.738,81.4478,71.589,DOWN,0
2019-12-30,85.45,85.96,85.662,81.6158,71.6687,UP,1
2019-12-31,86.03,85.52,85.768,81.797,71.7493,DOWN,0
2020-01-02,84.09,85.77,85.558,81.9424,71.8212,UP,1
2020-01-03,93.56,87.15,87.04,82.307,71.9422,DOWN,0
2020-01-06,90.7,92.45,87.966,82.6248,72.0407,UP,1
2020-01-07,91.21,90.55,89.118,82.957,72.1384,UP,1
2020-01-08,91.26,91.2,90.164,83.2822,72.2306,DOWN,0
2020-01-09,90.79,91.95,91.504,83.5774,72.3195,DOWN,0
2020-01-10,90.48,90.83,90.888,83.8466,72.4106,UP,1
2020-01-13,91.23,90.27,90.994,84.1162,72.4971,DOWN,0
2020-01-14,90.67,91.06,90.886,84.3688,72.5758,UP,1
2020-01-15,90.88,90.73,90.81,84.635,72.6603,UP,1
2020-01-16,91.0,90.94,90.852,84.9108,72.7435,DOWN,0
2020-01-17,90.5,91.21,90.856,85.1836,72.8306,UP,1
2020-01-21,91.2,90.52,90.85,85.4262,72.935,DOWN,0
2020-01-22,91.19,91.23,90.954,85.67,73.0328,DOWN,0
2020-01-23,90.89,90.95,90.956,85.9088,73.1229,DOWN,0
2020-01-24,90.69,91.09,90.894,86.1128,73.2117,DOWN,0
2020-01-27,90.43,90.64,90.88,86.319,73.3019,UP,1
2020-01-28,91.66,90.11,90.972,86.5322,73.402,UP,1
2020-01-29,92.05,91.6,91.144,86.7524,73.5067,UP,1
2020-01-30,92.12,91.53,91.39,86.936,73.6113,DOWN,0
2020-01-31,91.31,91.87,91.514,87.095,73.7196,UP,1
2020-02-03,91.75,91.67,91.778,87.255,73.8352,UP,1
2020-02-04,92.28,92.21,91.902,87.4308,73.9585,UP,1
2020-02-05,92.58,92.38,92.008,87.6256,74.0769,UP,1
2020-02-06,93.17,92.77,92.218,87.8308,74.1953,UP,1
2020-02-07,94.45,93.38,92.846,88.0512,74.3211,UP,1
2020-02-10,94.58,94.43,93.412,88.2658,74.448,UP,1
2020-02-11,95.13,94.61,93.982,88.488,74.5752,DOWN,0
2020-02-12,94.51,94.98,94.368,88.6986,74.705,UP,1
2020-02-13,95.09,94.6,94.752,88.9198,74.8302,UP,1
2020-02-14,95.17,95.14,94.896,89.135,74.9556,UP,1
2020-02-18,95.87,94.94,95.154,89.3698,75.1031,DOWN,0
2020-02-19,94.35,95.98,94.998,89.5686,75.2393,UP,1
2020-02-20,94.92,94.23,95.08,89.7826,75.3764,DOWN,0
2020-02-21,94.84,94.92,95.03,89.9962,75.5094,UP,1
2020-02-24,95.32,94.0,95.06,90.2222,75.6445,DOWN,0
2020-02-25,93.77,95.2,94.64,90.41,75.7702,DOWN,0
2020-02-26,92.54,94.01,94.278,90.5786,75.8956,DOWN,0
2020-02-27,89.45,92.1,93.184,90.6856,76.0102,DOWN,0
2020-02-28,86.89,88.1,91.594,90.744,76.1095,DOWN,0
2020-03-02,86.65,86.94,89.86,90.7952,76.2074,DOWN,0
2020-03-03,85.5,86.44,88.206,90.8218,76.3005,UP,1
2020-03-04,88.09,86.56,87.316,90.8996,76.4028,DOWN,0
2020-03-05,86.36,87.32,86.698,90.9102,76.4969,DOWN,0
2020-03-06,83.37,83.78,85.994,90.8676,76.587,DOWN,0
2020-03-09,73.38,79.76,83.34,90.6324,76.6356,DOWN,0
2020-03-10,72.73,75.0,80.786,90.364,76.6838,DOWN,0
2020-03-11,71.43,71.01,77.454,90.0712,76.7303,DOWN,0
2020-03-12,63.36,67.57,72.854,89.6294,76.7432,UP,1
2020-03-13,63.85,65.78,68.95,89.1858,76.7628,DOWN,0
2020-03-16,52.44,58.32,64.762,88.5528,76.7247,UP,1
2020-03-17,53.13,53.35,60.842,87.7442,76.6941,DOWN,0
2020-03-18,45.01,50.4,55.558,86.8304,76.618,UP,1
2020-03-19,48.81,43.07,52.648,85.9824,76.5559,DOWN,0
2020-03-20,47.63,49.45,49.404,85.1098,76.4823,UP,1
2020-03-23,47.71,46.06,48.458,84.2482,76.4089,UP,1
2020-03-24,55.04,49.86,48.84,83.5394,76.3791,UP,1
2020-03-25,56.33,55.0,51.104,82.8414,76.3537,UP,1
2020-03-26,58.84,56.89,53.11,82.2048,76.3383,DOWN,0
2020-03-27,57.25,56.51,55.034,81.5322,76.3177,UP,1
2020-03-30,57.64,57.77,57.02,80.865,76.2998,DOWN,0
2020-03-31,57.1,57.79,57.432,80.197,76.2768,DOWN,0
2020-04-01,51.0,52.0,56.366,79.393,76.2325,DOWN,0
2020-04-02,49.88,49.75,54.574,78.5668,76.1871,UP,1
2020-04-03,50.2,49.88,53.164,77.753,76.1315,UP,1
2020-04-06,51.82,52.71,52.0,76.9756,76.0839,UP,1
2020-04-07,55.1,54.52,51.6,76.269,76.0552,UP,1
2020-04-08,57.75,55.43,52.95,75.5908,76.0401,UP,1
2020-04-09,58.4,58.71,54.654,74.9178,76.0194,DOWN,0
2020-04-13,58.26,58.39,56.266,74.2406,75.9957,UP,1
2020-04-14,60.7,59.09,58.042,73.6284,75.9907,DOWN,0
2020-04-15,55.91,58.61,58.204,72.9116,75.9535,UP,1
2020-04-16,57.55,56.36,58.164,72.217,75.9286,UP,1
2020-04-17,59.92,59.3,58.468,71.5638,75.9151,DOWN,0
2020-04-20,57.51,59.24,58.318,70.8506,75.884,DOWN,0
2020-04-21,55.71,55.22,57.32,70.0758,75.8409,UP,1
2020-04-22,56.33,56.68,57.404,69.3108,75.8006,UP,1
2020-04-23,56.69,56.34,57.232,68.542,75.7586,UP,1
2020-04-24,57.78,57.09,56.804,67.8074,75.7165,UP,1
2020-04-27,58.55,57.94,57.012,67.0766,75.6714,UP,1
2020-04-28,60.16,59.86,57.902,66.3764,75.6425,UP,1
2020-04-29,64.89,61.42,59.614,65.7568,75.6351,DOWN,0
2020-04-30,61.36,63.43,60.548,65.097,75.608,DOWN,0
2020-05-01,58.35,60.54,60.662,64.3656,75.5643,DOWN,0
2020-05-04,57.7,57.68,60.492,63.6228,75.513,UP,1
2020-05-05,58.97,58.36,60.254,62.8958,75.465,UP,1
2020-05-06,59.0,59.13,59.076,62.2004,75.4222,DOWN,0
2020-05-07,55.42,59.69,57.888,61.458,75.381,UP,1
2020-05-08,61.54,56.98,58.526,60.8998,75.3713,DOWN,0
2020-05-11,59.66,60.75,58.918,60.3552,75.3456,DOWN,0
2020-05-12,58.23,60.11,58.77,59.7868,75.3134,DOWN,0
2020-05-13,54.78,57.96,57.926,59.1724,75.2595,DOWN,0
2020-05-14,54.51,53.8,57.744,58.5008,75.1944,DOWN,0
2020-05-15,52.09,54.21,55.854,57.8154,75.1192,UP,1
2020-05-18,56.37,54.03,55.196,57.2754,75.0683,DOWN,0
2020-05-19,55.86,56.1,54.722,56.925,75.0123,UP,1
2020-05-20,56.27,56.07,55.02,56.5958,74.9669,DOWN,0
2020-05-21,55.83,56.12,55.284,56.2838,74.9213,UP,1
2020-05-22,57.22,56.2,56.31,56.161,74.8793,UP,1
2020-05-26,60.7,59.72,57.176,56.098,74.8486,UP,1
2020-05-27,61.95,61.73,58.394,56.2882,74.823,DOWN,0
2020-05-28,59.62,62.58,59.064,56.418,74.7816,UP,1
2020-05-29,60.06,58.96,59.91,56.719,74.7454,UP,1
2020-06-01,61.59,60.92,60.784,56.9746,74.7194,UP,1
2020-06-02,61.77,62.81,60.998,57.2574,74.6887,UP,1
2020-06-03,64.78,62.74,61.564,57.5988,74.6686,UP,1
2020-06-04,65.81,64.35,62.802,57.8142,74.647,UP,1
2020-06-05,71.25,69.3,65.04,58.1126,74.662,UP,1
2020-06-08,74.58,71.32,67.638,58.4274,74.6927,DOWN,0
2020-06-09,71.9,73.38,69.664,58.7204,74.7047,DOWN,0
2020-06-10,70.52,71.34,70.812,58.978,74.7153,DOWN,0
2020-06-11,63.26,68.08,70.302,59.1012,74.6872,UP,1
2020-06-12,64.97,65.41,69.046,59.3806,74.6698,UP,1
2020-06-15,65.52,63.06,67.234,59.6934,74.6536,UP,1
2020-06-16,67.96,68.44,66.446,60.0486,74.6438,DOWN,0
2020-06-17,67.83,68.12,65.908,60.3688,74.631,DOWN,0
2020-06-18,67.79,66.77,66.814,60.6226,74.6131,DOWN,0
2020-06-19,66.2,68.9,67.06,60.7916,74.5822,DOWN,0
2020-06-22,65.85,66.07,67.126,60.9406,74.5525,UP,1
2020-06-23,66.54,66.55,66.842,61.1062,74.5291,DOWN,0
2020-06-24,63.05,65.47,65.886,61.1532,74.4891,UP,1
2020-06-25,63.86,62.33,65.1,61.3122,74.4555,DOWN,0
2020-06-26,62.53,63.69,64.366,61.4118,74.4103,UP,1
2020-06-29,63.26,63.24,63.848,61.4786,74.3668,UP,1
2020-06-30,63.93,63.42,63.326,61.607,74.3257,DOWN,0
2020-07-01,63.42,63.87,63.4,61.7612,74.2769,UP,1
2020-07-02,63.46,64.71,63.32,61.9038,74.2242,UP,1
2020-07-06,64.05,64.86,63.624,62.051,74.1757,DOWN,0
2020-07-07,63.05,63.58,63.582,62.1564,74.1228,DOWN,0
2020-07-08,61.85,62.65,63.166,62.2224,74.0644,DOWN,0
2020-07-09,59.96,61.28,62.474,62.2184,73.9935,UP,1
2020-07-10,63.01,59.94,62.384,62.1808,73.9393,UP,1
2020-07-13,63.8,63.68,62.334,62.2296,73.889,UP,1
2020-07-14,66.15,63.63,62.954,62.3856,73.8518,UP,1
2020-07-15,68.26,67.78,64.236,62.5968,73.8263,DOWN,0
2020-07-16,66.92,67.84,65.628,62.7558,73.7973,DOWN,0
2020-07-17,66.4,67.26,66.306,62.9038,73.7614,DOWN,0
2020-07-20,65.0,66.23,66.546,63.0954,73.7197,UP,1
2020-07-21,65.94,65.29,66.504,63.1834,73.66,UP,1
2020-07-22,68.16,65.76,66.484,63.3534,73.6119,UP,1
2020-07-23,68.72,67.94,66.844,63.5632,73.576,DOWN,0
2020-07-24,67.79,68.38,67.122,63.8234,73.5321,UP,1
2020-07-27,70.5,67.86,68.222,64.1432,73.5048,DOWN,0
2020-07-28,62.42,65.26,67.518,64.3498,73.4348,DOWN,0
2020-07-29,59.81,62.22,65.848,64.4186,73.3534,DOWN,0
2020-07-30,59.32,59.04,63.968,64.4878,73.2708,UP,1
2020-07-31,60.08,59.87,62.426,64.564,73.1937,UP,1
2020-08-03,60.13,60.24,60.352,64.65,73.1132,UP,1
2020-08-04,61.74,60.21,60.216,64.7404,73.0367,UP,1
2020-08-05,62.8,62.12,60.814,64.7824,72.9658,UP,1
2020-08-06,63.5,61.9,61.65,64.8134,72.8992,DOWN,0
2020-08-07,62.75,63.12,62.184,64.876,72.8363,UP,1
2020-08-10,64.57,63.01,63.072,64.9662,72.7851,DOWN,0
2020-08-11,64.21,65.41,63.566,65.0186,72.7332,UP,1
2020-08-12,64.38,64.87,63.882,65.0708,72.6801,UP,1
2020-08-13,64.69,64.03,64.12,65.069,72.6234,DOWN,0
2020-08-14,64.65,64.21,64.5,65.0458,72.5615,DOWN,0
2020-08-17,63.45,64.92,64.276,64.8898,72.49,DOWN,0
2020-08-18,63.28,63.46,64.09,64.6638,72.4162,UP,1
2020-08-19,64.06,63.4,64.026,64.507,72.3487,DOWN,0
2020-08-20,62.34,63.17,63.556,64.3434,72.2743,DOWN,0
2020-08-21,61.48,62.39,62.922,64.3078,72.1974,UP,1
2020-08-24,63.66,61.82,62.964,64.2816,72.1204,DOWN,0
2020-08-25,62.93,63.97,62.894,64.2298,72.04,DOWN,0
2020-08-26,61.45,62.46,62.372,64.0996,71.9525,UP,1
2020-08-27,62.45,62.06,62.394,63.992,71.8623,UP,1
2020-08-28,64.19,62.62,62.936,63.92,71.7827,DOWN,0
2020-08-31,62.85,63.97,62.774,63.853,71.6919,DOWN,0
2020-09-01,61.33,62.55,62.454,63.7626,71.5934,UP,1
2020-09-02,62.77,61.37,62.718,63.6872,71.4925,UP,1
2020-09-03,63.28,63.26,62.884,63.6918,71.3921,DOWN,0
2020-09-04,62.44,63.44,62.534,63.6634,71.2856,DOWN,0
2020-09-08,61.1,62.19,62.184,63.6348,71.1736,UP,1
2020-09-09,61.4,61.78,62.198,63.5976,71.0664,UP,1
2020-09-10,62.0,61.59,62.044,63.559,70.9619,UP,1
2020-09-11,63.33,62.0,62.054,63.5572,70.8614,UP,1
2020-09-14,65.61,63.54,62.688,63.6002,70.7702,UP,1
2020-09-15,67.25,65.65,63.918,63.6642,70.6863,UP,1
2020-09-16,68.19,67.04,65.276,63.767,70.6074,UP,1
2020-09-17,70.1,67.39,66.896,63.932,70.5377,DOWN,0
2020-09-18,68.34,69.85,67.898,64.0996,70.4574,DOWN,0
2020-09-21,65.01,67.09,67.778,64.1396,70.3618,DOWN,0
2020-09-22,63.57,64.77,67.042,64.135,70.2576,DOWN,0
2020-09-23,63.53,64.53,66.11,64.0826,70.1541,DOWN,0
2020-09-24,62.67,63.49,64.624,63.9708,70.0467,UP,1
2020-09-25,64.89,62.61,63.934,63.9302,69.951,UP,1
2020-09-28,66.77,65.74,64.286,63.9376,69.863,DOWN,0
2020-09-29,65.29,66.45,64.63,63.9434,69.7689,UP,1
2020-09-30,66.27,66.03,65.178,63.95,69.6797,UP,1
2020-10-01,66.67,66.84,65.978,63.9202,69.5932,UP,1
2020-10-02,67.93,65.6,66.586,63.9044,69.5124,UP,1
2020-10-05,69.55,68.35,67.142,63.9396,69.4393,UP,1
2020-10-06,70.16,70.0,68.116,63.9328,69.3691,UP,1
2020-10-07,72.21,72.0,69.304,64.1286,69.301,UP,1
2020-10-08,74.33,72.63,70.836,64.419,69.2452,DOWN,0
2020-10-09,73.21,74.56,71.892,64.6968,69.1855,DOWN,0
2020-10-12,72.62,73.45,72.506,64.9476,69.1179,DOWN,0
2020-10-13,71.96,71.95,72.866,65.1842,69.0473,UP,1
2020-10-14,72.13,71.91,72.85,65.392,68.9807,UP,1
2020-10-15,73.24,71.03,72.632,65.6008,68.9168,DOWN,0
2020-10-16,72.7,73.28,72.53,65.7848,68.8598,DOWN,0
2020-10-19,71.66,72.66,72.338,65.963,68.7503,UP,1
2020-10-20,71.89,72.34,72.324,66.1094,68.6563,DOWN,0
2020-10-21,71.34,72.02,72.166,66.252,68.5569,UP,1
2020-10-22,72.88,71.73,72.094,66.422,68.465,DOWN,0
2020-10-23,72.11,73.3,71.976,66.5704,68.3716,DOWN,0
2020-10-26,67.79,71.06,71.202,66.6332,68.2582,DOWN,0
2020-10-27,66.23,67.68,70.07,66.6888,68.1332,DOWN,0
2020-10-28,63.31,64.45,68.464,66.6894,67.9964,UP,1
2020-10-29,64.09,63.22,66.706,66.69,67.8624,DOWN,0
2020-10-30,63.45,64.09,64.974,66.7122,67.7247,UP,1
2020-11-02,65.67,64.52,64.55,66.796,67.6005,UP,1
2020-11-03,67.23,66.75,64.75,66.8674,67.4807,DOWN,0
2020-11-04,67.21,67.7,65.53,66.953,67.3608,UP,1
2020-11-05,67.76,67.91,66.264,67.0792,67.2451,DOWN,0
2020-11-06,66.39,67.78,66.852,67.158,67.1236,UP,1
2020-11-09,75.87,72.86,68.892,67.3916,67.0508,UP,1
2020-11-10,76.46,76.46,70.738,67.6638,66.9748,DOWN,0
2020-11-11,73.78,76.48,72.052,67.9128,66.8835,DOWN,0
2020-11-12,71.41,73.1,72.782,68.0856,66.7799,UP,1
2020-11-13,71.93,72.0,73.89,68.2586,66.683,UP,1
2020-11-16,74.23,74.26,73.562,68.4944,66.5954,UP,1
2020-11-17,74.5,73.44,73.17,68.7624,66.5065,DOWN,0
2020-11-18,73.24,74.62,73.062,68.9992,66.4098,DOWN,0
2020-11-19,71.6,72.49,73.1,69.1912,66.302,DOWN,0
2020-11-20,69.62,71.21,72.638,69.317,66.1778,UP,1
2020-11-23,70.07,70.04,71.806,69.4062,66.0553,UP,1
2020-11-24,71.98,71.53,71.302,69.5008,65.9395,UP,1
2020-11-25,73.26,71.96,71.306,69.6022,65.8333,DOWN,0
2020-11-27,73.19,73.02,71.624,69.664,65.7238,DOWN,0
2020-11-30,72.38,73.0,72.176,69.7448,65.6098,UP,1
2020-12-01,72.75,73.29,72.712,69.8996,65.4942,DOWN,0
2020-12-02,72.63,71.77,72.842,70.0808,65.3856,UP,1
2020-12-03,75.66,73.0,73.322,70.3234,65.2893,UP,1
2020-12-04,76.38,75.42,73.96,70.5976,65.197,UP,1
2020-12-07,76.6,78.5,74.804,70.8318,65.1034,UP,1
2020-12-08,77.5,75.79,75.754,71.0464,65.0221,DOWN,0
2020-12-09,77.4,77.8,76.708,71.2886,64.9464,DOWN,0
2020-12-10,76.39,76.58,76.854,71.491,64.8811,UP,1
2020-12-11,77.28,75.93,77.034,71.7032,64.833,DOWN,0
2020-12-14,76.54,77.83,77.022,71.8754,64.7825,UP,1
2020-12-15,76.87,76.98,76.896,72.0218,64.7393,DOWN,0
2020-12-16,76.09,76.7,76.634,72.1404,64.6793,UP,1
2020-12-17,78.64,76.59,77.084,72.269,64.6407,UP,1
2020-12-18,78.66,78.88,77.36,72.3556,64.6172,DOWN,0
2020-12-21,77.47,77.01,77.546,72.4408,64.6376,DOWN,0
2020-12-22,77.34,77.98,77.64,72.5352,64.6607,UP,1
2020-12-23,78.6,77.6,78.142,72.668,64.6965,DOWN,0
2020-12-24,77.65,78.44,77.944,72.7784,64.768,DOWN,0
2020-12-28,77.44,78.35,77.7,72.8624,64.8359,DOWN,0
2020-12-29,76.84,77.65,77.574,72.9452,64.9579,UP,1
2020-12-30,77.36,76.77,77.578,73.0592,65.0791,UP,1
2020-12-31,78.74,77.59,77.606,73.1962,65.2477,DOWN,0
2021-01-04,75.67,78.38,77.21,73.2828,65.382,DOWN,0
2021-01-05,75.39,75.83,76.8,73.333,65.5208,UP,1
2021-01-06,76.63,76.29,76.758,73.4234,65.6654,DOWN,0
2021-01-07,75.7,77.12,76.426,73.5816,65.7687,UP,1
2021-01-08,76.83,75.3,76.044,73.7936,65.8712,DOWN,0
2021-01-11,76.01,76.1,76.112,74.0476,65.9571,DOWN,0
2021-01-12,75.08,75.63,76.05,74.2674,66.0462,UP,1
2021-01-13,76.69,74.81,76.062,74.5322,66.1415,UP,1
2021-01-14,78.14,77.17,76.55,74.7816,66.2467,UP,1
2021-01-15,78.5,77.73,76.884,75.007,66.3842,DOWN,0
2021-01-19,77.09,79.22,77.1,75.2046,66.5202,UP,1
2021-01-20,77.37,76.95,77.558,75.3968,66.6561,DOWN,0
2021-01-21,77.07,77.33,77.634,75.6104,66.7823,UP,1
2021-01-22,78.15,77.08,77.636,75.656,66.8976,DOWN,0
2021-01-25,78.03,77.55,77.542,75.6874,66.999,DOWN,0
2021-01-26,76.93,78.61,77.51,75.7504,67.0916,DOWN,0
2021-01-27,73.38,75.64,76.712,75.7898,67.1672,UP,1
2021-01-28,76.91,74.34,76.68,75.8894,67.2483,DOWN,0
2021-01-29,74.7,76.29,75.99,75.8988,67.3422,UP,1
2021-02-01,75.6,75.16,75.504,75.9208,67.4325,UP,1
2021-02-02,77.84,76.5,75.686,76.0128,67.5221,UP,1
2021-02-03,78.54,77.17,76.718,76.1516,67.6272,UP,1
2021-02-04,79.22,78.79,77.18,76.3436,67.7448,UP,1
2021-02-05,79.5,80.0,78.14,76.5322,67.8606,UP,1
2021-02-08,79.71,79.53,78.962,76.6868,67.9757,DOWN,0
2021-02-09,78.77,79.8,79.148,76.797,68.0807,DOWN,0
2021-02-10,77.08,79.49,78.856,76.8748,68.1733,UP,1
2021-02-11,77.26,76.67,78.464,76.9724,68.2588,DOWN,0
2021-02-12,77.16,76.87,77.996,77.0606,68.3202,DOWN,0
2021-02-16,76.72,77.64,77.398,77.1424,68.397,UP,1
2021-02-17,77.09,76.6,77.062,77.171,68.4907,UP,1
2021-02-18,77.59,76.43,77.164,77.1952,68.5901,UP,1
2021-02-19,78.09,77.85,77.33,77.225,68.6857,UP,1
2021-02-22,80.75,77.88,78.048,77.29,68.7945,UP,1
2021-02-23,83.07,81.29,79.318,77.4034,68.9327,UP,1
2021-02-24,83.59,82.85,80.618,77.5474,69.043,DOWN,0
2021-02-25,80.35,83.55,81.17,77.6088,69.1464,DOWN,0
2021-02-26,79.77,80.86,81.506,77.6734,69.2541,UP,1
2021-03-01,81.27,80.95,81.61,77.7614,69.3866,UP,1
2021-03-02,81.34,81.25,81.264,77.8664,69.5207,UP,1
2021-03-03,83.13,81.17,81.172,77.9562,69.6759,DOWN,0
2021-03-04,82.76,83.13,81.654,78.0382,69.8079,UP,1
2021-03-05,85.8,83.7,82.86,78.2048,69.9576,DOWN,0
2021-03-08,84.3,86.33,83.466,78.344,70.0977,DOWN,0
2021-03-09,81.6,84.01,83.518,78.404,70.2266,DOWN,0
2021-03-10,80.69,81.71,83.03,78.4648,70.3439,DOWN,0
2021-03-11,80.54,80.56,82.586,78.5268,70.4431,UP,1
2021-03-12,80.72,81.05,81.57,78.6044,70.537,UP,1
2021-03-15,82.75,80.54,81.26,78.7122,70.6526,DOWN,0
2021-03-16,80.3,82.43,81.0,78.7434,70.7538,UP,1
2021-03-17,80.76,80.01,81.014,78.8452,70.8497,DOWN,0
2021-03-18,79.92,80.31,80.89,78.9358,70.9404,UP,1
2021-03-19,80.24,79.65,80.794,79.008,71.0177,DOWN,0
2021-03-22,79.25,79.97,80.094,79.079,71.0849,DOWN,0
2021-03-23,78.0,78.71,79.634,79.1024,71.1187,DOWN,0
2021-03-24,77.99,78.11,79.08,79.142,71.1357,UP,1
2021-03-25,79.8,77.91,79.056,79.2364,71.1752,UP,1
2021-03-26,80.64,80.4,79.136,79.3154,71.2258,DOWN,0
2021-03-29,79.19,79.65,79.124,79.3364,71.3055,DOWN,0
2021-03-30,78.92,79.19,79.308,79.3448,71.3752,DOWN,0
2021-03-31,77.48,78.55,79.206,79.3526,71.435,UP,1
2021-04-01,78.08,77.25,78.862,79.3668,71.4856,UP,1
2021-04-05,80.6,81.32,78.854,79.4374,71.5495,UP,1
2021-04-06,80.92,79.97,79.2,79.4928,71.6151,DOWN,0
2021-04-07,77.99,79.13,79.014,79.492,71.6741,DOWN,0
2021-04-08,77.62,75.85,79.042,79.5058,71.7329,DOWN,0
2021-04-09,77.41,77.51,78.908,79.5864,71.7873,UP,1
2021-04-12,78.69,77.47,78.526,79.622,71.8655,DOWN,0
2021-04-13,77.7,78.22,77.882,79.682,71.9347,DOWN,0
2021-04-14,77.52,77.63,77.788,79.7204,72.0096,UP,1
2021-04-15,78.73,78.09,78.01,79.7382,72.087,UP,1
2021-04-16,80.61,79.18,78.65,79.7796,72.1704,DOWN,0
2021-04-19,79.73,80.74,78.858,79.7898,72.2519,DOWN,0
2021-04-20,79.16,79.2,79.15,79.783,72.3304,UP,1
2021-04-21,80.87,79.46,79.82,79.8062,72.4145,DOWN,0
2021-04-22,80.12,80.94,80.098,79.8332,72.4999,UP,1
2021-04-23,81.34,80.49,80.244,79.9184,72.5973,UP,1
2021-04-26,81.61,81.75,80.62,80.0054,72.7056,DOWN,0
2021-04-27,80.46,81.42,80.88,80.0714,72.7928,DOWN,0
2021-04-28,79.68,80.62,80.642,80.1306,72.8722,UP,1
2021-04-29,80.59,80.0,80.736,80.2006,72.9444,DOWN,0
2021-04-30,80.5,80.49,80.568,80.2588,73.0056,UP,1
2021-05-03,81.29,80.67,80.504,80.3228,73.0775,DOWN,0
2021-05-04,78.86,81.39,80.184,80.285,73.1398,DOWN,0
2021-05-05,78.64,79.12,79.976,80.1964,73.208,DOWN,0
2021-05-06,78.05,78.64,79.468,80.0856,73.2685,UP,1
2021-05-07,78.97,77.76,79.162,80.058,73.3226,DOWN,0
2021-05-10,78.9,79.45,78.684,80.0406,73.3735,DOWN,0
2021-05-11,78.14,78.5,78.54,79.978,73.4252,DOWN,0
2021-05-12,76.75,77.98,78.162,79.8862,73.4565,UP,1
2021-05-13,78.4,76.63,78.232,79.7916,73.5364,UP,1
2021-05-14,78.79,78.91,78.196,79.7122,73.6313,DOWN,0
2021-05-17,77.68,77.84,77.952,79.5498,73.7231,DOWN,0
2021-05-18,77.48,77.87,77.82,79.4134,73.8101,DOWN,0
2021-05-19,77.14,76.99,77.898,79.3242,73.8951,UP,1
2021-05-20,77.56,77.33,77.73,79.2616,73.9742,UP,1
2021-05-21,80.24,79.44,78.02,79.2556,74.0614,UP,1
2021-05-24,80.43,80.41,78.57,79.2498,74.1461,DOWN,0
2021-05-25,80.25,80.36,79.124,79.1998,74.2336,UP,1
2021-05-26,80.68,80.54,79.832,79.2074,74.3141,DOWN,0
2021-05-27,80.25,80.93,80.37,79.1972,74.3943,UP,1
2021-05-28,82.49,80.57,80.82,79.2486,74.4849,UP,1
2021-06-01,83.96,83.23,81.526,79.323,74.5812,UP,1
2021-06-02,84.14,83.95,82.304,79.4208,74.6787,DOWN,0
2021-06-03,83.6,83.56,82.888,79.5328,74.7794,UP,1
2021-06-04,84.0,83.97,83.638,79.653,74.883,DOWN,0
2021-06-07,83.8,84.21,83.9,79.733,74.9817,DOWN,0
2021-06-08,83.6,85.61,83.828,79.7922,75.088,DOWN,0
2021-06-09,82.5,83.52,83.5,79.8584,75.1931,DOWN,0
2021-06-10,82.07,82.88,83.194,79.9214,75.2852,UP,1
2021-06-11,83.71,82.48,83.136,80.046,75.3891,DOWN,0
2021-06-14,83.43,83.52,83.062,80.153,75.499,DOWN,0
2021-06-15,82.6,83.97,82.862,80.193,75.5997,DOWN,0
2021-06-16,81.38,82.52,82.638,80.2022,75.6857,DOWN,0
2021-06-17,79.53,81.34,82.13,80.233,75.7691,DOWN,0
2021-06-18,77.95,78.51,80.978,80.2396,75.8522,UP,1
2021-06-21,79.66,78.57,80.224,80.2846,75.9366,UP,1
2021-06-22,79.81,79.8,79.666,80.307,76.0193,DOWN,0
2021-06-23,78.94,79.77,79.178,80.3318,76.1018,UP,1
2021-06-24,80.03,79.14,79.278,80.382,76.1964,UP,1
2021-06-25,80.68,80.03,79.824,80.421,76.2928,DOWN,0
2021-06-28,79.88,80.67,79.868,80.4064,76.3822,DOWN,0
2021-06-29,79.28,80.3,79.762,80.3974,76.462,UP,1
2021-06-30,80.66,79.16,80.106,80.4274,76.5372,UP,1
2021-07-01,80.78,80.81,80.256,80.4256,76.6049,DOWN,0
2021-07-02,80.27,80.95,80.174,80.4286,76.6653,DOWN,0
2021-07-06,79.79,80.17,80.156,80.3976,76.7137,UP,1
2021-07-07,79.93,79.54,80.286,80.364,76.7717,DOWN,0
2021-07-08,79.6,79.17,80.074,80.3468,76.8446,UP,1
2021-07-09,80.82,80.43,80.082,80.3696,76.9309,DOWN,0
2021-07-12,79.7,79.87,79.968,80.3518,77.0117,DOWN,0
2021-07-13,77.96,79.52,79.602,80.301,77.0882,UP,1
2021-07-14,78.0,77.98,79.216,80.2352,77.1537,UP,1
2021-07-15,78.65,77.49,79.026,80.231,77.2131,DOWN,0
2021-07-16,77.65,79.09,78.392,80.2112,77.2749,DOWN,0
2021-07-19,74.1,75.83,77.272,80.1322,77.3141,UP,1
2021-07-20,75.98,74.09,76.876,80.0724,77.3606,DOWN,0
2021-07-21,75.7,77.05,76.416,80.0084,77.3995,DOWN,0
2021-07-22,74.58,75.55,75.602,79.9372,77.4246,UP,1
2021-07-23,75.5,75.62,75.172,79.9122,77.4513,UP,1
2021-07-26,76.08,74.9,75.568,79.8658,77.4707,DOWN,0
2021-07-27,65.79,70.11,73.53,79.6058,77.428,UP,1
2021-07-28,66.82,65.0,71.754,79.3886,77.396,UP,1
2021-07-29,67.25,67.39,70.288,79.184,77.3692,DOWN,0
2021-07-30,66.77,66.68,68.542,78.9766,77.3432,UP,1
2021-08-02,67.35,67.45,66.796,78.7724,77.3193,DOWN,0
2021-08-03,66.66,67.64,66.97,78.5008,77.2864,DOWN,0
2021-08-04,65.39,65.95,66.684,78.2,77.2499,DOWN,0
2021-08-05,64.18,65.45,66.07,77.8786,77.2125,UP,1
2021-08-06,65.08,64.63,65.732,77.5666,77.1784,DOWN,0
2021-08-09,64.4,64.93,65.142,77.2496,77.1437,UP,1
2021-08-10,65.5,64.36,64.91,76.9098,77.1068,UP,1
2021-08-11,66.1,65.48,65.052,76.5526,77.0768,DOWN,0
2021-08-12,65.61,66.25,65.338,76.182,77.0659,UP,1
2021-08-13,66.49,65.87,65.62,75.8398,77.0672,DOWN,0
2021-08-16,66.45,66.14,66.03,75.4888,77.0829,DOWN,0
2021-08-17,66.04,66.02,66.138,75.1336,77.0926,UP,1
2021-08-18,66.15,65.97,66.148,74.7846,77.1061,DOWN,0
2021-08-19,65.73,65.72,66.172,74.4492,77.1064,DOWN,0
2021-08-20,65.08,65.6,65.89,74.1094,77.0957,UP,1
2021-08-23,66.13,65.41,65.826,73.7578,77.0903,UP,1
2021-08-24,66.63,66.57,65.944,73.4218,77.0846,DOWN,0
2021-08-25,66.09,66.88,65.932,73.0916,77.0831,DOWN,0
2021-08-26,64.51,65.79,65.688,72.7542,77.0263,UP,1
2021-08-27,65.56,64.65,65.784,72.4748,76.9718,DOWN,0
2021-08-30,64.35,65.57,65.428,72.2028,76.9247,UP,1
2021-08-31,65.15,64.61,65.132,71.9126,76.8934,UP,1
2021-09-01,65.58,65.42,65.03,71.628,76.8616,DOWN,0
2021-09-02,64.5,65.67,65.028,71.3392,76.813,DOWN,0
2021-09-03,63.58,64.34,64.632,71.0102,76.7584,DOWN,0
2021-09-07,62.16,63.23,64.194,70.6398,76.703,DOWN,0
2021-09-08,61.97,62.11,63.558,70.2816,76.6548,DOWN,0
2021-09-09,61.25,61.55,62.692,69.921,76.613,DOWN,0
2021-09-10,60.49,61.33,61.89,69.5176,76.5651,UP,1
2021-09-13,61.46,60.89,61.466,69.1312,76.5125,DOWN,0
2021-09-14,60.88,61.59,61.21,68.7434,76.4506,UP,1
2021-09-15,61.03,60.85,61.022,68.3682,76.3898,UP,1
2021-09-16,61.87,61.1,61.146,68.007,76.3372,DOWN,0
2021-09-17,61.57,61.81,61.362,67.6464,76.2813,DOWN,0
2021-09-20,61.52,60.56,61.374,67.2604,76.2258,DOWN,0
2021-09-21,61.26,61.68,61.45,66.8916,76.1538,DOWN,0
2021-09-22,61.02,61.77,61.448,66.5528,76.077,DOWN,0
2021-09-23,60.37,61.46,61.148,66.2002,75.9958,UP,1
2021-09-24,60.79,60.18,60.992,65.843,75.9123,UP,1
2021-09-27,61.53,61.24,60.994,65.5206,75.8329,DOWN,0
2021-09-28,61.29,61.53,61.0,65.2644,75.7574,UP,1
2021-09-29,61.61,61.31,61.118,64.977,75.6791,DOWN,0
2021-09-30,61.37,61.59,61.318,64.6904,75.6032,UP,1
2021-10-01,62.8,61.83,61.72,64.4548,75.5329,UP,1
2021-10-04,62.93,62.93,62.0,64.2034,75.4671,DOWN,0
2021-10-05,62.45,62.97,62.232,63.9308,75.3861,DOWN,0
2021-10-06,62.34,61.86,62.378,63.8618,75.3045,DOWN,0
2021-10-07,58.2,55.2,61.744,63.6894,75.2082,DOWN,0
2021-10-08,56.39,57.53,60.462,63.4722,75.1034,DOWN,0
2021-10-11,55.2,56.12,58.916,63.2408,74.9864,DOWN,0
2021-10-12,55.09,55.0,57.444,62.9956,74.8736,UP,1
2021-10-13,55.98,55.8,56.172,62.782,74.7663,UP,1
2021-10-14,57.96,56.28,56.124,62.6334,74.6719,DOWN,0
2021-10-15,56.24,58.23,56.094,62.4746,74.5663,DOWN,0
2021-10-18,55.5,55.94,56.154,62.283,74.4501,UP,1
2021-10-19,55.95,55.65,56.326,62.114,74.3515,UP,1
2021-10-20,57.48,55.91,56.626,61.9536,74.262,DOWN,0
2021-10-21,57.24,57.48,56.482,61.7764,74.165,UP,1
2021-10-22,59.09,57.54,57.052,61.646,74.082,DOWN,0
2021-10-25,58.4,59.01,57.632,61.4842,73.9898,DOWN,0
2021-10-26,58.34,58.55,58.11,61.322,73.9015,DOWN,0
2021-10-27,57.45,58.5,58.104,61.1502,73.8133,UP,1
2021-10-28,57.49,57.6,58.154,60.977,73.7173,DOWN,0
2021-10-29,56.45,57.1,57.626,60.7914,73.6089,UP,1
2021-11-01,57.56,56.54,57.458,60.641,73.5042,DOWN,0
2021-11-02,56.72,57.71,57.134,60.4528,73.4023,UP,1
2021-11-03,57.8,56.96,57.204,60.2762,73.3045,DOWN,0
2021-11-04,56.15,57.49,56.936,60.0774,73.1999,UP,1
2021-11-05,57.66,56.92,57.178,59.9404,73.0974,UP,1
2021-11-08,58.13,57.89,57.292,59.7918,72.9979,UP,1
2021-11-09,58.78,58.3,57.704,59.6804,72.9072,DOWN,0
2021-11-10,58.58,59.13,57.86,59.549,72.8332,DOWN,0
2021-11-11,57.83,58.2,58.196,59.394,72.7378,DOWN,0
2021-11-12,56.51,57.25,57.966,59.2342,72.6468,UP,1
2021-11-15,58.19,56.94,57.978,59.1264,72.5598,DOWN,0
2021-11-16,57.72,58.06,57.766,59.0376,72.4592,UP,1
2021-11-17,58.7,57.85,57.79,58.9722,72.36,DOWN,0
2021-11-18,56.9,58.27,57.604,58.8852,72.2484,DOWN,0
2021-11-19,56.37,56.92,57.576,58.8028,72.1327,UP,1
2021-11-22,57.35,56.51,57.408,58.7206,72.0209,DOWN,0
2021-11-23,57.11,57.45,57.286,58.6452,71.9126,DOWN,0
2021-11-24,55.97,56.82,56.74,58.544,71.8071,DOWN,0
2021-11-26,52.75,54.54,55.91,58.3616,71.6845,UP,1
2021-11-29,53.29,53.28,55.294,58.196,71.5652,DOWN,0
2021-11-30,51.92,52.62,54.208,58.004,71.4412,DOWN,0
2021-12-01,50.24,53.04,52.834,57.7836,71.3069,UP,1
2021-12-02,53.06,51.01,52.252,57.6244,71.1843,UP,1
2021-12-03,53.98,53.22,52.498,57.4966,71.0637,UP,1
2021-12-06,54.84,54.95,52.808,57.3776,70.9342,UP,1
2021-12-07,56.42,55.34,53.708,57.2754,70.8009,UP,1
2021-12-08,57.05,56.43,55.07,57.1906,70.6682,DOWN,0
2021-12-09,56.71,56.64,55.8,57.0926,70.55,UP,1
2021-12-10,57.05,57.09,56.414,57.0062,70.4364,DOWN,0
2021-12-13,56.77,56.9,56.8,56.8856,70.3139,UP,1
2021-12-14,56.89,56.85,56.894,56.7648,70.1917,UP,1
2021-12-15,57.19,57.09,56.922,56.6596,70.062,UP,1
2021-12-16,57.22,57.49,57.024,56.5572,69.9343,UP,1
2021-12-17,58.04,56.81,57.222,56.554,69.7955,UP,1
2021-12-20,59.05,57.49,57.678,56.6072,69.6692,UP,1
2021-12-21,61.18,59.58,58.536,56.7268,69.5671,DOWN,0
2021-12-22,60.95,60.76,59.288,56.844,69.4684,UP,1
2021-12-23,61.75,61.15,60.194,56.9594,69.3745,DOWN,0
2021-12-27,61.75,61.68,60.936,57.0352,69.2796,UP,1
2021-12-28,62.22,61.52,61.57,57.1548,69.177,UP,1
2021-12-29,62.66,62.49,61.866,57.298,69.0888,UP,1
2021-12-30,63.02,63.0,62.28,57.4394,69.0001,UP,1
2021-12-31,63.38,62.79,62.606,57.5574,68.9174,UP,1
2022-01-03,63.92,63.41,63.04,57.691,68.8358,DOWN,0
2022-01-04,63.3,63.92,63.256,57.7752,68.756,DOWN,0
2022-01-05,63.12,63.37,63.348,57.8696,68.6816,UP,1
2022-01-06,67.82,69.1,64.308,58.0592,68.6308,UP,1
2022-01-07,70.24,67.8,65.68,58.315,68.583,DOWN,0
2022-01-10,68.54,70.24,66.604,58.536,68.5225,UP,1
2022-01-11,69.33,68.45,67.81,58.7936,68.4732,DOWN,0
2022-01-12,68.83,69.57,68.952,59.019,68.4227,UP,1
2022-01-13,69.04,68.91,69.196,59.2654,68.3805,DOWN,0
2022-01-14,68.93,68.4,68.934,59.488,68.3348,DOWN,0
2022-01-18,67.72,68.27,68.77,59.7194,68.2704,DOWN,0
2022-01-19,67.03,67.91,68.31,59.9068,68.2009,DOWN,0
2022-01-20,65.33,66.86,67.61,60.0508,68.1376,DOWN,0
2022-01-21,64.81,65.44,66.764,60.1714,68.0736,UP,1
2022-01-24,64.86,64.13,65.95,60.297,68.0108,DOWN,0
2022-01-25,64.0,64.16,65.206,60.4204,67.9374,DOWN,0
2022-01-26,63.72,64.5,64.544,60.5646,67.8675,DOWN,0
2022-01-27,63.59,64.46,64.196,60.6726,67.7978,UP,1
2022-01-28,64.04,63.26,64.042,60.799,67.7244,UP,1
2022-01-31,64.21,63.52,63.912,60.9092,67.6424,UP,1
2022-02-01,64.59,64.18,64.03,61.063,67.5667,DOWN,0
2022-02-02,64.29,64.38,64.144,61.2214,67.4923,DOWN,0
2022-02-03,63.97,63.69,64.22,61.3538,67.4078,DOWN,0
2022-02-04,62.75,63.34,63.962,61.4666,67.321,UP,1
2022-02-07,64.27,62.83,63.974,61.6326,67.2356,UP,1
2022-02-08,64.71,64.5,63.998,61.8718,67.1511,UP,1
2022-02-09,66.58,65.2,64.456,62.1376,67.0817,DOWN,0
2022-02-10,66.22,65.94,64.906,62.4236,67.0144,UP,1
2022-02-11,66.25,66.55,65.606,62.7438,66.9427,DOWN,0
2022-02-14,65.38,66.3,65.828,62.9902,66.8671,UP,1
2022-02-15,66.79,65.58,66.244,63.2464,66.7946,UP,1
2022-02-16,67.13,66.37,66.354,63.4922,66.736,DOWN,0
2022-02-17,66.13,66.95,66.336,63.6864,66.6734,UP,1
2022-02-18,66.5,65.81,66.386,63.8754,66.6157,UP,1
2022-02-22,66.68,66.29,66.646,64.0748,66.5542,DOWN,0
2022-02-23,66.15,66.9,66.518,64.2568,66.4905,DOWN,0
2022-02-24,64.58,64.91,66.008,64.413,66.4227,UP,1
2022-02-25,67.84,65.09,66.35,64.632,66.3781,DOWN,0
2022-02-28,66.43,66.18,66.336,64.8168,66.3183,DOWN,0
2022-03-01,63.75,66.34,65.75,64.9474,66.2431,DOWN,0
2022-03-02,63.5,63.75,65.22,65.0566,66.1722,DOWN,0
2022-03-03,61.09,63.7,64.522,65.0974,66.0902,DOWN,0
2022-03-04,58.02,59.86,62.558,65.0342,65.9946,DOWN,0
2022-03-07,52.65,57.76,59.802,64.8682,65.8701,DOWN,0
2022-03-08,51.76,52.66,57.404,64.6684,65.7277,UP,1
2022-03-09,53.32,53.71,55.368,64.4998,65.5921,DOWN,0
2022-03-10,51.33,52.15,53.416,64.282,65.4475,DOWN,0
2022-03-11,50.11,51.6,51.834,64.031,65.2947,DOWN,0
2022-03-14,49.96,50.57,51.296,63.7698,65.1432,UP,1
2022-03-15,50.57,49.9,51.058,63.5136,64.9836,UP,1
2022-03-16,53.08,50.89,51.01,63.2968,64.8292,UP,1
2022-03-17,53.49,52.76,51.442,63.1006,64.676,UP,1
2022-03-18,54.58,53.59,52.336,62.9298,64.5309,DOWN,0
2022-03-21,54.49,54.57,53.242,62.6632,64.3833,UP,1
2022-03-22,55.72,54.52,54.272,62.3728,64.2429,DOWN,0
2022-03-23,54.8,55.4,54.616,62.098,64.0989,UP,1
2022-03-24,55.76,55.2,55.07,61.8266,63.9652,UP,1
2022-03-25,57.22,56.05,55.598,61.5944,63.841,UP,1
2022-03-28,58.01,57.47,56.302,61.3738,63.7125,UP,1
2022-03-29,59.63,59.1,57.084,61.1878,63.5935,UP,1
2022-03-30,59.72,59.24,58.068,61.0278,63.4791,UP,1
2022-03-31,59.91,59.46,58.898,60.8854,63.3717,UP,1
2022-04-01,61.2,60.48,59.694,60.8028,63.2801,DOWN,0
2022-04-04,60.69,60.99,60.23,60.7204,63.1938,DOWN,0
2022-04-05,60.29,60.38,60.362,60.629,63.0969,UP,1
2022-04-06,60.44,59.9,60.506,60.5578,63.0001,UP,1
2022-04-07,65.26,63.15,61.576,60.5886,62.9317,UP,1
2022-04-08,66.33,65.64,62.602,60.6434,62.8632,DOWN,0
2022-04-11,65.96,66.0,63.656,60.6818,62.7896,UP,1
2022-04-12,66.26,65.88,64.85,60.7228,62.7215,UP,1
2022-04-13,67.32,66.06,66.226,60.7774,62.6617,UP,1
2022-04-14,68.71,67.69,66.916,60.8658,62.6019,DOWN,0
2022-04-18,67.16,68.44,67.082,60.9296,62.5338,UP,1
2022-04-19,68.07,67.06,67.504,61.036,62.4728,UP,1
2022-04-20,69.15,68.35,68.082,61.1336,62.4196,DOWN,0
2022-04-21,68.66,69.65,68.35,61.2126,62.3633,DOWN,0
2022-04-22,68.2,68.55,68.248,61.245,62.3063,UP,1
2022-04-25,69.14,68.16,68.644,61.3034,62.2479,DOWN,0
2022-04-26,66.38,68.69,68.306,61.306,62.1812,UP,1
2022-04-27,66.84,66.24,67.844,61.3352,62.1256,UP,1
2022-04-28,67.76,67.44,67.664,61.3546,62.0745,DOWN,0
2022-04-29,66.1,67.88,67.244,61.334,62.0117,DOWN,0
2022-05-02,65.87,66.59,66.59,61.3288,61.9528,UP,1
2022-05-03,66.05,65.91,66.524,61.3198,61.9126,DOWN,0
2022-05-04,65.89,66.0,66.334,61.304,61.8621,DOWN,0
2022-05-05,63.43,65.23,65.468,61.2496,61.8008,DOWN,0
2022-05-06,63.15,62.91,64.878,61.221,61.7436,DOWN,0
2022-05-09,62.72,62.52,64.248,61.1186,61.6797,DOWN,0
2022-05-10,62.42,63.21,63.522,61.0384,61.6114,DOWN,0
2022-05-11,61.34,62.83,62.612,60.9902,61.5891,UP,1
2022-05-12,61.44,61.01,62.214,60.949,61.5622,UP,1
2022-05-13,63.53,61.76,62.29,60.9978,61.5437,DOWN,0
2022-05-16,63.52,63.47,62.45,61.1078,61.5274,UP,1
2022-05-17,64.45,64.11,62.856,61.3438,61.5129,DOWN,0
2022-05-18,62.4,63.51,63.068,61.5566,61.4916,UP,1
2022-05-19,62.42,61.65,63.264,61.7386,61.4768,UP,1
2022-05-20,63.17,63.03,63.192,61.9754,61.4717,UP,1
2022-05-23,63.98,64.11,63.284,62.2528,61.4662,DOWN,0
2022-05-24,63.73,63.97,63.14,62.5282,61.4629,DOWN,0
2022-05-25,63.63,63.52,63.386,62.7894,61.4535,UP,1
2022-05-26,65.78,63.86,64.058,63.0434,61.4519,UP,1
2022-05-27,67.99,66.56,65.022,63.3334,61.4638,DOWN,0
2022-05-31,67.58,67.57,65.742,63.5934,61.4693,DOWN,0
2022-06-01,66.57,67.66,66.31,63.835,61.4698,UP,1
2022-06-02,68.11,66.95,67.206,64.0828,61.4802,UP,1
2022-06-03,68.17,67.61,67.684,64.3502,61.4903,UP,1
2022-06-06,68.98,68.61,67.882,64.6146,61.5065,UP,1
2022-06-07,69.05,68.08,68.176,64.8512,61.5264,DOWN,0
2022-06-08,68.27,68.66,68.516,65.0564,61.5371,DOWN,0
2022-06-09,67.42,68.06,68.378,65.2122,61.5411,DOWN,0
2022-06-10,66.58,66.2,68.06,65.3494,61.5435,DOWN,0
2022-06-13,65.15,65.26,67.294,65.4542,61.5467,DOWN,0
2022-06-14,64.15,65.15,66.314,65.5132,61.5397,UP,1
2022-06-15,65.12,64.8,65.684,65.6018,61.5435,DOWN,0
2022-06-16,63.71,64.09,64.942,65.6702,61.5363,UP,1
2022-06-17,65.46,63.81,64.718,65.7706,61.5357,UP,1
2022-06-21,67.09,66.53,65.106,65.8072,61.5486,UP,1
2022-06-22,68.22,66.56,65.92,65.845,61.5718,UP,1
2022-06-23,69.2,68.43,66.736,65.9098,61.607,UP,1
2022-06-24,71.91,69.82,68.376,66.0228,61.6568,UP,1
2022-06-27,72.67,71.8,69.818,66.1298,61.7138,DOWN,0
2022-06-28,71.71,73.7,70.742,66.1898,61.7699,UP,1
2022-06-29,72.03,71.6,71.504,66.2872,61.8228,DOWN,0
2022-06-30,71.46,71.21,71.956,66.355,61.8757,UP,1
2022-07-01,71.66,71.5,71.906,66.4052,61.9288,UP,1
2022-07-05,73.4,71.25,72.052,66.5,61.9865,UP,1
2022-07-06,73.53,73.67,72.416,66.6066,62.0463,UP,1
2022-07-07,74.78,73.61,72.966,66.7194,62.1126,UP,1
2022-07-08,74.94,75.25,73.662,66.8906,62.181,DOWN,0
2022-07-11,74.63,74.68,74.256,67.0464,62.249,DOWN,0
2022-07-12,74.17,74.74,74.41,67.1746,62.318,DOWN,0
2022-07-13,73.18,73.25,74.34,67.3162,62.38,UP,1
2022-07-14,73.95,71.88,74.174,67.4778,62.4421,DOWN,0
2022-07-15,73.6,74.6,73.906,67.6288,62.5036,DOWN,0
2022-07-18,73.15,74.05,73.61,67.774,62.5613,UP,1
2022-07-19,74.67,74.02,73.71,67.9988,62.6278,DOWN,0
2022-07-20,74.61,74.58,73.996,68.228,62.6869,UP,1
2022-07-21,75.17,74.34,74.24,68.477,62.7481,DOWN,0
2022-07-22,74.95,75.63,74.51,68.7276,62.8106,DOWN,0
2022-07-25,74.86,74.83,74.852,68.998,62.8732,UP,1
2022-07-26,75.15,74.48,74.948,69.2722,62.9579,UP,1
2022-07-27,77.14,74.48,75.454,69.5444,63.0617,UP,1
2022-07-28,80.15,77.45,76.45,69.877,63.1864,DOWN,0
2022-07-29,79.66,80.0,77.392,70.1812,63.3093,UP,1
2022-08-01,80.6,79.33,78.54,70.5452,63.4324,UP,1
2022-08-02,81.36,80.81,79.782,70.924,63.5494,UP,1
2022-08-03,81.75,81.65,80.704,71.2956,63.6769,DOWN,0
2022-08-04,80.63,81.21,80.8,71.6286,63.8026,UP,1
2022-08-05,81.26,79.97,81.12,71.9792,63.9291,DOWN,0
2022-08-08,80.0,81.36,81.0,72.3066,64.0417,DOWN,0
2022-08-09,79.4,80.19,80.608,72.579,64.1525,UP,1
2022-08-10,80.65,80.47,80.388,72.8322,64.2603,DOWN,0
2022-08-11,80.31,81.12,80.324,73.0868,64.3699,UP,1
2022-08-12,81.67,80.65,80.406,73.3888,64.4865,UP,1
2022-08-15,83.25,81.62,81.056,73.6916,64.6155,DOWN,0
2022-08-16,82.65,83.07,81.706,73.9812,64.7413,DOWN,0
2022-08-17,82.2,82.26,82.016,74.2456,64.8701,DOWN,0
2022-08-18,82.07,82.01,82.368,74.506,64.9926,DOWN,0
2022-08-19,81.94,81.79,82.422,74.7794,65.1187,DOWN,0
2022-08-22,81.26,81.25,82.024,75.0562,65.236,UP,1
2022-08-23,81.59,81.25,81.812,75.3564,65.3632,UP,1
2022-08-24,82.4,81.96,81.852,75.7014,65.4869,UP,1
2022-08-25,82.58,82.62,81.954,76.07,65.6092,DOWN,0
2022-08-26,80.72,82.8,81.71,76.382,65.7189,DOWN,0
2022-08-29,80.42,80.06,81.542,76.7162,65.8281,DOWN,0
2022-08-30,79.78,80.78,81.18,77.0026,65.9378,DOWN,0
2022-08-31,79.53,80.08,80.606,77.2514,66.0529,DOWN,0
2022-09-01,79.52,79.29,79.994,77.4774,66.1596,DOWN,0
2022-09-02,78.23,80.05,79.496,77.658,66.2621,DOWN,0
2022-09-06,77.99,78.54,79.01,77.7796,66.3586,UP,1
2022-09-07,80.11,78.0,79.076,77.9284,66.4746,DOWN,0
2022-09-08,79.45,79.39,79.06,78.0832,66.59,UP,1
2022-09-09,79.5,79.77,79.056,78.2326,66.7008,UP,1
2022-09-12,80.06,79.69,79.422,78.4046,66.8155,DOWN,0
2022-09-13,77.15,79.17,79.254,78.5144,66.9214,DOWN,0
2022-09-14,75.75,77.09,78.382,78.5614,67.0364,UP,1
2022-09-15,77.62,76.1,78.016,78.6432,67.1581,DOWN,0
2022-09-16,76.56,77.22,77.428,78.6788,67.2813,UP,1
2022-09-19,78.03,76.41,77.022,78.7406,67.4202,DOWN,0
2022-09-20,77.56,77.73,77.104,78.7992,67.5427,UP,1
2022-09-21,77.94,77.92,77.542,78.8746,67.6625,DOWN,0
2022-09-22,77.83,77.94,77.584,78.9676,67.7775,DOWN,0
2022-09-23,77.55,77.0,77.782,79.0396,67.8831,UP,1
2022-09-26,77.67,77.36,77.71,79.121,67.9862,DOWN,0
2022-09-27,77.17,78.31,77.632,79.2014,68.0885,UP,1
2022-09-28,79.0,77.59,77.844,79.288,68.1983,DOWN,0
2022-09-29,78.08,78.82,77.894,79.3574,68.3048,DOWN,0
2022-09-30,77.38,78.02,77.86,79.4016,68.4073,DOWN,0
2022-10-03,76.63,77.97,77.652,79.4352,68.5045,UP,1
2022-10-04,78.85,77.47,77.988,79.515,68.6126,UP,1
2022-10-05,82.15,81.0,78.618,79.655,68.7332,UP,1
2022-10-06,82.73,82.35,79.548,79.7668,68.8516,UP,1
2022-10-07,82.79,82.46,80.63,79.8196,68.9596,UP,1
2022-10-10,82.93,83.29,81.89,79.885,69.0695,DOWN,0
2022-10-11,81.35,82.95,82.39,79.9,69.1675,UP,1
2022-10-12,82.88,81.53,82.536,79.9304,69.2732,UP,1
2022-10-13,84.85,81.66,82.96,79.9924,69.3863,DOWN,0
2022-10-14,83.99,84.58,83.2,80.0596,69.493,UP,1
2022-10-17,84.55,85.28,83.524,80.1254,69.6006,UP,1
2022-10-18,85.28,85.47,84.31,80.231,69.7101,DOWN,0
2022-10-19,83.87,85.09,84.508,80.3204,69.8099,DOWN,0
2022-10-20,82.68,84.31,84.074,80.361,69.9068,DOWN,0
2022-10-21,81.72,82.98,83.62,80.3892,69.9998,UP,1
2022-10-24,82.73,82.22,83.256,80.4104,70.0743,UP,1
2022-10-25,84.63,82.7,83.126,80.438,70.1463,DOWN,0
2022-10-26,84.02,84.74,83.156,80.4654,70.2237,UP,1
2022-10-27,84.85,84.27,83.59,80.5184,70.3013,UP,1
2022-10-28,85.47,85.14,84.34,80.5864,70.3845,UP,1
2022-10-31,86.22,85.4,85.038,80.672,70.4704,DOWN,0
2022-11-01,86.18,86.27,85.348,80.7704,70.5566,DOWN,0
2022-11-02,86.17,85.97,85.778,80.862,70.6489,DOWN,0
2022-11-03,84.86,85.75,85.78,80.9112,70.738,UP,1
2022-11-04,85.46,85.46,85.778,80.9688,70.8387,DOWN,0
2022-11-07,85.07,85.35,85.548,81.0558,70.94,UP,1
2022-11-08,85.18,85.2,85.348,81.151,71.0416,DOWN,0
2022-11-09,83.25,84.11,84.764,81.2204,71.1378,UP,1
2022-11-10,84.63,85.13,84.718,81.3224,71.2424,DOWN,0
2022-11-11,81.84,84.21,83.994,81.3688,71.3336,DOWN,0
2022-11-14,80.11,81.77,83.002,81.4064,71.414,UP,1
2022-11-15,81.29,80.99,82.224,81.4724,71.4994,UP,1
2022-11-16,82.71,81.47,82.116,81.5244,71.59,UP,1
2022-11-17,82.82,82.4,81.754,81.5918,71.6826,UP,1
2022-11-18,84.02,83.8,82.19,81.6822,71.7829,UP,1
2022-11-21,86.17,84.09,83.402,81.8044,71.9,UP,1
2022-11-22,86.18,86.68,84.38,81.985,72.0095,UP,1
2022-11-23,86.4,86.55,85.118,82.198,72.118,DOWN,0
2022-11-25,86.15,86.08,85.784,82.3686,72.2158,DOWN,0
2022-11-28,85.47,85.6,86.074,82.5468,72.3121,DOWN,0
2022-11-29,85.05,85.4,85.85,82.6872,72.4061,UP,1
2022-11-30,86.9,85.16,85.994,82.874,72.5137,X,X
