ticker,MTCH US Equity,MTCH US Equity,MTCH US Equity,MTCH US Equity,MTCH US Equity,Predictions,OneHotPred
field,PX_LAST,PX_OPEN,MOV_AVG_5D,MOV_AVG_50D,MOV_AVG_200D,,
date,,,,,,,
2020-07-01,105.67,106.0,,,,DOWN,0
2020-07-02,98.92,105.1,,,,DOWN,0
2020-07-06,94.78,100.0,,,,DOWN,0
2020-07-07,92.0,93.34,,,,UP,1
2020-07-08,94.2,92.0,97.114,,,UP,1
2020-07-09,96.32,95.0,95.244,,,UP,1
2020-07-10,100.39,96.87,95.538,,,DOWN,0
2020-07-13,96.92,100.72,95.966,,,UP,1
2020-07-14,97.93,95.38,97.152,,,DOWN,0
2020-07-15,96.43,98.35,97.598,,,DOWN,0
2020-07-16,94.46,95.54,97.226,,,DOWN,0
2020-07-17,91.75,95.1,95.498,,,UP,1
2020-07-20,97.17,91.71,95.548,,,DOWN,0
2020-07-21,93.93,98.41,94.748,,,DOWN,0
2020-07-22,93.37,94.0,94.136,,,DOWN,0
2020-07-23,91.15,93.01,93.474,,,DOWN,0
2020-07-24,90.36,89.99,93.196,,,UP,1
2020-07-27,91.77,91.69,92.116,,,UP,1
2020-07-28,98.44,91.51,93.018,,,UP,1
2020-07-29,102.79,100.0,94.902,,,DOWN,0
2020-07-30,102.35,101.99,97.142,,,UP,1
2020-07-31,102.7,103.63,99.61,,,UP,1
2020-08-03,110.405,103.78,103.337,,,DOWN,0
2020-08-04,107.57,110.2,105.163,,,UP,1
2020-08-05,120.71,119.0,108.747,,,DOWN,0
2020-08-06,113.97,117.73,111.071,,,UP,1
2020-08-07,115.88,114.44,113.707,,,DOWN,0
2020-08-10,115.65,117.01,114.756,,,DOWN,0
2020-08-11,115.5,115.38,116.342,,,UP,1
2020-08-12,115.92,115.85,115.384,,,UP,1
2020-08-13,117.44,118.25,116.078,,,UP,1
2020-08-14,118.8,118.0,116.662,,,DOWN,0
2020-08-17,114.105,118.8,116.353,,,UP,1
2020-08-18,115.21,114.54,116.295,,,DOWN,0
2020-08-19,114.15,114.82,115.941,,,DOWN,0
2020-08-20,113.08,113.99,115.069,,,DOWN,0
2020-08-21,112.55,113.54,113.819,,,DOWN,0
2020-08-24,111.9,113.64,113.378,,,UP,1
2020-08-25,112.28,110.78,112.792,,,UP,1
2020-08-26,112.53,113.2,112.468,,,DOWN,0
2020-08-27,111.53,112.45,112.158,,,DOWN,0
2020-08-28,111.5,112.18,111.948,,,UP,1
2020-08-31,111.68,111.49,111.904,,,UP,1
2020-09-01,113.41,110.87,112.13,,,UP,1
2020-09-02,117.49,114.7,113.122,,,DOWN,0
2020-09-03,110.54,114.23,112.924,,,DOWN,0
2020-09-04,105.94,108.51,111.812,,,DOWN,0
2020-09-08,102.06,102.005,109.888,,,UP,1
2020-09-09,105.56,104.49,108.318,,,DOWN,0
2020-09-10,105.46,106.29,105.912,105.5324,,DOWN,0
2020-09-11,103.65,106.86,104.534,105.492,,UP,1
2020-09-14,108.26,105.74,104.998,105.6788,,UP,1
2020-09-15,110.98,109.95,106.782,106.0028,,DOWN,0
2020-09-16,108.3,110.75,107.33,106.3288,,DOWN,0
2020-09-17,107.56,107.95,107.75,106.596,,UP,1
2020-09-18,108.41,107.74,108.702,106.8378,,DOWN,0
2020-09-21,106.85,106.08,108.42,106.967,,DOWN,0
2020-09-22,106.51,108.38,107.526,107.1588,,DOWN,0
2020-09-23,102.89,106.94,106.444,107.258,,UP,1
2020-09-24,103.43,101.02,105.618,107.398,,UP,1
2020-09-25,105.75,103.58,105.086,107.6238,,UP,1
2020-09-28,108.59,107.15,105.434,107.9606,,UP,1
2020-09-29,109.12,108.22,105.956,108.1996,,UP,1
2020-09-30,110.65,108.43,107.508,108.534,,UP,1
2020-10-01,116.21,112.23,110.064,108.9908,,DOWN,0
2020-10-02,111.94,113.13,111.302,109.4066,,UP,1
2020-10-05,114.05,112.99,112.394,109.8804,,UP,1
2020-10-06,114.21,113.94,113.412,110.3292,,UP,1
2020-10-07,114.5,114.59,114.182,110.6504,,DOWN,0
2020-10-08,113.45,115.95,113.63,110.8636,,DOWN,0
2020-10-09,112.38,113.64,113.718,111.0642,,DOWN,0
2020-10-12,110.3,112.5,112.968,111.2162,,UP,1
2020-10-13,111.16,112.0,112.358,111.2313,,DOWN,0
2020-10-14,109.77,111.87,111.412,111.2753,,UP,1
2020-10-15,111.17,108.2,110.956,111.0845,,UP,1
2020-10-16,112.21,112.56,110.922,111.0493,,UP,1
2020-10-19,113.0,112.29,111.462,110.9917,,UP,1
2020-10-20,114.86,113.67,112.202,110.9759,,UP,1
2020-10-21,118.06,116.25,113.86,111.0271,,DOWN,0
2020-10-22,116.72,117.67,114.97,111.0431,,UP,1
2020-10-23,120.3,118.07,116.588,111.1003,,DOWN,0
2020-10-26,119.26,118.69,117.84,111.1095,,UP,1
2020-10-27,125.78,119.41,120.024,111.343,,DOWN,0
2020-10-28,118.52,123.05,120.116,111.4092,,UP,1
2020-10-29,122.12,119.53,121.196,111.5686,,DOWN,0
2020-10-30,116.78,121.37,120.492,111.6426,,UP,1
2020-11-02,118.98,117.51,120.436,111.7712,,UP,1
2020-11-03,121.63,119.34,119.606,111.9658,,UP,1
2020-11-04,128.69,124.68,121.64,112.294,,UP,1
2020-11-05,134.97,132.0,124.21,112.7428,,DOWN,0
2020-11-06,132.56,134.59,127.366,113.1634,,UP,1
2020-11-09,137.22,136.6373,131.014,113.6778,,DOWN,0
2020-11-10,132.22,137.13,133.132,114.0886,,UP,1
2020-11-11,133.41,133.67,134.076,114.4886,,DOWN,0
2020-11-12,131.26,133.06,133.334,114.764,,UP,1
2020-11-13,131.6,131.12,133.142,115.1852,,UP,1
2020-11-16,134.83,133.75,132.664,115.763,,DOWN,0
2020-11-17,131.35,134.57,132.49,116.3488,,DOWN,0
2020-11-18,131.35,133.75,132.078,116.8646,,UP,1
2020-11-19,132.31,131.19,132.288,117.4016,,DOWN,0
2020-11-20,130.57,131.92,132.082,117.94,,UP,1
2020-11-23,138.23,131.07,132.762,118.5394,,UP,1
2020-11-24,138.67,137.65,134.226,119.0932,,UP,1
2020-11-25,139.01,139.34,135.758,119.7074,,UP,1
2020-11-27,139.63,139.16,137.222,120.3488,,DOWN,0
2020-11-30,139.21,139.11,138.95,120.9648,,UP,1
2020-12-01,143.31,141.21,139.966,121.694,,DOWN,0
2020-12-02,138.93,142.1,140.018,122.3424,,UP,1
2020-12-03,140.14,138.08,140.244,123.0874,,UP,1
2020-12-04,145.39,139.72,141.396,123.9266,,UP,1
2020-12-07,146.07,144.31,142.768,124.733,,DOWN,0
2020-12-08,145.42,146.56,143.19,125.4696,,DOWN,0
2020-12-09,143.52,146.63,144.108,126.1576,,UP,1
2020-12-10,147.32,143.15,145.544,126.891,,UP,1
2020-12-11,148.11,146.81,146.088,127.529,,DOWN,0
2020-12-14,144.81,149.6,145.836,128.1864,,UP,1
2020-12-15,150.84,146.5,146.92,128.9222,,UP,1
2020-12-16,153.9,152.75,148.996,129.716,,DOWN,0
2020-12-17,148.75,155.0,149.282,130.401,,UP,1
2020-12-18,155.07,150.93,150.674,131.2334,,DOWN,0
2020-12-21,154.15,152.26,152.542,132.0688,,UP,1
2020-12-22,156.12,153.91,153.598,132.9852,,DOWN,0
2020-12-23,153.39,157.57,153.496,133.8298,,DOWN,0
2020-12-24,152.08,153.04,154.162,134.676,,DOWN,0
2020-12-28,150.08,153.64,153.164,135.4542,,UP,1
2020-12-29,150.22,151.0,152.378,136.2144,,UP,1
2020-12-30,152.0,152.2,151.554,136.9944,,DOWN,0
2020-12-31,151.19,152.25,151.114,137.721,,DOWN,0
2021-01-04,149.92,153.31,150.682,138.3582,,UP,1
2021-01-05,150.29,148.54,150.724,139.0296,,DOWN,0
2021-01-06,148.81,147.7,150.442,139.5998,,UP,1
2021-01-07,152.86,149.49,150.614,140.2718,,DOWN,0
2021-01-08,151.79,154.2,150.734,140.792,,UP,1
2021-01-11,151.9,151.62,151.13,141.4596,,UP,1
2021-01-12,153.57,152.0,151.786,142.0886,,UP,1
2021-01-13,155.02,154.0,153.028,142.8534,,DOWN,0
2021-01-14,149.05,156.79,152.266,143.4548,,UP,1
2021-01-15,150.85,149.07,152.078,144.0392,,DOWN,0
2021-01-19,146.14,151.5,150.926,144.3882,,UP,1
2021-01-20,147.63,147.26,149.738,144.6414,,DOWN,0
2021-01-21,144.49,148.59,147.632,144.88,,DOWN,0
2021-01-22,141.0,143.0,146.022,144.9556,,DOWN,0
2021-01-25,139.42,141.59,143.736,145.0996,,DOWN,0
2021-01-26,138.42,139.42,142.192,145.1998,,DOWN,0
2021-01-27,131.55,135.74,138.976,145.2056,,UP,1
2021-01-28,141.52,132.39,138.382,145.404,,DOWN,0
2021-01-29,139.86,141.18,138.154,145.5046,,UP,1
2021-02-01,145.95,142.41,139.46,145.7966,,UP,1
2021-02-02,150.09,149.2,141.794,146.1714,,DOWN,0
2021-02-03,138.12,146.0,143.108,146.2876,,UP,1
2021-02-04,150.63,141.77,144.93,146.6888,,UP,1
2021-02-05,159.82,151.46,148.922,147.1206,,DOWN,0
2021-02-08,159.0,160.17,151.532,147.5272,,DOWN,0
2021-02-09,158.87,159.0,153.288,147.9244,,UP,1
2021-02-10,171.07,165.6,159.878,148.5532,,UP,1
2021-02-11,172.13,171.02,164.178,149.2116,,DOWN,0
2021-02-12,169.53,172.16,166.12,149.736,,DOWN,0
2021-02-16,164.86,170.65,167.292,150.2546,,DOWN,0
2021-02-17,160.8,162.15,167.678,150.6678,,UP,1
2021-02-18,162.24,159.04,165.912,151.0048,,DOWN,0
2021-02-19,160.95,164.022,163.676,151.3024,,DOWN,0
2021-02-22,156.71,159.83,161.112,151.5282,,UP,1
2021-02-23,161.33,155.43,160.406,151.8844,,DOWN,0
2021-02-24,160.79,160.01,160.404,152.1538,,DOWN,0
2021-02-25,151.72,159.75,158.3,152.226,,UP,1
2021-02-26,152.85,152.92,156.68,152.3868,,UP,1
2021-03-01,156.52,157.87,156.642,152.5004,,DOWN,0
2021-03-02,152.51,156.99,154.878,152.4726,,DOWN,0
2021-03-03,147.34,151.48,152.188,152.4444,,DOWN,0
2021-03-04,143.66,146.23,150.576,152.2162,,UP,1
2021-03-05,146.29,149.01,149.264,152.059,,DOWN,0
2021-03-08,145.56,146.3,147.072,151.8478,,UP,1
2021-03-09,152.11,148.85,146.992,151.8222,,DOWN,0
2021-03-10,146.85,152.87,146.894,151.7176,,UP,1
2021-03-11,155.35,150.97,149.232,151.823,,DOWN,0
2021-03-12,153.38,154.23,150.65,151.8862,,UP,1
2021-03-15,153.93,152.5,152.324,151.9248,,UP,1
2021-03-16,154.19,155.72,152.74,151.9848,,UP,1
2021-03-17,154.41,151.43,154.252,152.0746,,DOWN,0
2021-03-18,147.14,151.41,152.61,152.0116,,UP,1
2021-03-19,152.7,147.88,152.474,152.0894,,UP,1
2021-03-22,154.89,153.37,152.666,152.13,,DOWN,0
2021-03-23,145.89,154.54,151.006,152.012,,DOWN,0
2021-03-24,139.8,146.79,148.084,151.77,,DOWN,0
2021-03-25,134.6,138.14,145.576,151.3906,,UP,1
2021-03-26,138.27,134.51,142.69,151.0556,,DOWN,0
2021-03-29,133.15,137.6,138.342,150.7376,,DOWN,0
2021-03-30,131.48,132.44,135.46,150.3502,,UP,1
2021-03-31,137.38,133.32,134.976,150.175,,UP,1
2021-04-01,142.66,139.54,136.588,150.0756,,UP,1
2021-04-05,144.15,142.23,137.764,150.0688,,DOWN,0
2021-04-06,143.14,144.39,139.762,150.1116,,DOWN,0
2021-04-07,141.86,142.89,141.838,150.1604,,UP,1
2021-04-08,145.55,143.95,143.472,150.303,,DOWN,0
2021-04-09,143.87,144.33,143.714,150.5494,,UP,1
2021-04-12,144.53,145.56,143.79,150.6096,,UP,1
2021-04-13,146.15,142.36,144.392,150.7354,,DOWN,0
2021-04-14,144.18,146.0,144.856,150.7,,UP,1
2021-04-15,146.47,146.645,145.04,150.6276,,DOWN,0
2021-04-16,145.3,145.92,145.326,150.7712,129.9982,UP,1
2021-04-19,146.0,145.29,145.62,150.6786,130.1999,DOWN,0
2021-04-20,139.72,145.33,144.334,150.2766,130.4039,UP,1
2021-04-21,141.05,138.3,143.708,149.9176,130.6352,UP,1
2021-04-22,143.48,141.29,143.11,149.6098,130.8926,UP,1
2021-04-23,149.01,142.81,143.852,149.1686,131.1667,UP,1
2021-04-26,152.5,150.885,145.152,148.776,131.4475,UP,1
2021-04-27,157.8,153.47,148.768,148.5414,131.7346,UP,1
2021-04-28,159.13,155.44,152.384,148.4268,132.0457,DOWN,0
2021-04-29,156.55,160.14,154.998,148.3418,132.3388,DOWN,0
2021-04-30,155.63,154.26,156.322,148.2096,132.6348,DOWN,0
2021-05-03,148.44,156.26,155.51,147.9594,132.9047,DOWN,0
2021-05-04,138.93,146.68,151.736,147.6038,133.1406,UP,1
2021-05-05,143.67,147.0,148.644,147.2506,133.3731,DOWN,0
2021-05-06,139.96,142.16,145.326,146.834,133.6032,UP,1
2021-05-07,146.19,142.74,143.438,146.7234,133.8673,DOWN,0
2021-05-10,141.81,144.15,142.112,146.5026,134.1206,UP,1
2021-05-11,146.4,137.5,143.606,146.3002,134.4008,DOWN,0
2021-05-12,141.62,142.88,143.196,146.0824,134.6501,DOWN,0
2021-05-13,138.4,142.945,142.884,145.9036,134.8499,UP,1
2021-05-14,142.19,140.13,142.084,145.8742,135.0469,DOWN,0
2021-05-17,139.99,140.35,141.72,145.7482,135.2351,DOWN,0
2021-05-18,136.86,141.7,139.812,145.5742,135.4059,UP,1
2021-05-19,138.84,132.69,139.256,145.3088,135.548,UP,1
2021-05-20,142.78,137.24,140.132,145.2274,135.7241,UP,1
2021-05-21,143.32,144.08,140.358,144.9868,135.8371,UP,1
2021-05-24,147.3,144.18,141.82,144.8652,136.0038,DOWN,0
2021-05-25,144.26,148.49,143.3,144.6718,136.1457,UP,1
2021-05-26,144.64,144.98,144.46,144.4808,136.2906,DOWN,0
2021-05-27,143.01,143.87,144.506,144.2528,136.4282,UP,1
2021-05-28,143.38,142.6299,144.518,144.1776,136.5655,DOWN,0
2021-06-01,143.22,143.87,143.702,143.988,136.6944,DOWN,0
2021-06-02,139.43,143.22,142.736,143.6788,136.7975,DOWN,0
2021-06-03,136.81,137.83,141.17,143.4972,136.9111,UP,1
2021-06-04,137.93,136.595,140.154,143.4598,137.0247,UP,1
2021-06-07,143.48,138.02,140.174,143.6374,137.1713,DOWN,0
2021-06-08,142.85,144.1,140.1,143.729,137.3201,DOWN,0
2021-06-09,141.77,144.88,140.568,143.9014,137.4663,UP,1
2021-06-10,141.88,141.0,141.582,144.1094,137.6162,DOWN,0
2021-06-11,141.57,141.69,142.31,144.1932,137.7626,UP,1
2021-06-14,143.86,141.85,142.386,144.2172,137.9193,DOWN,0
2021-06-15,142.34,143.59,142.284,144.181,138.0733,UP,1
2021-06-16,143.02,142.6,142.534,144.1786,138.2309,UP,1
2021-06-17,150.25,141.89,144.208,144.3464,138.4238,UP,1
2021-06-18,153.92,151.12,146.678,144.5138,138.6263,UP,1
2021-06-21,155.72,154.52,149.05,144.7508,138.8175,UP,1
2021-06-22,159.06,155.96,152.394,145.0414,139.0601,UP,1
2021-06-23,161.53,158.82,156.096,145.349,139.338,UP,1
2021-06-24,164.27,162.6,158.9,145.7508,139.6491,DOWN,0
2021-06-25,161.99,165.47,160.514,146.0612,139.9312,DOWN,0
2021-06-28,161.53,161.14,161.676,146.3858,140.2116,UP,1
2021-06-29,162.28,160.5,162.32,146.7114,140.5047,DOWN,0
2021-06-30,161.25,162.27,162.264,147.142,140.7697,DOWN,0
2021-07-01,159.48,160.6,161.306,147.5106,141.0122,UP,1
2021-07-02,161.4,160.41,161.188,147.869,141.2777,DOWN,0
2021-07-06,161.24,161.35,161.13,148.1136,141.5461,DOWN,0
2021-07-07,157.69,162.49,160.212,148.2174,141.7925,UP,1
2021-07-08,158.25,155.81,159.612,148.2264,142.0495,UP,1
2021-07-09,162.63,159.76,160.242,148.2964,142.3301,UP,1
2021-07-12,162.84,163.21,160.53,148.4222,142.6298,UP,1
2021-07-13,164.61,162.75,161.204,148.6018,142.9357,DOWN,0
2021-07-14,161.53,165.25,161.972,148.8636,143.2146,UP,1
2021-07-15,162.83,162.1,162.888,149.3416,143.4858,DOWN,0
2021-07-16,161.17,163.17,162.596,149.6916,143.7461,DOWN,0
2021-07-19,153.33,159.4,160.694,149.959,143.9595,UP,1
2021-07-20,153.77,153.51,158.526,150.1106,144.1473,UP,1
2021-07-21,159.7,154.3,158.16,150.4684,144.3861,UP,1
2021-07-22,160.5,159.29,157.694,150.7504,144.6183,UP,1
2021-07-23,165.86,161.18,158.632,151.2352,144.8766,DOWN,0
2021-07-26,164.23,165.18,160.812,151.7518,145.1252,DOWN,0
2021-07-27,162.18,164.57,162.494,152.1516,145.3689,UP,1
2021-07-28,163.62,162.91,163.278,152.6242,145.6251,DOWN,0
2021-07-29,163.4,163.7,163.858,153.155,145.8906,DOWN,0
2021-07-30,159.27,161.44,162.54,153.5636,146.1311,UP,1
2021-08-02,161.34,161.05,161.962,153.9348,146.389,DOWN,0
2021-08-03,158.47,162.45,161.22,154.2378,146.6255,DOWN,0
2021-08-04,150.57,152.1,158.61,154.3032,146.8173,DOWN,0
2021-08-05,146.42,149.88,155.214,154.3464,146.9844,DOWN,0
2021-08-06,145.79,146.4,152.518,154.3694,147.139,DOWN,0
2021-08-09,141.13,145.4,148.476,154.3318,147.2544,DOWN,0
2021-08-10,139.0,141.41,144.582,154.2442,147.3658,UP,1
2021-08-11,140.45,140.77,142.558,154.1888,147.4665,DOWN,0
2021-08-12,139.1,139.9,141.094,154.1822,147.5657,DOWN,0
2021-08-13,136.25,138.97,139.186,154.171,147.6181,DOWN,0
2021-08-16,134.71,135.09,137.902,154.1066,147.699,DOWN,0
2021-08-17,130.97,133.92,136.296,153.8564,147.7433,UP,1
2021-08-18,133.73,131.15,134.952,153.674,147.828,DOWN,0
2021-08-19,133.55,131.455,133.842,153.5096,147.9009,DOWN,0
2021-08-20,132.66,133.4,133.124,153.3252,147.956,UP,1
2021-08-23,136.53,133.5,133.488,153.2244,147.9952,UP,1
2021-08-24,140.16,137.4,135.326,153.1504,148.0212,DOWN,0
2021-08-25,136.93,138.4,135.966,153.0422,148.043,DOWN,0
2021-08-26,136.74,137.21,136.604,152.9166,148.0406,UP,1
2021-08-27,141.0,136.74,138.272,152.7316,148.0845,DOWN,0
2021-08-30,139.53,140.76,138.872,152.4438,148.1151,DOWN,0
2021-08-31,137.44,139.94,138.328,152.0782,148.146,UP,1
2021-09-01,138.62,139.06,138.666,151.6694,148.1811,UP,1
2021-09-02,147.11,143.09,140.74,151.381,148.2425,UP,1
2021-09-03,148.19,145.34,142.178,151.0594,148.3267,UP,1
2021-09-07,159.36,161.01,146.144,151.0068,148.4668,DOWN,0
2021-09-08,158.29,158.73,150.314,150.942,148.5967,DOWN,0
2021-09-09,157.71,157.13,154.132,150.8506,148.7324,UP,1
2021-09-10,164.38,158.54,157.586,150.9132,148.8631,DOWN,0
2021-09-13,162.01,165.16,160.35,150.9638,148.9798,DOWN,0
2021-09-14,157.36,161.72,159.95,150.883,149.0716,UP,1
2021-09-15,158.89,157.795,160.07,150.836,149.1679,UP,1
2021-09-16,160.06,158.15,160.54,150.8834,149.2721,DOWN,0
2021-09-17,157.14,160.59,159.092,150.8612,149.3413,DOWN,0
2021-09-20,151.46,155.96,156.982,150.6378,149.4039,UP,1
2021-09-21,151.92,152.0,155.894,150.4194,149.4628,UP,1
2021-09-22,153.65,151.5,154.846,150.2002,149.5041,UP,1
2021-09-23,154.77,154.51,153.788,150.065,149.5476,UP,1
2021-09-24,160.91,154.46,154.542,150.0266,149.6251,UP,1
2021-09-27,164.64,159.55,157.178,150.096,149.7307,DOWN,0
2021-09-28,156.49,162.94,158.092,150.1592,149.7765,DOWN,0
2021-09-29,152.38,158.22,157.838,150.1314,149.7979,UP,1
2021-09-30,156.99,152.94,158.282,150.0772,149.8588,UP,1
2021-10-01,158.63,157.25,157.826,150.0398,149.8977,DOWN,0
2021-10-04,152.65,157.87,155.428,149.7756,149.8915,UP,1
2021-10-05,154.5,153.57,155.03,149.581,149.9202,UP,1
2021-10-06,157.31,152.1,156.016,149.4836,149.9314,UP,1
2021-10-07,159.93,158.61,156.604,149.4098,149.9603,DOWN,0
2021-10-08,157.54,160.17,156.386,149.2926,149.9674,DOWN,0
2021-10-11,155.64,156.44,156.984,149.22,149.9787,UP,1
2021-10-12,158.8,155.96,157.844,149.1692,150.0123,UP,1
2021-10-13,158.96,160.11,158.174,149.179,150.0567,DOWN,0
2021-10-14,157.01,161.21,157.59,149.3078,150.0906,UP,1
2021-10-15,160.02,157.99,158.086,149.5798,150.1307,DOWN,0
2021-10-18,158.23,159.02,158.604,149.8286,150.1659,UP,1
2021-10-19,160.69,159.0,158.982,150.2198,150.2198,DOWN,0
2021-10-20,159.16,161.52,159.022,150.623,150.2641,UP,1
2021-10-21,175.53,158.97,162.726,151.3246,150.3977,DOWN,0
2021-10-22,169.32,172.43,164.586,151.929,150.48,DOWN,0
2021-10-25,167.65,168.045,166.47,152.557,150.5593,DOWN,0
2021-10-26,163.2,167.9,166.972,153.1268,150.6158,DOWN,0
2021-10-27,158.46,162.86,166.832,153.6766,150.6403,DOWN,0
2021-10-28,156.06,159.125,162.938,154.1232,150.6455,DOWN,0
2021-10-29,150.78,155.86,159.23,154.4678,150.6541,UP,1
2021-11-01,154.09,150.8,156.518,154.8964,150.6703,DOWN,0
2021-11-02,148.55,152.86,153.588,155.1368,150.6824,UP,1
2021-11-03,152.94,148.55,152.484,155.3924,150.7089,UP,1
2021-11-04,156.98,152.05,152.668,155.7934,150.7714,UP,1
2021-11-05,160.73,158.0,154.658,156.2732,150.87,DOWN,0
2021-11-08,155.91,160.48,155.022,156.5714,150.9525,DOWN,0
2021-11-09,155.59,156.72,156.43,156.8926,151.0383,DOWN,0
2021-11-10,154.05,154.13,156.652,157.2248,151.1508,DOWN,0
2021-11-11,149.75,154.68,155.206,157.4474,151.192,DOWN,0
2021-11-12,146.95,150.15,152.45,157.4442,151.2274,UP,1
2021-11-15,148.42,147.2,150.952,157.4488,151.2398,DOWN,0
2021-11-16,146.75,147.7,149.184,157.1966,151.2231,UP,1
2021-11-17,147.61,146.8,147.896,156.983,151.2705,DOWN,0
2021-11-18,142.39,147.49,146.424,156.6766,151.2293,DOWN,0
2021-11-19,140.95,141.92,145.224,156.208,151.135,DOWN,0
2021-11-22,137.01,141.99,142.942,155.708,151.025,DOWN,0
2021-11-23,135.07,137.56,140.606,155.2622,150.906,UP,1
2021-11-24,137.41,133.94,138.566,154.8326,150.7377,DOWN,0
2021-11-26,133.67,134.86,136.822,154.3048,150.5454,UP,1
2021-11-29,134.08,135.74,135.448,153.8436,150.3682,DOWN,0
2021-11-30,129.99,133.03,134.044,153.4142,150.1938,DOWN,0
2021-12-01,127.48,133.31,132.526,152.9254,150.0272,UP,1
2021-12-02,128.28,127.69,130.7,152.418,149.8574,DOWN,0
2021-12-03,126.19,129.08,129.204,151.8464,149.6836,UP,1
2021-12-06,129.44,125.96,128.276,151.217,149.5473,UP,1
2021-12-07,134.45,131.96,129.168,150.6132,149.4129,UP,1
2021-12-08,135.6,134.0,130.792,150.1954,149.2869,DOWN,0
2021-12-09,132.21,134.71,131.578,149.792,149.1894,DOWN,0
2021-12-10,130.34,133.96,132.408,149.259,149.0768,DOWN,0
2021-12-13,126.2,129.92,131.76,148.6104,148.9252,DOWN,0
2021-12-14,122.81,124.07,129.432,148.0136,148.7767,UP,1
2021-12-15,123.81,123.27,127.074,147.3998,148.6591,UP,1
2021-12-16,124.44,124.87,125.52,146.7424,148.563,UP,1
2021-12-17,126.65,123.18,124.782,146.0768,148.4648,DOWN,0
2021-12-20,125.84,124.0,124.71,145.4428,148.3662,UP,1
2021-12-21,131.49,126.67,126.446,144.9598,148.2631,DOWN,0
2021-12-22,131.39,131.0,127.962,144.4116,148.1858,UP,1
2021-12-23,133.44,131.6,129.762,143.9012,148.0762,UP,1
2021-12-27,134.01,133.73,131.234,143.4412,147.9794,DOWN,0
2021-12-28,132.94,134.05,132.654,142.8996,147.8744,DOWN,0
2021-12-29,130.0,132.24,132.356,142.335,147.7535,UP,1
2021-12-30,133.2,130.0,132.718,141.7852,147.6474,DOWN,0
2021-12-31,132.25,133.2,132.48,141.247,147.573,UP,1
2022-01-03,134.23,132.895,132.524,140.421,147.4806,DOWN,0
2022-01-04,132.97,136.99,132.53,139.694,147.371,DOWN,0
2022-01-05,125.52,132.03,131.634,138.8514,147.2692,UP,1
2022-01-06,126.06,125.49,130.206,138.1086,147.2005,DOWN,0
2022-01-07,125.27,125.91,128.81,137.4448,147.1538,UP,1
2022-01-10,126.56,123.5,127.276,136.8548,147.0953,DOWN,0
2022-01-11,126.0,126.12,125.882,136.3592,147.0595,DOWN,0
2022-01-12,124.08,127.88,125.594,135.759,147.0225,DOWN,0
2022-01-13,123.2,128.7982,125.022,135.252,146.9516,DOWN,0
2022-01-14,121.15,122.1,124.198,134.6162,146.8441,DOWN,0
2022-01-18,115.87,118.14,122.06,133.794,146.7027,UP,1
2022-01-19,116.27,115.76,120.114,132.9048,146.5683,UP,1
2022-01-20,118.66,118.0439,119.03,132.1598,146.4523,DOWN,0
2022-01-21,115.84,118.56,117.558,131.3648,146.3038,UP,1
2022-01-24,117.25,112.61,116.778,130.6288,146.1707,DOWN,0
2022-01-25,111.7,113.84,115.944,129.8678,146.0065,DOWN,0
2022-01-26,110.17,113.53,114.724,129.1322,145.8266,DOWN,0
2022-01-27,106.5,111.96,112.292,128.2938,145.6382,UP,1
2022-01-28,109.22,106.62,110.968,127.5432,145.452,UP,1
2022-01-31,112.7,108.04,110.058,126.845,145.289,DOWN,0
2022-02-01,112.09,112.68,110.136,126.239,145.1194,UP,1
2022-02-02,118.01,113.48,111.704,125.7802,145.0109,DOWN,0
2022-02-03,111.98,115.0,112.8,125.2796,144.8655,UP,1
2022-02-04,115.98,111.34,114.152,124.8978,144.728,DOWN,0
2022-02-07,113.41,116.52,114.294,124.4178,144.55,DOWN,0
2022-02-08,112.42,112.74,114.36,123.9928,144.3496,UP,1
2022-02-09,117.19,115.0,114.196,123.655,144.1466,DOWN,0
2022-02-10,114.4,113.82,114.68,123.3432,143.9229,DOWN,0
2022-02-11,112.76,114.23,114.036,123.0488,143.704,UP,1
2022-02-14,113.78,112.35,114.11,122.7588,143.4947,UP,1
2022-02-15,118.44,116.29,115.314,122.6038,143.3447,DOWN,0
2022-02-16,117.33,116.055,115.342,122.3616,143.2367,DOWN,0
2022-02-17,111.88,115.01,114.838,121.9102,143.0778,DOWN,0
2022-02-18,107.56,111.91,113.798,121.3494,142.9158,DOWN,0
2022-02-22,107.16,106.82,112.474,120.8484,142.7206,DOWN,0
2022-02-23,104.54,107.74,109.694,120.3324,142.5343,UP,1
2022-02-24,113.04,101.28,108.836,120.0692,142.3675,UP,1
2022-02-25,113.22,113.27,109.104,119.8774,142.2255,DOWN,0
2022-02-28,111.49,112.24,109.89,119.631,142.0909,DOWN,0
2022-03-01,110.42,111.49,110.542,119.3506,141.9321,DOWN,0
2022-03-02,109.23,110.79,111.48,119.0022,141.7783,DOWN,0
2022-03-03,102.99,110.93,109.47,118.5452,141.6089,DOWN,0
2022-03-04,96.59,102.77,106.144,117.8472,141.3977,DOWN,0
2022-03-07,89.18,96.53,101.682,117.003,141.1297,DOWN,0
2022-03-08,87.7,88.64,97.138,116.0882,140.8516,UP,1
2022-03-09,98.93,95.06,95.078,115.3866,140.6097,DOWN,0
2022-03-10,94.91,96.84,93.462,114.626,140.363,DOWN,0
2022-03-11,88.45,98.08,91.834,113.795,140.082,DOWN,0
2022-03-14,85.06,87.83,91.01,112.8322,139.7923,UP,1
2022-03-15,87.57,86.2,90.984,111.9386,139.5132,UP,1
2022-03-16,92.36,90.33,89.67,111.1012,139.2589,UP,1
2022-03-17,95.26,91.25,89.74,110.347,139.0381,UP,1
2022-03-18,102.69,94.96,92.588,109.8904,138.8675,DOWN,0
2022-03-21,100.03,101.57,95.582,109.3698,138.678,UP,1
2022-03-22,104.31,100.03,98.93,108.9506,138.4821,DOWN,0
2022-03-23,102.49,103.05,100.956,108.4692,138.2803,UP,1
2022-03-24,107.06,105.88,103.316,108.0904,138.1068,DOWN,0
2022-03-25,106.73,106.28,104.124,107.7434,137.931,UP,1
2022-03-28,107.81,107.2,105.68,107.4356,137.7622,UP,1
2022-03-29,111.16,109.44,107.05,107.2358,137.5987,DOWN,0
2022-03-30,110.72,109.81,108.696,107.1328,137.4406,DOWN,0
2022-03-31,108.74,110.41,109.032,106.9822,137.2692,UP,1
2022-04-01,109.02,109.63,109.49,106.7894,137.0631,UP,1
2022-04-04,113.34,110.14,110.596,106.7394,136.8602,DOWN,0
2022-04-05,107.96,113.45,109.956,106.5536,136.6214,DOWN,0
2022-04-06,104.4,105.75,108.692,106.4076,136.3481,DOWN,0
2022-04-07,102.4,103.48,107.424,106.2522,136.0524,DOWN,0
2022-04-08,100.48,101.61,105.716,106.1318,135.7335,DOWN,0
2022-04-11,96.5,99.83,102.348,105.8774,135.406,DOWN,0
2022-04-12,94.13,98.51,99.582,105.506,135.069,UP,1
2022-04-13,96.32,94.57,97.966,105.1906,134.7392,DOWN,0
2022-04-14,92.1,96.9,95.906,104.6724,134.3935,DOWN,0
2022-04-18,90.47,91.3,93.904,104.2422,134.0484,UP,1
2022-04-19,93.91,89.62,93.386,103.8008,133.711,DOWN,0
2022-04-20,84.62,93.76,91.484,103.225,133.3279,DOWN,0
2022-04-21,77.66,85.72,87.752,102.5298,132.9277,DOWN,0
2022-04-22,77.3,78.22,84.792,101.732,132.523,UP,1
2022-04-25,82.48,77.05,83.194,101.0936,132.1222,DOWN,0
2022-04-26,79.46,81.32,80.304,100.4276,131.7053,DOWN,0
2022-04-27,77.09,78.03,78.798,99.6938,131.2677,UP,1
2022-04-28,81.6,78.68,79.586,98.957,130.8681,DOWN,0
2022-04-29,79.15,81.39,79.956,98.1934,130.4497,UP,1
2022-05-02,80.69,78.645,79.598,97.5696,130.0473,DOWN,0
2022-05-03,79.02,80.49,79.51,96.9988,129.6757,UP,1
2022-05-04,83.88,69.53,80.868,96.5332,129.3263,DOWN,0
2022-05-05,76.88,81.48,79.924,95.98,128.9122,DOWN,0
2022-05-06,74.07,75.06,78.908,95.2006,128.48,DOWN,0
2022-05-09,70.71,73.98,76.912,94.3504,128.0043,DOWN,0
2022-05-10,70.25,73.36,75.158,93.5256,127.5344,DOWN,0
2022-05-11,69.75,69.59,72.332,92.7122,127.0722,UP,1
2022-05-12,73.48,69.69,71.652,91.9972,126.6215,UP,1
2022-05-13,77.51,74.51,72.34,91.4876,126.1921,DOWN,0
2022-05-16,75.75,76.0,73.348,91.0708,125.7745,DOWN,0
2022-05-17,75.54,77.75,74.406,90.798,125.3455,DOWN,0
2022-05-18,71.87,74.21,74.83,90.4814,124.9125,UP,1
2022-05-19,75.05,72.4,75.144,90.0038,124.5349,UP,1
2022-05-20,76.7,78.06,74.982,89.6396,124.1863,DOWN,0
2022-05-23,75.12,76.7,74.856,89.373,123.8329,DOWN,0
2022-05-24,71.79,73.4,74.106,89.1076,123.4862,UP,1
2022-05-25,73.48,71.62,74.428,88.8258,123.1586,UP,1
2022-05-26,77.88,74.09,74.994,88.5362,122.8458,UP,1
2022-05-27,79.84,78.67,75.622,88.2278,122.5495,DOWN,0
2022-05-31,78.78,79.98,76.354,87.7496,122.2621,UP,1
2022-06-01,79.24,79.78,77.844,87.3338,121.9848,UP,1
2022-06-02,84.13,79.19,79.974,86.9302,121.7506,DOWN,0
2022-06-03,82.21,82.96,80.84,86.5246,121.493,UP,1
2022-06-06,82.92,84.45,81.456,86.0418,121.2398,UP,1
2022-06-07,84.3,81.5,82.56,85.5932,120.998,UP,1
2022-06-08,84.64,84.25,83.64,85.1298,120.7386,DOWN,0
2022-06-09,80.42,83.78,82.898,84.515,120.4399,DOWN,0
2022-06-10,76.68,77.74,81.792,83.8342,120.1386,DOWN,0
2022-06-13,72.32,74.0,79.672,83.1058,119.8165,UP,1
2022-06-14,73.07,73.44,77.426,82.3868,119.4769,UP,1
2022-06-15,77.06,74.86,75.91,81.6612,119.1645,DOWN,0
2022-06-16,72.9,74.41,74.406,80.96,118.8418,DOWN,0
2022-06-17,68.555,72.86,72.781,80.2431,118.4915,UP,1
2022-06-21,70.04,69.49,72.325,79.5959,118.1061,DOWN,0
2022-06-22,69.62,69.46,71.635,78.9787,117.7133,UP,1
2022-06-23,73.45,71.12,70.913,78.5177,117.2837,UP,1
2022-06-24,78.45,74.13,72.023,78.2041,116.8845,DOWN,0
2022-06-27,76.7,78.32,73.652,77.8117,116.4795,DOWN,0
2022-06-28,71.81,77.0,74.006,77.4059,116.0166,DOWN,0
2022-06-29,71.09,72.11,74.3,77.0183,115.562,DOWN,0
2022-06-30,69.69,70.4,73.548,76.5339,115.1237,UP,1
2022-07-01,71.49,69.51,72.156,76.2713,114.6867,UP,1
2022-07-05,74.16,70.61,71.648,76.2013,114.2572,DOWN,0
2022-07-06,73.86,74.03,72.058,76.1325,113.8408,UP,1
2022-07-07,75.88,74.8,73.016,76.0005,113.4629,DOWN,0
2022-07-08,75.24,74.38,74.126,75.9161,113.0795,DOWN,0
2022-07-11,70.2,73.84,73.868,75.7783,112.6622,DOWN,0
2022-07-12,69.19,70.56,72.874,75.5301,112.2343,DOWN,0
2022-07-13,67.02,67.26,71.506,75.2875,111.7649,DOWN,0
2022-07-14,64.0,66.5,69.13,74.9537,111.2617,UP,1
2022-07-15,65.24,65.14,67.13,74.6781,110.8054,DOWN,0
2022-07-18,65.13,66.82,66.116,74.3031,110.3692,UP,1
2022-07-19,70.45,66.8,66.368,74.1745,109.9365,UP,1
2022-07-20,73.34,71.38,67.632,74.1599,109.51,UP,1
2022-07-21,74.68,72.84,69.768,74.2393,109.1202,DOWN,0
2022-07-22,72.21,73.61,71.162,74.2785,108.7087,DOWN,0
2022-07-25,71.35,72.26,72.406,74.3105,108.2789,DOWN,0
2022-07-26,68.45,71.04,72.006,74.2099,107.8215,UP,1
2022-07-27,71.96,70.59,71.73,74.0989,107.3936,UP,1
2022-07-28,72.52,71.37,71.298,74.0343,106.978,UP,1
2022-07-29,73.31,71.68,71.518,73.9897,106.5506,UP,1
2022-08-01,73.53,71.86,71.954,74.0229,106.1234,UP,1
2022-08-02,76.71,73.15,73.606,74.0561,105.7219,DOWN,0
2022-08-03,63.24,60.06,71.862,73.7869,105.238,UP,1
2022-08-04,66.53,63.58,70.664,73.6151,104.7795,UP,1
2022-08-05,67.78,65.33,69.558,73.5349,104.315,UP,1
2022-08-08,68.11,68.57,68.474,73.4275,103.8597,DOWN,0
2022-08-09,64.52,66.93,66.036,73.1603,103.3047,UP,1
2022-08-10,66.05,66.72,66.598,72.8845,102.7883,UP,1
2022-08-11,66.27,66.92,66.546,72.6343,102.2814,UP,1
2022-08-12,67.97,67.38,66.584,72.4089,101.8053,UP,1
2022-08-15,69.37,67.27,66.836,72.1137,101.3598,DOWN,0
2022-08-16,67.77,68.79,67.486,71.8249,100.9184,DOWN,0
2022-08-17,64.9,66.44,67.256,71.4645,100.489,UP,1
2022-08-18,65.04,64.5,67.01,71.0793,100.0437,DOWN,0
2022-08-19,61.87,64.09,65.79,70.6239,99.6103,DOWN,0
2022-08-22,58.62,60.5,63.64,70.1879,99.1387,DOWN,0
2022-08-23,57.75,58.33,61.636,69.8093,98.6426,DOWN,0
2022-08-24,57.73,57.99,60.202,69.5175,98.1276,UP,1
2022-08-25,60.17,58.61,59.228,69.2595,97.6489,DOWN,0
2022-08-26,57.87,60.25,58.428,68.8757,97.1603,DOWN,0
2022-08-29,57.77,57.41,58.258,68.5731,96.6789,DOWN,0
2022-08-30,56.48,58.35,58.004,68.3316,96.2125,UP,1
2022-08-31,56.53,57.91,57.764,68.0614,95.7604,DOWN,0
2022-09-01,55.45,56.13,56.82,67.778,95.2956,DOWN,0
2022-09-02,55.18,56.36,56.282,67.4126,94.8377,DOWN,0
2022-09-06,53.83,55.08,55.494,66.9202,94.3688,UP,1
2022-09-07,57.52,54.08,55.702,66.5366,93.9445,UP,1
2022-09-08,59.15,56.16,56.226,66.2834,93.5355,UP,1
2022-09-09,62.25,60.311,57.586,66.1066,93.1617,UP,1
2022-09-12,63.04,62.25,59.158,65.9736,92.8015,DOWN,0
2022-09-13,59.79,59.87,60.35,65.7396,92.4134,DOWN,0
2022-09-14,58.65,59.18,60.576,65.4294,92.0383,DOWN,0
2022-09-15,57.86,58.33,60.318,65.1094,91.6572,DOWN,0
2022-09-16,55.37,56.47,58.942,64.6992,91.2841,DOWN,0
2022-09-19,54.39,54.54,57.212,64.2822,90.9187,DOWN,0
2022-09-20,51.81,54.08,55.616,63.9144,90.5363,DOWN,0
2022-09-21,49.81,52.06,53.848,63.5268,90.1544,DOWN,0
2022-09-22,48.56,49.36,51.988,63.1576,89.75,DOWN,0
2022-09-23,47.3,48.08,50.374,62.8236,89.3143,DOWN,0
2022-09-26,46.34,47.59,48.764,62.4456,88.868,UP,1
2022-09-27,47.07,47.38,47.816,62.0844,88.4423,UP,1
2022-09-28,48.56,47.38,47.566,61.6466,88.0334,DOWN,0
2022-09-29,48.25,47.8,47.504,61.1448,87.6436,DOWN,0
2022-09-30,47.75,48.28,47.594,60.6062,87.2683,UP,1
2022-10-03,50.28,48.47,48.382,60.1676,86.9007,UP,1
2022-10-04,51.45,51.45,49.258,59.7696,86.5357,DOWN,0
2022-10-05,51.04,50.19,49.754,59.4214,86.1577,DOWN,0
2022-10-06,50.525,50.86,50.209,58.9927,85.7811,DOWN,0
2022-10-07,48.29,49.29,50.317,58.5081,85.3651,DOWN,0
2022-10-10,48.2,48.69,49.901,58.0059,84.9492,DOWN,0
2022-10-11,47.14,48.23,49.039,57.4781,84.5177,DOWN,0
2022-10-12,46.76,47.15,48.183,56.8791,84.0814,DOWN,0
2022-10-13,44.43,45.0,46.964,56.5029,83.6389,DOWN,0
2022-10-14,41.46,44.66,45.598,56.0015,83.1962,UP,1
2022-10-17,44.32,42.79,44.822,55.5323,82.7518,UP,1
2022-10-18,45.98,45.77,44.59,55.0897,82.3204,DOWN,0
2022-10-19,44.73,45.14,44.184,54.6939,81.8729,DOWN,0
2022-10-20,42.7,44.83,43.838,54.2269,81.4216,UP,1
2022-10-21,43.0,41.89,44.146,53.7615,81.009,DOWN,0
2022-10-24,42.54,43.0,43.79,53.2529,80.5914,UP,1
2022-10-25,45.43,43.15,43.68,52.7741,80.1922,DOWN,0
2022-10-26,44.23,44.46,43.58,52.3033,79.7805,DOWN,0
2022-10-27,43.56,44.37,43.752,51.8765,79.3683,UP,1
2022-10-28,43.68,43.36,43.888,51.4493,78.9663,DOWN,0
2022-10-31,43.2,43.77,44.02,51.0759,78.5663,UP,1
2022-11-01,43.9,44.4227,43.714,50.7815,78.1801,UP,1
2022-11-02,45.74,51.85,44.016,50.5413,77.8294,DOWN,0
2022-11-03,42.79,45.12,43.862,50.2425,77.462,UP,1
2022-11-04,43.02,43.9,43.73,49.8995,77.0838,UP,1
2022-11-07,44.53,43.9,43.996,49.6327,76.7273,DOWN,0
2022-11-08,44.1,44.71,44.036,49.3593,76.3615,DOWN,0
2022-11-09,42.94,43.28,43.476,49.0885,76.0177,UP,1
2022-11-10,48.84,46.0,44.686,48.9347,75.7111,UP,1
2022-11-11,51.44,49.02,46.37,48.8545,75.4358,DOWN,0
2022-11-14,48.68,50.94,47.2,48.7245,75.1331,UP,1
2022-11-15,51.92,51.0,48.764,48.6863,74.8292,DOWN,0
2022-11-16,49.34,51.0,50.044,48.5227,74.5154,DOWN,0
2022-11-17,47.03,47.58,49.682,48.2803,74.1605,DOWN,0
2022-11-18,46.4,47.78,48.674,47.9633,73.8326,UP,1
2022-11-21,46.98,46.02,48.334,47.6421,73.4876,UP,1
2022-11-22,47.3,47.23,47.41,47.3923,73.1571,UP,1
2022-11-23,48.27,47.57,47.196,47.1847,72.8363,DOWN,0
2022-11-25,47.27,47.71,47.244,46.9729,72.4867,UP,1
2022-11-28,47.46,47.03,47.456,46.8147,72.152,DOWN,0
2022-11-29,46.88,47.27,47.436,46.6645,71.8226,UP,1
2022-11-30,50.56,46.86,48.088,46.6395,71.5065,X,X
