ticker,OKTA US Equity,OKTA US Equity,OKTA US Equity,OKTA US Equity,OKTA US Equity,Predictions,OneHotPred
field,PX_LAST,PX_OPEN,MOV_AVG_5D,MOV_AVG_50D,MOV_AVG_200D,,
date,,,,,,,
2017-04-06,17.0,,,,,UP,1
2017-04-07,23.51,23.56,,,,DOWN,0
2017-04-10,23.25,23.7,,,,UP,1
2017-04-11,23.3,23.15,,,,DOWN,0
2017-04-12,23.0,23.19,22.012,,,UP,1
2017-04-13,24.49,22.85,23.51,,,DOWN,0
2017-04-17,24.47,24.66,23.702,,,DOWN,0
2017-04-18,23.57,24.33,23.766,,,DOWN,0
2017-04-19,23.35,23.74,23.776,,,UP,1
2017-04-20,24.01,23.16,23.978,,,UP,1
2017-04-21,24.29,23.78,23.938,,,DOWN,0
2017-04-24,23.94,24.74,23.832,,,UP,1
2017-04-25,24.71,24.12,24.06,,,UP,1
2017-04-26,25.52,25.0,24.494,,,UP,1
2017-04-27,26.32,25.9,24.956,,,DOWN,0
2017-04-28,26.05,26.74,25.308,,,DOWN,0
2017-05-01,25.52,26.5,25.624,,,DOWN,0
2017-05-02,24.76,25.55,25.634,,,UP,1
2017-05-03,24.975,24.4,25.525,,,DOWN,0
2017-05-04,24.97,24.95,25.255,,,UP,1
2017-05-05,25.15,24.96,25.075,,,DOWN,0
2017-05-08,23.73,25.0,24.717,,,UP,1
2017-05-09,23.86,23.63,24.537,,,DOWN,0
2017-05-10,23.45,23.85,24.232,,,DOWN,0
2017-05-11,23.34,23.36,23.906,,,UP,1
2017-05-12,23.7,23.36,23.616,,,UP,1
2017-05-15,23.74,23.94,23.618,,,DOWN,0
2017-05-16,23.26,23.85,23.498,,,DOWN,0
2017-05-17,22.91,23.15,23.39,,,UP,1
2017-05-18,22.99,22.98,23.32,,,UP,1
2017-05-19,24.24,23.08,23.428,,,UP,1
2017-05-22,25.01,24.25,23.682,,,DOWN,0
2017-05-23,24.52,25.05,23.934,,,DOWN,0
2017-05-24,24.24,24.7144,24.2,,,UP,1
2017-05-25,25.06,24.29,24.614,,,UP,1
2017-05-26,25.99,25.0,24.964,,,DOWN,0
2017-05-30,25.99,26.11,25.16,,,UP,1
2017-05-31,26.1,26.3,25.476,,,DOWN,0
2017-06-01,25.3,26.29,25.688,,,DOWN,0
2017-06-02,24.93,25.28,25.662,,,DOWN,0
2017-06-05,24.61,25.06,25.386,,,UP,1
2017-06-06,24.85,24.5,25.158,,,UP,1
2017-06-07,25.69,25.39,25.076,,,UP,1
2017-06-08,27.15,27.6,25.446,,,DOWN,0
2017-06-09,25.09,27.43,25.478,,,DOWN,0
2017-06-12,23.81,25.5,25.318,,,UP,1
2017-06-13,25.53,24.0,25.454,,,UP,1
2017-06-14,26.55,25.67,25.626,,,DOWN,0
2017-06-15,25.64,26.24,25.324,,,UP,1
2017-06-16,26.48,25.71,25.602,24.4783,,UP,1
2017-06-19,27.31,26.67,26.302,24.6845,,DOWN,0
2017-06-20,26.61,27.39,26.518,24.7465,,DOWN,0
2017-06-21,25.94,26.69,26.396,24.8003,,UP,1
2017-06-22,26.3,25.94,26.528,24.8603,,DOWN,0
2017-06-23,25.53,26.28,26.338,24.9109,,DOWN,0
2017-06-26,25.28,25.59,25.932,24.9267,,DOWN,0
2017-06-27,24.04,25.1,25.418,24.9181,,DOWN,0
2017-06-28,23.99,24.2,25.028,24.9265,,DOWN,0
2017-06-29,23.29,23.89,24.426,24.9253,,DOWN,0
2017-06-30,22.8,23.14,23.88,24.9011,,DOWN,0
2017-07-03,22.5,23.0,23.324,24.8653,,DOWN,0
2017-07-05,22.38,22.67,22.992,24.8341,,UP,1
2017-07-06,22.78,22.11,22.75,24.7955,,UP,1
2017-07-07,23.4,22.82,22.772,24.7531,,DOWN,0
2017-07-10,23.21,23.41,22.854,24.6909,,DOWN,0
2017-07-11,23.02,23.08,22.958,24.6303,,UP,1
2017-07-12,23.32,22.93,23.146,24.5863,,DOWN,0
2017-07-13,23.19,23.24,23.228,24.5549,,DOWN,0
2017-07-14,23.14,23.07,23.176,24.5182,,UP,1
2017-07-17,23.76,22.99,23.286,24.494,,DOWN,0
2017-07-18,23.75,23.53,23.432,24.466,,UP,1
2017-07-19,24.15,23.7,23.598,24.4744,,DOWN,0
2017-07-20,24.03,24.12,23.766,24.4778,,UP,1
2017-07-21,24.27,24.2,23.992,24.4942,,DOWN,0
2017-07-24,23.66,24.17,23.972,24.5006,,UP,1
2017-07-25,23.68,23.58,23.958,24.5002,,DOWN,0
2017-07-26,23.52,23.88,23.832,24.4958,,DOWN,0
2017-07-27,22.69,23.56,23.564,24.4844,,DOWN,0
2017-07-28,22.37,22.58,23.184,24.4736,,DOWN,0
2017-07-31,21.95,22.56,22.842,24.4528,,UP,1
2017-08-01,22.69,22.28,22.644,24.4218,,DOWN,0
2017-08-02,22.19,22.72,22.378,24.3654,,UP,1
2017-08-03,22.82,22.06,22.404,24.3314,,UP,1
2017-08-04,23.01,22.77,22.532,24.3068,,UP,1
2017-08-07,23.44,22.93,22.83,24.2744,,UP,1
2017-08-08,23.56,23.35,23.004,24.2258,,UP,1
2017-08-09,23.67,23.4,23.3,24.1794,,DOWN,0
2017-08-10,22.96,23.43,23.328,24.1166,,UP,1
2017-08-11,23.78,22.91,23.482,24.0862,,UP,1
2017-08-14,24.03,24.23,23.6,24.0682,,DOWN,0
2017-08-15,23.61,24.0,23.61,24.0482,,UP,1
2017-08-16,24.58,23.67,23.792,24.0428,,DOWN,0
2017-08-17,24.25,24.54,24.05,24.014,,UP,1
2017-08-18,24.86,24.06,24.266,23.9682,,UP,1
2017-08-21,25.07,24.75,24.474,23.9678,,UP,1
2017-08-22,25.7,25.27,24.892,24.0056,,DOWN,0
2017-08-23,25.44,25.38,25.064,24.0038,,DOWN,0
2017-08-24,25.41,25.59,25.296,23.981,,DOWN,0
2017-08-25,24.93,25.47,25.31,23.9668,,DOWN,0
2017-08-28,24.46,25.07,25.188,23.9264,,UP,1
2017-08-29,24.49,24.23,24.946,23.87,,UP,1
2017-08-30,26.31,24.58,25.12,23.864,,UP,1
2017-08-31,26.99,26.63,25.436,23.885,,DOWN,0
2017-09-01,26.59,26.94,25.768,23.8908,,DOWN,0
2017-09-05,26.35,26.61,26.146,23.9072,,UP,1
2017-09-06,27.02,26.49,26.652,23.942,,UP,1
2017-09-07,27.12,27.01,26.814,24.0036,,UP,1
2017-09-08,30.3,28.32,27.476,24.1298,,DOWN,0
2017-09-11,30.19,30.26,28.196,24.2678,,DOWN,0
2017-09-12,29.4,31.69,28.806,24.3998,,UP,1
2017-09-13,29.56,29.35,29.314,24.541,,DOWN,0
2017-09-14,28.97,29.5,29.684,24.6728,,DOWN,0
2017-09-15,28.62,29.1,29.348,24.7896,,UP,1
2017-09-18,29.25,28.72,29.16,24.9066,,UP,1
2017-09-19,29.46,29.25,29.172,25.0316,,DOWN,0
2017-09-20,29.16,29.5,29.092,25.1544,,UP,1
2017-09-21,29.4,29.18,29.178,25.276,,DOWN,0
2017-09-22,29.2,29.2,29.294,25.3962,,DOWN,0
2017-09-25,28.8,29.3,29.204,25.5094,,DOWN,0
2017-09-26,28.54,28.78,29.02,25.605,,UP,1
2017-09-27,29.13,28.95,29.014,25.7126,,DOWN,0
2017-09-28,28.99,29.0,28.932,25.8094,,DOWN,0
2017-09-29,28.21,29.0,28.734,25.893,,DOWN,0
2017-10-02,27.65,28.35,28.504,25.9606,,UP,1
2017-10-03,28.01,27.81,28.398,26.0476,,DOWN,0
2017-10-04,27.04,26.4,27.98,26.1148,,UP,1
2017-10-05,27.75,27.0,27.732,26.1994,,UP,1
2017-10-06,27.99,27.4,27.688,26.3054,,UP,1
2017-10-09,28.0,27.99,27.758,26.418,,UP,1
2017-10-10,28.56,28.25,27.868,26.5502,,UP,1
2017-10-11,28.57,28.6,28.174,26.6678,,DOWN,0
2017-10-12,28.51,28.5,28.326,26.7942,,DOWN,0
2017-10-13,27.63,28.5,28.254,26.8904,,DOWN,0
2017-10-16,26.58,27.75,27.97,26.9618,,UP,1
2017-10-17,26.77,26.59,27.612,27.0284,,UP,1
2017-10-18,27.74,27.0,27.446,27.112,,UP,1
2017-10-19,28.02,27.5,27.348,27.199,,UP,1
2017-10-20,28.6,28.25,27.542,27.3118,,DOWN,0
2017-10-23,27.91,28.58,27.808,27.3944,,DOWN,0
2017-10-24,27.65,27.92,27.984,27.4668,,DOWN,0
2017-10-25,27.55,27.6,27.946,27.5456,,UP,1
2017-10-26,27.59,27.57,27.86,27.6058,,UP,1
2017-10-27,27.92,28.0,27.724,27.6792,,DOWN,0
2017-10-30,27.65,27.94,27.672,27.735,,UP,1
2017-10-31,28.92,27.69,27.926,27.812,,UP,1
2017-11-01,28.97,29.0,28.21,27.8774,,DOWN,0
2017-11-02,28.47,29.08,28.386,27.938,,UP,1
2017-11-03,28.5,28.4,28.502,27.9998,,UP,1
2017-11-06,28.94,28.41,28.76,28.08,,DOWN,0
2017-11-07,28.53,28.67,28.682,28.1614,,UP,1
2017-11-08,29.16,28.36,28.72,28.2548,,DOWN,0
2017-11-09,29.0,29.05,28.826,28.3086,,UP,1
2017-11-10,29.19,29.07,28.964,28.3526,,DOWN,0
2017-11-13,29.155,29.01,29.007,28.4039,,DOWN,0
2017-11-14,29.15,29.14,29.131,28.4599,,DOWN,0
2017-11-15,28.62,28.79,29.023,28.4919,,UP,1
2017-11-16,29.69,28.68,29.161,28.5433,,DOWN,0
2017-11-17,29.24,29.6,29.171,28.5221,,UP,1
2017-11-20,29.54,29.21,29.248,28.5091,,UP,1
2017-11-21,29.98,29.76,29.414,28.5207,,UP,1
2017-11-22,29.99,30.0,29.688,28.5293,,UP,1
2017-11-24,31.28,30.16,30.006,28.5755,,DOWN,0
2017-11-27,30.83,31.29,30.324,28.6197,,UP,1
2017-11-28,31.22,30.88,30.66,28.6591,,DOWN,0
2017-11-29,29.41,31.29,30.546,28.6581,,DOWN,0
2017-11-30,29.21,29.65,30.39,28.6591,,DOWN,0
2017-12-01,28.72,29.11,29.878,28.6455,,DOWN,0
2017-12-04,28.31,29.0,29.374,28.6277,,UP,1
2017-12-05,28.36,28.39,28.802,28.6189,,UP,1
2017-12-06,28.46,28.22,28.612,28.6173,,UP,1
2017-12-07,29.17,30.86,28.604,28.6181,,DOWN,0
2017-12-08,27.16,28.76,28.292,28.5815,,DOWN,0
2017-12-11,26.49,26.61,27.928,28.5471,,DOWN,0
2017-12-12,25.56,26.25,27.368,28.5053,,UP,1
2017-12-13,26.05,25.7,26.886,28.4661,,UP,1
2017-12-14,26.06,26.0,26.264,28.4465,,DOWN,0
2017-12-15,25.95,26.13,26.022,28.4105,,DOWN,0
2017-12-18,25.23,25.92,25.77,28.3553,,UP,1
2017-12-19,25.48,25.13,25.754,28.3049,,DOWN,0
2017-12-20,25.4,25.42,25.624,28.2417,,UP,1
2017-12-21,25.68,25.28,25.548,28.1839,,DOWN,0
2017-12-22,25.52,25.6,25.462,28.1241,,UP,1
2017-12-26,26.07,25.53,25.63,28.0929,,DOWN,0
2017-12-27,26.01,26.11,25.736,28.0815,,DOWN,0
2017-12-28,25.76,26.09,25.808,28.0613,,DOWN,0
2017-12-29,25.61,25.73,25.794,28.0187,,UP,1
2018-01-02,26.46,25.55,25.982,27.9875,,UP,1
2018-01-03,26.49,25.87,26.066,27.9453,,UP,1
2018-01-04,26.57,26.5,26.178,27.9185,,DOWN,0
2018-01-05,26.54,26.5,26.334,27.8963,,DOWN,0
2018-01-08,26.39,26.65,26.49,27.8731,,UP,1
2018-01-09,26.42,26.4,26.482,27.8497,,UP,1
2018-01-10,26.51,26.1,26.486,27.8215,,UP,1
2018-01-11,26.57,26.6,26.486,27.7999,,UP,1
2018-01-12,27.0,26.59,26.578,27.7615,,DOWN,0
2018-01-16,26.35,27.0,26.57,27.7091,,UP,1
2018-01-17,26.78,26.58,26.642,27.6753,,UP,1
2018-01-18,27.0,26.9,26.74,27.6453,,UP,1
2018-01-19,29.18,27.15,27.262,27.6501,,UP,1
2018-01-22,29.8,30.92,27.822,27.6755,26.0604,UP,1
2018-01-23,30.38,30.55,28.628,27.6999,26.1273,UP,1
2018-01-24,30.79,30.76,29.43,27.7357,26.1637,DOWN,0
2018-01-25,30.52,30.93,30.134,27.7623,26.2001,UP,1
2018-01-26,30.98,30.77,30.494,27.7988,26.2384,DOWN,0
2018-01-29,30.41,31.16,30.616,27.824,26.2755,DOWN,0
2018-01-30,29.8,30.21,30.5,27.8476,26.3021,DOWN,0
2018-01-31,29.45,30.11,30.232,27.8428,26.3269,UP,1
2018-02-01,29.86,29.39,30.1,27.8552,26.3584,DOWN,0
2018-02-02,29.3,29.73,29.764,27.8504,26.3881,DOWN,0
2018-02-05,28.53,29.0,29.388,27.8214,26.4107,UP,1
2018-02-06,28.84,27.82,29.196,27.7984,26.4335,UP,1
2018-02-07,29.4,28.89,29.186,27.7608,26.4608,DOWN,0
2018-02-08,28.56,29.51,28.926,27.7154,26.48,UP,1
2018-02-09,28.87,28.78,28.84,27.6684,26.4968,UP,1
2018-02-12,30.63,30.38,29.26,27.6928,26.5183,UP,1
2018-02-13,31.57,30.67,29.806,27.74,26.5459,UP,1
2018-02-14,33.92,31.86,30.71,27.844,26.5879,DOWN,0
2018-02-15,33.36,34.51,31.67,27.945,26.6309,UP,1
2018-02-16,34.75,33.68,32.846,28.0728,26.6798,UP,1
2018-02-20,35.84,34.74,33.888,28.2204,26.7342,DOWN,0
2018-02-21,35.33,36.1,34.64,28.3436,26.7851,UP,1
2018-02-22,35.82,36.83,35.02,28.5168,26.8455,UP,1
2018-02-23,36.49,36.31,35.646,28.7168,26.9087,UP,1
2018-02-26,37.7,36.8,36.236,28.9596,26.9799,UP,1
2018-02-27,37.74,37.91,36.616,29.1934,27.0519,UP,1
2018-02-28,38.59,37.91,37.268,29.444,27.1264,DOWN,0
2018-03-01,36.4,38.65,37.384,29.653,27.1897,UP,1
2018-03-02,37.48,35.84,37.582,29.898,27.2608,UP,1
2018-03-05,38.84,37.47,37.81,30.1652,27.3404,DOWN,0
2018-03-06,38.22,39.31,37.906,30.4216,27.4166,UP,1
2018-03-07,39.14,37.53,38.016,30.6908,27.4911,UP,1
2018-03-08,42.6,40.32,39.256,31.0324,27.579,DOWN,0
2018-03-09,39.71,42.72,39.702,31.3052,27.655,DOWN,0
2018-03-12,39.69,39.88,39.872,31.5788,27.7322,UP,1
2018-03-13,40.5,39.67,40.328,31.8736,27.8094,DOWN,0
2018-03-14,39.7,40.38,40.44,32.1554,27.878,DOWN,0
2018-03-15,38.74,39.69,39.668,32.401,27.9417,DOWN,0
2018-03-16,38.57,38.76,39.44,32.6426,28.0041,DOWN,0
2018-03-19,37.99,38.21,39.1,32.871,28.0675,UP,1
2018-03-20,38.99,37.55,38.798,33.12,28.1378,UP,1
2018-03-21,39.51,39.35,38.76,33.3824,28.2123,DOWN,0
2018-03-22,39.21,39.14,38.854,33.6382,28.2841,DOWN,0
2018-03-23,38.38,39.04,38.816,33.8756,28.3476,UP,1
2018-03-26,39.8,39.0,39.178,34.1402,28.4108,DOWN,0
2018-03-27,38.46,39.95,39.072,34.3694,28.4777,DOWN,0
2018-03-28,38.27,38.21,38.824,34.6078,28.55,UP,1
2018-03-29,39.85,38.37,38.952,34.8692,28.6216,DOWN,0
2018-04-02,39.02,39.8,39.08,35.1096,28.6839,DOWN,0
2018-04-03,38.99,39.13,38.918,35.3058,28.7507,UP,1
2018-04-04,39.56,38.26,39.138,35.501,28.8161,DOWN,0
2018-04-05,38.98,40.0,39.28,35.673,28.8744,DOWN,0
2018-04-06,38.64,38.57,39.038,35.83,28.9346,UP,1
2018-04-09,38.66,39.08,38.966,35.9928,28.9982,UP,1
2018-04-10,39.22,39.45,39.012,36.1576,29.0628,UP,1
2018-04-11,40.35,39.14,39.17,36.3564,29.1369,UP,1
2018-04-12,40.75,40.43,39.524,36.5754,29.2142,DOWN,0
2018-04-13,40.59,41.07,39.914,36.7982,29.297,UP,1
2018-04-16,40.6,41.11,40.302,37.013,29.38,UP,1
2018-04-17,41.56,40.85,40.77,37.2582,29.4714,DOWN,0
2018-04-18,41.54,41.73,41.008,37.5184,29.5651,DOWN,0
2018-04-19,41.08,41.6,41.074,37.7632,29.658,UP,1
2018-04-20,41.97,41.0,41.35,38.0146,29.7559,UP,1
2018-04-23,43.32,43.7197,41.894,38.3098,29.8586,DOWN,0
2018-04-24,41.96,43.8497,41.974,38.5716,29.9514,UP,1
2018-04-25,42.0,42.0,42.066,38.799,30.0454,UP,1
2018-04-26,42.78,42.54,42.406,39.0232,30.1442,DOWN,0
2018-04-27,41.74,43.0,42.36,39.1796,30.2363,UP,1
2018-04-30,42.81,42.04,42.258,39.3686,30.3344,UP,1
2018-05-01,43.44,42.8,42.554,39.5424,30.4359,UP,1
2018-05-02,44.58,43.55,43.07,39.7172,30.54,UP,1
2018-05-03,45.54,44.5,43.622,39.9214,30.6489,UP,1
2018-05-04,45.76,45.55,44.426,40.1202,30.757,UP,1
2018-05-07,47.05,46.04,45.274,40.3314,30.8721,UP,1
2018-05-08,47.75,47.46,46.136,40.5324,30.9895,UP,1
2018-05-09,49.28,48.0,47.076,40.7632,31.1176,UP,1
2018-05-10,50.4,49.76,48.048,40.9994,31.2512,UP,1
2018-05-11,50.5,50.22,48.996,41.2814,31.3861,DOWN,0
2018-05-14,48.15,50.62,49.216,41.4948,31.5134,UP,1
2018-05-15,48.52,47.85,49.37,41.6884,31.6441,UP,1
2018-05-16,48.99,48.51,49.312,41.9038,31.7793,UP,1
2018-05-17,49.23,48.9,49.078,42.1056,31.912,UP,1
2018-05-18,49.72,49.41,48.922,42.248,32.0497,UP,1
2018-05-21,50.54,50.12,49.4,42.4646,32.1883,DOWN,0
2018-05-22,48.51,50.59,49.398,42.641,32.3158,UP,1
2018-05-23,49.52,48.46,49.504,42.8214,32.4462,UP,1
2018-05-24,50.68,49.54,49.794,43.041,32.5818,UP,1
2018-05-25,51.88,50.85,50.226,43.3038,32.7228,UP,1
2018-05-29,53.66,52.12,50.85,43.6056,32.8763,UP,1
2018-05-30,55.36,54.42,52.22,43.953,33.0342,UP,1
2018-05-31,56.21,55.4,53.558,44.2974,33.1951,UP,1
2018-06-01,57.35,56.52,54.892,44.6542,33.3638,UP,1
2018-06-04,57.36,58.03,55.988,45.0172,33.5277,DOWN,0
2018-06-05,54.58,55.98,56.172,45.3412,33.6794,DOWN,0
2018-06-06,54.14,55.0,55.928,45.628,33.8258,DOWN,0
2018-06-07,50.88,57.45,54.862,45.8764,33.9548,UP,1
2018-06-08,51.28,50.93,53.648,46.1366,34.0827,UP,1
2018-06-11,51.61,50.83,52.498,46.3718,34.2136,UP,1
2018-06-12,52.94,51.6,52.17,46.6502,34.3512,DOWN,0
2018-06-13,52.59,53.24,51.86,46.9222,34.4895,UP,1
2018-06-14,52.81,52.67,52.246,47.1872,34.6313,UP,1
2018-06-15,54.48,52.23,52.886,47.4972,34.7812,UP,1
2018-06-18,55.0,54.29,53.564,47.8244,34.9247,DOWN,0
2018-06-19,52.93,54.03,53.562,48.1098,35.0544,UP,1
2018-06-20,53.69,53.19,53.782,48.3992,35.1899,DOWN,0
2018-06-21,53.22,53.81,53.864,48.6566,35.3242,DOWN,0
2018-06-22,51.89,52.64,53.346,48.8794,35.4486,DOWN,0
2018-06-25,49.02,51.08,52.15,49.048,35.5581,UP,1
2018-06-26,49.57,49.52,51.478,49.2274,35.6544,DOWN,0
2018-06-27,48.31,50.78,50.402,49.3624,35.745,UP,1
2018-06-28,50.38,48.03,49.834,49.5392,35.8499,DOWN,0
2018-06-29,50.37,50.62,49.53,49.725,35.954,UP,1
2018-07-02,51.42,49.9,50.01,49.914,36.0662,DOWN,0
2018-07-03,50.82,51.61,50.26,50.064,36.1772,UP,1
2018-07-05,51.59,51.11,50.916,50.2566,36.2889,UP,1
2018-07-06,52.57,51.21,51.354,50.468,36.4045,DOWN,0
2018-07-09,51.86,53.0,51.652,50.6496,36.518,DOWN,0
2018-07-10,50.93,52.35,51.554,50.8334,36.6256,UP,1
2018-07-11,51.16,50.01,51.622,51.0004,36.7354,UP,1
2018-07-12,54.66,51.52,52.236,51.2248,36.8647,DOWN,0
2018-07-13,54.15,54.81,52.552,51.4162,36.9928,DOWN,0
2018-07-16,54.07,53.98,52.994,51.5868,37.1175,UP,1
2018-07-17,55.83,53.65,53.974,51.7882,37.2517,UP,1
2018-07-18,56.35,55.5,55.012,51.9742,37.3924,DOWN,0
2018-07-19,55.98,56.25,55.276,52.1388,37.534,UP,1
2018-07-20,56.33,56.27,55.712,52.2798,37.6756,UP,1
2018-07-23,57.15,56.17,56.328,52.4148,37.8262,DOWN,0
2018-07-24,55.12,57.73,56.186,52.5072,37.963,UP,1
2018-07-25,57.38,55.15,56.392,52.6918,38.11,UP,1
2018-07-26,57.79,56.6,56.754,52.8772,38.2589,DOWN,0
2018-07-27,55.11,58.57,56.51,52.9996,38.3917,DOWN,0
2018-07-30,49.81,55.44,55.042,53.0112,38.4979,DOWN,0
2018-07-31,49.65,50.26,53.948,53.0098,38.6036,UP,1
2018-08-01,52.01,50.0,52.874,53.0392,38.7255,UP,1
2018-08-02,54.59,51.39,52.234,53.1608,38.8655,DOWN,0
2018-08-03,52.93,54.51,51.798,53.229,38.9963,UP,1
2018-08-06,55.38,53.1,52.912,53.323,39.1345,DOWN,0
2018-08-07,54.87,55.81,53.956,53.3828,39.2688,UP,1
2018-08-08,54.91,54.94,54.536,53.4078,39.4003,UP,1
2018-08-09,56.71,55.01,54.96,53.4348,39.5443,DOWN,0
2018-08-10,56.11,56.27,55.596,53.4328,39.6866,DOWN,0
2018-08-13,54.92,55.88,55.504,53.3842,39.8235,UP,1
2018-08-14,55.56,55.3,55.642,53.3482,39.9633,DOWN,0
2018-08-15,54.45,54.9,55.55,53.3456,40.096,UP,1
2018-08-16,54.86,55.29,55.18,53.36,40.232,UP,1
2018-08-17,55.23,55.01,55.004,53.447,40.3636,UP,1
2018-08-20,56.03,55.12,55.226,53.542,40.4989,UP,1
2018-08-21,56.08,56.32,55.33,53.6314,40.6369,UP,1
2018-08-22,57.26,56.02,55.892,53.7178,40.7807,UP,1
2018-08-23,58.51,57.26,56.622,53.8362,40.9286,UP,1
2018-08-24,59.95,58.63,57.566,53.979,41.0857,DOWN,0
2018-08-27,59.51,60.0,58.262,54.0796,41.2374,UP,1
2018-08-28,60.47,59.75,59.14,54.189,41.3948,UP,1
2018-08-29,61.94,60.5,60.076,54.3692,41.5585,DOWN,0
2018-08-30,61.69,61.94,60.712,54.5292,41.7212,UP,1
2018-08-31,61.83,61.24,61.088,54.7014,41.8846,UP,1
2018-09-04,63.12,61.98,61.81,54.926,42.0571,DOWN,0
2018-09-05,59.88,63.71,61.692,55.1432,42.208,UP,1
2018-09-06,60.2,60.2,61.344,55.3558,42.3629,UP,1
2018-09-07,71.92,69.25,63.39,55.828,42.5747,UP,1
2018-09-10,72.08,71.65,65.44,56.262,42.7853,UP,1
2018-09-11,72.9,71.02,67.396,56.7126,42.9998,UP,1
2018-09-12,74.17,73.87,70.254,57.1676,43.2142,DOWN,0
2018-09-13,72.49,74.81,72.712,57.601,43.4225,DOWN,0
2018-09-14,72.13,73.5,72.754,58.0118,43.6271,DOWN,0
2018-09-17,69.51,71.71,72.24,58.3506,43.8276,UP,1
2018-09-18,69.87,69.26,71.634,58.7108,44.0309,DOWN,0
2018-09-19,69.84,70.21,70.768,59.089,44.2365,UP,1
2018-09-20,71.0,69.35,70.47,59.4858,44.45,DOWN,0
2018-09-21,68.5,71.3,69.744,59.7626,44.6507,UP,1
2018-09-24,68.52,67.73,69.546,60.05,44.851,UP,1
2018-09-25,69.42,68.37,69.456,60.357,45.0522,UP,1
2018-09-26,69.59,69.83,69.406,60.6322,45.2644,UP,1
2018-09-27,70.41,70.1,69.288,60.9134,45.484,DOWN,0
2018-09-28,70.36,70.28,69.66,61.201,45.708,UP,1
2018-10-01,71.82,71.06,70.32,61.5108,45.9368,DOWN,0
2018-10-02,68.1,71.57,70.056,61.7298,46.147,UP,1
2018-10-03,68.27,68.0,69.792,61.9928,46.3586,DOWN,0
2018-10-04,65.08,68.02,68.726,62.1468,46.5579,UP,1
2018-10-05,65.11,64.64,67.676,62.2932,46.756,DOWN,0
2018-10-08,61.31,64.31,65.574,62.4172,46.9356,DOWN,0
2018-10-09,59.69,60.47,63.892,62.6148,47.1056,DOWN,0
2018-10-10,55.42,59.51,61.322,62.7302,47.2551,DOWN,0
2018-10-11,54.64,54.82,59.234,62.7828,47.398,UP,1
2018-10-12,57.59,57.71,57.73,62.8428,47.5559,UP,1
2018-10-15,58.22,57.59,57.112,62.9486,47.7182,UP,1
2018-10-16,61.91,59.0,57.556,63.0792,47.8997,UP,1
2018-10-17,62.26,62.24,58.924,63.227,48.0787,DOWN,0
2018-10-18,59.39,61.8,59.874,63.3166,48.2432,DOWN,0
2018-10-19,55.76,60.2,59.508,63.2976,48.3891,UP,1
2018-10-22,57.42,56.52,59.348,63.3238,48.5435,DOWN,0
2018-10-23,57.27,54.93,58.42,63.3708,48.6979,DOWN,0
2018-10-24,52.78,56.81,56.524,63.3152,48.8297,UP,1
2018-10-25,54.94,53.5,55.634,63.325,48.9719,DOWN,0
2018-10-26,51.94,51.01,54.87,63.2666,49.0987,UP,1
2018-10-29,52.48,54.0,53.882,63.2116,49.2261,UP,1
2018-10-30,53.53,52.48,53.134,63.1616,49.362,UP,1
2018-10-31,58.36,54.99,54.25,63.2072,49.5199,UP,1
2018-11-01,59.93,59.24,55.248,63.2606,49.6846,DOWN,0
2018-11-02,57.77,60.0,56.414,63.2458,49.8275,DOWN,0
2018-11-05,56.53,57.9,57.224,63.1774,49.9612,DOWN,0
2018-11-06,56.1,56.76,57.738,63.1092,50.0898,UP,1
2018-11-07,62.6,57.35,58.586,63.1518,50.2488,DOWN,0
2018-11-08,61.49,62.2,58.898,63.1428,50.4037,DOWN,0
2018-11-09,59.28,60.31,59.2,63.0946,50.5452,DOWN,0
2018-11-12,54.62,58.89,58.818,62.9504,50.6662,UP,1
2018-11-13,55.0,55.16,58.598,62.788,50.7922,DOWN,0
2018-11-14,54.86,55.87,57.05,62.6876,50.9193,UP,1
2018-11-15,58.02,54.58,56.356,62.644,51.0601,DOWN,0
2018-11-16,57.71,57.65,56.042,62.3598,51.2021,DOWN,0
2018-11-19,48.67,57.11,54.852,61.8916,51.3028,DOWN,0
2018-11-20,47.82,43.95,53.416,61.39,51.3977,UP,1
2018-11-21,51.69,48.98,52.782,60.9404,51.5092,UP,1
2018-11-23,52.05,50.2,51.588,60.5316,51.6266,UP,1
2018-11-26,55.03,52.72,51.052,60.1896,51.7574,DOWN,0
2018-11-27,53.48,54.53,52.014,59.869,51.8717,UP,1
2018-11-28,58.14,56.9,54.078,59.6344,52.0045,UP,1
2018-11-29,61.37,58.0,56.014,59.465,52.1418,UP,1
2018-11-30,63.65,61.76,58.334,59.318,52.2932,UP,1
2018-12-03,64.87,65.2,60.302,59.2454,52.4438,DOWN,0
2018-12-04,60.65,63.87,61.736,59.088,52.5679,UP,1
2018-12-06,66.95,60.1,63.498,59.0386,52.726,DOWN,0
2018-12-07,62.38,66.14,63.7,58.8944,52.8588,UP,1
2018-12-10,64.55,62.05,63.88,58.7772,52.9991,DOWN,0
2018-12-11,64.54,66.53,63.814,58.6608,53.1333,UP,1
2018-12-12,67.03,65.82,65.09,58.565,53.2797,UP,1
2018-12-13,67.27,66.01,65.154,58.5484,53.4231,DOWN,0
2018-12-14,66.81,66.29,66.04,58.5192,53.5752,DOWN,0
2018-12-17,60.45,65.33,65.22,58.4266,53.69,UP,1
2018-12-18,62.76,61.72,64.864,58.3796,53.8096,DOWN,0
2018-12-19,62.67,63.14,63.992,58.4068,53.9319,DOWN,0
2018-12-20,58.77,61.75,62.292,58.3884,54.03,DOWN,0
2018-12-21,54.59,59.17,59.848,58.3718,54.09,DOWN,0
2018-12-24,53.75,52.29,58.508,58.354,54.1602,UP,1
2018-12-26,59.82,54.25,57.92,58.3986,54.2608,UP,1
2018-12-27,61.41,58.44,57.668,58.4624,54.3654,UP,1
2018-12-28,61.61,62.75,58.236,58.4564,54.4749,UP,1
2018-12-31,63.8,62.66,60.078,58.4872,54.6002,DOWN,0
2019-01-02,63.26,61.1,61.98,58.5646,54.7237,DOWN,0
2019-01-03,59.56,61.8,61.928,58.6406,54.8315,UP,1
2019-01-04,63.15,61.21,62.276,58.7552,54.9523,UP,1
2019-01-07,66.27,64.0,63.208,58.9352,55.0861,UP,1
2019-01-08,68.9,67.15,64.228,59.2576,55.2346,DOWN,0
2019-01-09,68.78,68.86,65.332,59.5344,55.3866,UP,1
2019-01-10,68.84,68.0,67.188,59.8724,55.5318,DOWN,0
2019-01-11,68.41,68.87,68.24,60.191,55.6815,UP,1
2019-01-14,70.48,67.23,69.082,60.53,55.8426,UP,1
2019-01-15,72.44,70.48,69.79,60.8116,56.0055,UP,1
2019-01-16,72.86,73.45,70.606,61.0702,56.1747,UP,1
2019-01-17,76.4,72.56,72.118,61.4428,56.3618,UP,1
2019-01-18,77.9,77.29,74.016,61.8702,56.5535,DOWN,0
2019-01-22,77.22,76.82,75.364,62.2926,56.7447,UP,1
2019-01-23,78.27,78.0,76.53,62.606,56.9428,UP,1
2019-01-24,79.33,78.61,77.824,62.9628,57.1462,UP,1
2019-01-25,79.62,80.53,78.468,63.3696,57.3482,DOWN,0
2019-01-28,78.99,79.0,78.686,63.857,57.5414,DOWN,0
2019-01-29,77.11,79.36,78.664,64.2992,57.7232,UP,1
2019-01-30,78.91,78.78,78.792,64.7802,57.9148,UP,1
2019-01-31,82.43,79.5,79.412,65.2684,58.1239,UP,1
2019-02-01,83.56,82.21,80.2,65.7854,58.3339,DOWN,0
2019-02-04,81.38,81.63,80.678,66.4396,58.5331,UP,1
2019-02-05,82.11,81.25,81.678,67.1254,58.7383,DOWN,0
2019-02-06,81.46,82.0,82.188,67.7208,58.9357,DOWN,0
2019-02-07,80.67,80.61,81.836,68.2932,59.1225,UP,1
2019-02-08,83.17,79.59,81.758,68.856,59.3285,DOWN,0
2019-02-11,82.93,84.0,82.068,69.445,59.5332,UP,1
2019-02-12,84.62,83.72,82.57,69.9746,59.7424,DOWN,0
2019-02-13,83.6,85.0,82.998,70.4192,59.9517,UP,1
2019-02-14,85.2,83.0,83.904,70.8502,60.1636,DOWN,0
2019-02-15,84.76,85.71,84.222,71.248,60.3702,UP,1
2019-02-19,85.08,84.77,84.652,71.7366,60.5727,DOWN,0
2019-02-20,83.99,85.2,84.526,72.0774,60.765,DOWN,0
2019-02-21,82.07,83.99,84.22,72.4712,60.9465,UP,1
2019-02-22,84.17,82.7,84.014,72.8636,61.1321,UP,1
2019-02-25,84.23,85.02,83.908,73.2574,61.3145,DOWN,0
2019-02-26,83.75,84.02,83.642,73.5918,61.4869,UP,1
2019-02-27,85.25,83.79,83.894,73.9514,61.6611,DOWN,0
2019-02-28,84.88,85.15,84.456,74.3128,61.833,UP,1
2019-03-01,86.43,86.65,84.908,74.8324,62.0244,DOWN,0
2019-03-04,79.56,86.5,83.974,75.1684,62.1796,UP,1
2019-03-05,80.11,79.96,83.246,75.5172,62.3352,DOWN,0
2019-03-06,79.98,80.0,82.192,75.9414,62.489,UP,1
2019-03-07,81.21,79.98,81.458,76.4738,62.6464,DOWN,0
2019-03-08,78.43,74.79,79.858,76.9674,62.7859,UP,1
2019-03-11,80.93,78.75,80.132,77.3896,62.948,DOWN,0
2019-03-12,80.63,80.74,80.236,77.774,63.1035,DOWN,0
2019-03-13,80.47,81.0,80.334,78.1512,63.2525,UP,1
2019-03-14,82.88,81.99,80.668,78.5328,63.4075,DOWN,0
2019-03-15,79.21,82.46,80.824,78.8518,63.5352,UP,1
2019-03-18,82.87,83.15,81.212,79.318,63.6728,DOWN,0
2019-03-19,81.19,83.55,81.324,79.6788,63.7977,UP,1
2019-03-20,81.77,80.93,81.584,79.9888,63.9198,UP,1
2019-03-21,85.47,81.68,82.102,80.3202,64.0603,DOWN,0
2019-03-22,81.05,84.62,82.47,80.5656,64.1927,UP,1
2019-03-25,82.16,80.9,82.328,80.832,64.3328,UP,1
2019-03-26,83.5,82.57,82.79,81.1338,64.4959,DOWN,0
2019-03-27,80.76,83.75,82.588,81.3394,64.6433,UP,1
2019-03-28,81.31,81.0,81.756,81.5168,64.7918,UP,1
2019-03-29,82.73,82.28,82.092,81.7142,64.9407,UP,1
2019-04-01,84.23,83.62,82.506,81.8708,65.0989,UP,1
2019-04-02,85.79,84.0,82.964,82.0286,65.2638,UP,1
2019-04-03,89.35,86.0,84.682,82.2712,65.4382,DOWN,0
2019-04-04,85.39,89.27,85.498,82.4136,65.5901,UP,1
2019-04-05,86.83,86.22,86.318,82.5636,65.7596,UP,1
2019-04-08,87.64,86.45,87.0,82.724,65.9294,UP,1
2019-04-09,92.65,87.38,88.372,82.9972,66.1265,UP,1
2019-04-10,92.76,91.8,89.054,83.3102,66.3309,UP,1
2019-04-11,95.02,93.35,90.98,83.6324,66.5609,UP,1
2019-04-12,95.24,95.32,92.662,83.8886,66.7892,UP,1
2019-04-15,95.69,95.07,94.272,84.1312,67.0261,DOWN,0
2019-04-16,94.22,96.1,94.586,84.388,67.2453,DOWN,0
2019-04-17,92.2,94.76,94.474,84.5898,67.4545,DOWN,0
2019-04-18,91.94,91.01,93.858,84.7994,67.6571,UP,1
2019-04-22,95.51,91.57,93.912,85.0962,67.8805,UP,1
2019-04-23,101.05,96.05,94.984,85.4538,68.1278,UP,1
2019-04-24,101.73,101.69,96.486,85.8298,68.3736,DOWN,0
2019-04-25,101.65,102.4,98.376,86.1704,68.6226,UP,1
2019-04-26,102.99,101.19,100.586,86.5582,68.8829,UP,1
2019-04-29,103.4,103.8,102.164,86.9222,69.1441,UP,1
2019-04-30,104.03,103.28,102.76,87.3076,69.3909,DOWN,0
2019-05-01,102.15,105.0,102.844,87.649,69.6309,UP,1
2019-05-02,103.64,101.55,103.242,88.042,69.8788,UP,1
2019-05-03,106.07,104.65,103.858,88.522,70.13,UP,1
2019-05-06,107.79,102.16,104.736,88.9944,70.3872,DOWN,0
2019-05-07,105.11,106.68,104.952,89.412,70.6328,UP,1
2019-05-08,105.58,104.36,105.638,89.8486,70.8791,UP,1
2019-05-09,106.39,104.0,106.188,90.2714,71.1253,DOWN,0
2019-05-10,105.59,105.7,106.092,90.6856,71.3776,DOWN,0
2019-05-13,100.06,101.45,104.546,90.9582,71.591,UP,1
2019-05-14,103.83,101.52,104.29,91.4436,71.8212,UP,1
2019-05-15,106.13,103.01,104.4,91.964,72.0763,UP,1
2019-05-16,109.71,106.8,105.064,92.5586,72.3758,UP,1
2019-05-17,110.93,108.64,106.132,93.153,72.6822,DOWN,0
2019-05-20,108.87,109.82,107.894,93.7618,72.9665,UP,1
2019-05-21,109.65,110.0,109.058,94.3362,73.2418,UP,1
2019-05-22,109.69,110.26,109.77,94.9174,73.5256,DOWN,0
2019-05-23,107.98,108.01,109.424,95.4676,73.7886,UP,1
2019-05-24,109.63,109.1,109.164,96.0026,74.0624,DOWN,0
2019-05-28,108.6,109.09,109.11,96.5904,74.3309,DOWN,0
2019-05-29,105.49,107.2,108.278,97.0428,74.5748,UP,1
2019-05-30,106.6,106.1,107.66,97.551,74.8272,UP,1
2019-05-31,113.22,114.5,108.708,98.18,75.1187,DOWN,0
2019-06-03,109.03,114.44,108.588,98.6512,75.3861,UP,1
2019-06-04,113.99,111.12,109.666,99.31,75.6838,UP,1
2019-06-05,119.49,115.1,112.466,100.0566,76.0069,UP,1
2019-06-06,123.57,119.21,115.86,100.858,76.3486,UP,1
2019-06-07,127.31,124.81,118.678,101.789,76.705,UP,1
2019-06-10,129.92,130.51,122.856,102.7612,77.0742,DOWN,0
2019-06-11,127.35,130.84,125.528,103.6536,77.4247,UP,1
2019-06-12,129.61,127.87,127.552,104.5612,77.7802,UP,1
2019-06-13,130.35,130.0,128.908,105.4524,78.1322,DOWN,0
2019-06-14,128.95,129.83,129.236,106.2444,78.4794,DOWN,0
2019-06-17,127.8,129.31,128.812,107.0926,78.816,UP,1
2019-06-18,128.73,129.8,129.088,107.9306,79.15,UP,1
2019-06-19,132.4,129.73,129.646,108.8258,79.5035,UP,1
2019-06-20,133.38,135.0,130.252,109.6404,79.8613,DOWN,0
2019-06-21,131.15,133.0,130.692,110.4082,80.2014,DOWN,0
2019-06-24,125.0,130.86,130.132,111.0078,80.527,DOWN,0
2019-06-25,121.0,125.83,128.586,111.523,80.831,DOWN,0
2019-06-26,119.72,122.4,126.05,112.0036,81.07,UP,1
2019-06-27,122.74,120.0,123.922,112.574,81.3233,UP,1
2019-06-28,123.51,123.39,122.394,113.2002,81.5764,DOWN,0
2019-07-01,122.42,126.0,121.878,113.8098,81.8176,UP,1
2019-07-02,125.98,122.89,122.874,114.4192,82.0851,UP,1
2019-07-03,127.5,126.55,124.43,114.9482,82.3619,UP,1
2019-07-05,127.71,125.73,125.424,115.4678,82.6529,UP,1
2019-07-08,130.08,126.45,126.738,116.0364,82.954,UP,1
2019-07-09,133.9,129.63,129.034,116.6546,83.2743,UP,1
2019-07-10,135.48,134.77,130.934,117.2962,83.5967,UP,1
2019-07-11,136.61,136.03,132.756,117.9478,83.9372,DOWN,0
2019-07-12,135.29,136.59,134.272,118.6106,84.2711,UP,1
2019-07-15,138.07,136.11,135.87,119.2992,84.6143,DOWN,0
2019-07-16,134.85,138.05,136.06,119.8748,84.9406,UP,1
2019-07-17,138.02,136.0,136.568,120.4794,85.2787,UP,1
2019-07-18,138.66,137.51,136.978,121.1504,85.6202,DOWN,0
2019-07-19,136.19,140.0,137.158,121.7626,85.942,UP,1
2019-07-22,137.12,137.3,136.968,122.3772,86.2871,DOWN,0
2019-07-23,135.64,137.97,137.126,122.9782,86.624,UP,1
2019-07-24,137.02,135.02,136.926,123.7174,86.9837,DOWN,0
2019-07-25,136.62,136.98,136.518,124.3732,87.3412,UP,1
2019-07-26,140.53,137.63,137.386,125.0612,87.7373,DOWN,0
2019-07-29,132.63,141.01,136.488,125.5196,88.102,DOWN,0
2019-07-30,131.99,131.2,135.758,125.9408,88.4849,DOWN,0
2019-07-31,130.83,132.75,134.52,126.38,88.8658,UP,1
2019-08-01,133.08,132.0,133.812,126.8486,89.2433,DOWN,0
2019-08-02,132.57,134.46,132.22,127.3062,89.615,DOWN,0
2019-08-05,126.27,128.01,130.948,127.672,89.9368,UP,1
2019-08-06,129.93,128.06,130.536,128.078,90.2752,UP,1
2019-08-07,132.39,128.1,130.848,128.5538,90.6402,UP,1
2019-08-08,136.17,133.85,131.466,129.1674,91.0422,DOWN,0
2019-08-09,134.2,134.0,131.792,129.7194,91.4261,DOWN,0
2019-08-12,130.5,132.91,132.638,130.065,91.7923,UP,1
2019-08-13,133.14,129.75,133.28,130.5472,92.1941,DOWN,0
2019-08-14,126.87,130.89,132.176,130.8048,92.5537,UP,1
2019-08-15,127.36,128.14,130.414,130.9622,92.9308,UP,1
2019-08-16,128.18,129.25,129.21,131.0544,93.3093,DOWN,0
2019-08-19,125.84,130.0,128.278,131.025,93.6709,UP,1
2019-08-20,131.74,125.62,127.998,131.0614,94.0378,UP,1
2019-08-21,137.07,133.1,130.038,131.2558,94.4235,DOWN,0
2019-08-22,133.87,136.56,131.34,131.341,94.804,DOWN,0
2019-08-23,132.46,134.5,132.196,131.3832,95.1836,UP,1
2019-08-26,133.44,134.94,133.716,131.473,95.5703,UP,1
2019-08-27,135.07,134.8,134.382,131.6184,95.9327,DOWN,0
2019-08-28,133.17,134.5,133.602,131.7072,96.2911,DOWN,0
2019-08-29,127.18,130.75,132.264,131.6028,96.6306,DOWN,0
2019-08-30,126.5,126.92,131.072,131.4652,96.99,UP,1
2019-09-03,128.19,126.0,130.022,131.406,97.3559,DOWN,0
2019-09-04,127.94,127.95,128.596,131.4648,97.7213,DOWN,0
2019-09-05,124.25,127.44,126.812,131.5298,98.0525,DOWN,0
2019-09-06,121.25,125.2,125.626,131.5604,98.3702,DOWN,0
2019-09-09,109.26,121.88,122.178,131.2908,98.6731,DOWN,0
2019-09-10,107.22,106.9,117.984,130.965,98.9701,DOWN,0
2019-09-11,106.58,107.22,113.712,130.6482,99.2446,DOWN,0
2019-09-12,106.37,108.29,110.136,130.256,99.5162,DOWN,0
2019-09-13,102.09,106.0,106.304,129.7478,99.7515,UP,1
2019-09-16,103.79,100.9,105.21,129.2694,100.003,UP,1
2019-09-17,105.66,103.71,104.898,128.781,100.2406,DOWN,0
2019-09-18,103.63,104.8,104.308,128.1756,100.4519,DOWN,0
2019-09-19,103.5,104.17,103.734,127.536,100.6512,UP,1
2019-09-20,106.16,104.37,104.548,126.927,100.8576,DOWN,0
2019-09-23,105.12,106.43,104.814,126.3236,101.08,DOWN,0
2019-09-24,102.39,105.4,104.16,125.61,101.2572,UP,1
2019-09-25,102.67,102.1,103.968,124.9664,101.4586,DOWN,0
2019-09-26,102.11,103.3,103.69,124.2482,101.6464,DOWN,0
2019-09-27,97.06,102.38,101.87,123.4162,101.809,UP,1
2019-09-30,98.46,96.91,100.538,122.6616,101.9662,UP,1
2019-10-01,103.69,98.46,100.798,121.993,102.1483,DOWN,0
2019-10-02,103.06,102.17,100.876,121.3414,102.3295,UP,1
2019-10-03,114.15,105.15,103.284,120.884,102.598,UP,1
2019-10-04,116.53,114.7,107.178,120.4822,102.8669,UP,1
2019-10-07,119.07,115.39,111.3,120.053,103.1489,DOWN,0
2019-10-08,115.19,117.86,113.6,119.7042,103.431,UP,1
2019-10-09,118.21,116.01,116.63,119.4286,103.7491,DOWN,0
2019-10-10,114.57,117.0,116.714,119.1034,104.0532,UP,1
2019-10-11,116.24,115.86,116.656,118.7666,104.3353,DOWN,0
2019-10-14,115.77,117.95,115.996,118.4306,104.6071,UP,1
2019-10-15,115.86,116.15,116.13,118.2224,104.8783,DOWN,0
2019-10-16,106.4,112.74,113.768,117.7518,105.0913,DOWN,0
2019-10-17,104.99,107.0,111.852,117.2038,105.3,DOWN,0
2019-10-18,98.56,104.5,108.316,116.4516,105.495,UP,1
2019-10-21,101.16,98.53,105.394,115.7908,105.685,DOWN,0
2019-10-22,99.29,102.22,102.08,115.1666,105.8501,UP,1
2019-10-23,100.79,98.35,100.958,114.5196,106.0096,UP,1
2019-10-24,108.0,102.38,101.56,114.1422,106.2057,DOWN,0
2019-10-25,107.99,106.94,103.446,113.7548,106.4014,DOWN,0
2019-10-28,107.25,108.4,104.664,113.3362,106.5956,UP,1
2019-10-29,107.46,107.61,106.298,112.9686,106.7805,UP,1
2019-10-30,112.31,109.0,108.602,112.58,106.9799,DOWN,0
2019-10-31,109.07,111.71,108.816,112.02,107.1609,UP,1
2019-11-01,111.07,109.56,109.432,111.564,107.3343,DOWN,0
2019-11-04,107.27,112.0,109.436,111.0602,107.4811,DOWN,0
2019-11-05,106.8,107.59,109.304,110.5274,107.629,UP,1
2019-11-06,108.23,106.9,108.488,109.9906,107.7788,DOWN,0
2019-11-07,105.22,107.45,107.718,109.4316,107.9083,UP,1
2019-11-08,109.66,106.0,107.436,109.0812,108.0585,UP,1
2019-11-11,110.9,109.1,108.162,108.7692,108.218,UP,1
2019-11-12,113.46,111.11,109.494,108.4746,108.3998,UP,1
2019-11-13,116.7,114.31,111.188,108.2498,108.5887,DOWN,0
2019-11-14,115.96,116.71,113.336,108.084,108.7564,UP,1
2019-11-15,117.52,116.78,114.908,108.0094,108.9262,UP,1
2019-11-18,121.15,115.0,116.958,108.2472,109.125,UP,1
2019-11-19,126.08,122.89,119.482,108.6244,109.3449,UP,1
2019-11-20,129.41,126.0,122.024,109.081,109.5846,DOWN,0
2019-11-21,127.88,129.49,124.408,109.5112,109.8207,DOWN,0
2019-11-22,127.67,128.58,126.438,110.0228,110.0432,UP,1
2019-11-25,128.62,128.39,127.932,110.5194,110.2716,UP,1
2019-11-26,130.32,129.66,128.78,111.0126,110.5001,DOWN,0
2019-11-27,129.96,130.02,128.89,111.5392,110.7319,DOWN,0
2019-11-29,129.78,130.0,129.27,112.0648,110.9548,DOWN,0
2019-12-02,121.95,129.24,128.126,112.3806,111.1408,UP,1
2019-12-03,124.79,118.46,127.36,112.774,111.3393,DOWN,0
2019-12-04,121.85,125.89,125.666,113.1632,111.5286,DOWN,0
2019-12-05,119.16,121.14,123.506,113.493,111.7141,DOWN,0
2019-12-06,118.31,119.36,121.212,113.817,111.8848,UP,1
2019-12-09,121.02,118.29,121.026,114.2962,112.0687,DOWN,0
2019-12-10,119.61,121.5,119.99,114.7192,112.248,DOWN,0
2019-12-11,117.65,120.46,119.15,114.9984,112.41,DOWN,0
2019-12-12,113.25,117.75,117.968,115.2022,112.5519,UP,1
2019-12-13,116.69,113.88,117.644,115.253,112.7032,DOWN,0
2019-12-16,116.23,116.99,116.686,115.247,112.8865,DOWN,0
2019-12-17,114.1,116.89,115.584,115.1476,113.0565,UP,1
2019-12-18,115.4,114.64,115.134,115.1518,113.2336,UP,1
2019-12-19,115.75,115.83,115.634,115.1026,113.4063,UP,1
2019-12-20,116.22,116.25,115.54,115.1356,113.5952,UP,1
2019-12-23,118.09,116.68,115.912,115.1726,113.781,UP,1
2019-12-24,119.02,118.09,116.896,115.2376,113.973,UP,1
2019-12-26,120.4,120.32,117.896,115.3284,114.1726,DOWN,0
2019-12-27,119.92,121.46,118.73,115.5988,114.3578,DOWN,0
2019-12-30,114.3,118.94,118.346,115.785,114.5333,UP,1
2019-12-31,115.37,113.21,117.802,116.1212,114.6958,UP,1
2020-01-02,117.31,116.75,117.46,116.4442,114.8764,UP,1
2020-01-03,118.29,114.6935,117.038,116.8242,115.059,UP,1
2020-01-06,123.43,116.94,117.74,117.277,115.2488,DOWN,0
2020-01-07,122.89,123.9,119.458,117.5748,115.458,UP,1
2020-01-08,125.55,123.31,121.494,117.926,115.6749,UP,1
2020-01-09,128.52,127.36,123.736,118.3514,115.9,UP,1
2020-01-10,129.39,128.52,125.956,118.79,116.1432,UP,1
2020-01-13,131.16,130.07,127.502,119.167,116.3924,DOWN,0
2020-01-14,129.03,131.16,128.73,119.5662,116.6239,DOWN,0
2020-01-15,128.57,130.0,129.334,119.9162,116.8456,DOWN,0
2020-01-16,128.4,130.17,129.31,120.3388,117.0587,DOWN,0
2020-01-17,125.83,128.34,128.598,120.7194,117.2411,DOWN,0
2020-01-21,125.26,125.92,127.418,121.06,117.4404,DOWN,0
2020-01-22,125.02,127.01,126.616,121.456,117.6314,UP,1
2020-01-23,127.84,126.09,126.47,121.8196,117.8324,UP,1
2020-01-24,129.66,129.34,126.722,122.1948,118.0174,DOWN,0
2020-01-27,125.82,126.49,126.72,122.442,118.1827,UP,1
2020-01-28,127.47,126.8,127.162,122.6574,118.345,UP,1
2020-01-29,129.0,129.0,127.958,122.9182,118.5138,UP,1
2020-01-30,132.94,129.14,128.978,123.2266,118.7,DOWN,0
2020-01-31,128.05,133.01,128.656,123.3646,118.8692,UP,1
2020-02-03,129.35,128.75,129.362,123.43,119.0549,UP,1
2020-02-04,134.76,130.65,130.82,123.537,119.269,DOWN,0
2020-02-05,129.67,135.01,130.954,123.5728,119.4398,UP,1
2020-02-06,130.09,130.45,130.384,123.6212,119.585,UP,1
2020-02-07,132.79,130.26,131.332,123.7046,119.7403,UP,1
2020-02-10,135.76,132.6,132.614,123.8134,119.9109,UP,1
2020-02-11,137.27,136.5,133.116,123.9596,120.0823,UP,1
2020-02-12,137.58,137.18,134.698,124.1156,120.2532,DOWN,0
2020-02-13,135.31,137.25,135.742,124.3828,120.4096,UP,1
2020-02-14,137.03,136.0,136.59,124.6276,120.584,UP,1
2020-02-18,137.9,137.0,137.018,124.9486,120.7553,UP,1
2020-02-19,139.5,138.65,137.464,125.3554,120.9224,DOWN,0
2020-02-20,138.55,139.5,137.658,125.7602,121.0762,DOWN,0
2020-02-21,133.59,137.06,137.314,126.0116,121.2186,DOWN,0
2020-02-24,126.8,123.91,135.268,126.1554,121.3247,DOWN,0
2020-02-25,122.97,129.44,132.282,126.2618,121.4076,UP,1
2020-02-26,127.82,124.05,129.946,126.5532,121.5188,DOWN,0
2020-02-27,123.83,124.46,127.002,126.696,121.6376,UP,1
2020-02-28,128.06,118.69,125.896,126.9326,121.7588,UP,1
2020-03-02,133.43,130.05,127.222,127.3192,121.8953,DOWN,0
2020-03-03,131.34,133.91,128.896,127.638,122.0034,DOWN,0
2020-03-04,131.34,131.0,129.6,127.9498,122.1055,DOWN,0
2020-03-05,129.05,129.9,130.644,128.2064,122.2064,DOWN,0
2020-03-06,125.97,129.15,130.226,128.364,122.288,DOWN,0
2020-03-09,114.85,113.68,126.51,128.2806,122.3138,UP,1
2020-03-10,119.21,118.53,124.084,128.2568,122.3699,DOWN,0
2020-03-11,114.75,116.54,120.766,128.1534,122.3955,DOWN,0
2020-03-12,106.08,104.62,116.172,127.989,122.3829,UP,1
2020-03-13,107.29,110.3,112.436,127.8274,122.3919,DOWN,0
2020-03-16,96.08,95.24,108.682,127.4028,122.3393,UP,1
2020-03-17,109.11,97.37,106.662,127.2192,122.3188,DOWN,0
2020-03-18,102.06,101.01,104.124,126.7918,122.2839,UP,1
2020-03-19,113.95,105.63,105.698,126.613,122.2837,UP,1
2020-03-20,115.45,115.45,107.33,126.411,122.2635,UP,1
2020-03-23,118.4,115.2,111.794,126.2086,122.2377,UP,1
2020-03-24,123.97,122.9,114.766,126.1002,122.221,DOWN,0
2020-03-25,117.77,124.51,117.908,125.8324,122.1602,UP,1
2020-03-26,123.3,117.34,119.778,125.7178,122.14,DOWN,0
2020-03-27,121.05,120.63,120.898,125.5674,122.0972,UP,1
2020-03-30,124.94,122.26,122.206,125.4982,122.0701,DOWN,0
2020-03-31,122.26,123.14,121.864,125.4268,122.0367,DOWN,0
2020-04-01,119.57,116.5,122.224,125.313,121.9955,DOWN,0
2020-04-02,115.99,119.43,120.762,125.1324,121.9318,UP,1
2020-04-03,118.94,116.13,120.34,124.9544,121.8645,UP,1
2020-04-06,128.12,123.0,120.976,124.9236,121.8382,DOWN,0
2020-04-07,125.54,130.01,121.632,124.918,121.8102,UP,1
2020-04-08,128.09,127.94,123.336,124.9304,121.8256,UP,1
2020-04-09,130.96,129.14,126.33,124.9696,121.8754,UP,1
2020-04-13,134.26,132.01,129.394,124.996,121.9481,UP,1
2020-04-14,139.84,137.82,131.738,125.2318,122.0336,UP,1
2020-04-15,142.47,137.08,135.124,125.4942,122.1284,UP,1
2020-04-16,147.43,142.39,138.992,125.7476,122.2535,UP,1
2020-04-17,148.09,148.0,142.418,126.116,122.364,UP,1
2020-04-20,152.6,147.49,146.086,126.5662,122.4895,DOWN,0
2020-04-21,148.41,152.0,147.8,126.8786,122.593,UP,1
2020-04-22,151.64,150.57,149.634,127.1962,122.7008,UP,1
2020-04-23,152.01,150.51,150.55,127.491,122.7914,UP,1
2020-04-24,155.35,153.26,152.002,127.8464,122.8907,DOWN,0
2020-04-27,151.94,157.25,151.87,128.179,122.9674,DOWN,0
2020-04-28,147.66,153.0,151.72,128.3916,123.0292,UP,1
2020-04-29,149.56,148.99,151.304,128.6248,123.0867,UP,1
2020-04-30,151.3,149.15,151.162,128.8608,123.1689,DOWN,0
2020-05-01,148.84,148.69,149.86,129.0666,123.223,UP,1
2020-05-04,154.69,148.31,150.41,129.4886,123.3032,UP,1
2020-05-05,158.73,155.34,152.624,130.1272,123.4159,UP,1
2020-05-06,164.43,160.2,155.598,130.9564,123.5524,UP,1
2020-05-07,170.29,165.81,159.396,131.8058,123.7257,DOWN,0
2020-05-08,169.38,171.0,163.504,132.7168,123.8875,UP,1
2020-05-11,174.33,169.45,167.432,133.6422,124.076,DOWN,0
2020-05-12,173.65,175.0,170.416,134.4466,124.2416,UP,1
2020-05-13,177.36,175.19,173.002,135.367,124.4653,DOWN,0
2020-05-14,177.32,175.07,174.408,136.2866,124.6919,UP,1
2020-05-15,181.6,177.16,176.852,137.3376,124.9458,DOWN,0
2020-05-18,179.43,183.64,177.872,138.4068,125.1775,UP,1
2020-05-19,180.78,179.43,179.298,139.7254,125.4186,UP,1
2020-05-20,187.7,184.19,181.366,141.0952,125.7257,UP,1
2020-05-21,187.74,189.75,183.45,142.555,126.0148,UP,1
2020-05-22,192.49,188.0,185.628,144.2832,126.3153,DOWN,0
2020-05-26,184.17,196.57,186.576,145.8208,126.5553,DOWN,0
2020-05-27,179.42,180.0,186.304,147.4876,126.7814,UP,1
2020-05-28,183.92,177.94,185.548,148.9838,127.0485,UP,1
2020-05-29,195.58,184.32,187.116,150.8542,127.3607,UP,1
2020-06-01,204.78,195.56,189.574,152.6708,127.7502,DOWN,0
2020-06-02,199.73,204.0,192.686,154.3564,128.1121,DOWN,0
2020-06-03,195.21,200.0,195.844,155.8926,128.4472,DOWN,0
2020-06-04,186.29,194.82,196.318,157.139,128.7495,DOWN,0
2020-06-05,180.6,184.25,193.322,158.3956,128.9938,UP,1
2020-06-08,185.13,180.2,189.392,159.6322,129.2341,DOWN,0
2020-06-09,180.07,187.01,185.46,160.8126,129.4651,UP,1
2020-06-10,181.45,179.1,182.708,161.9428,129.71,DOWN,0
2020-06-11,178.87,179.77,181.224,163.075,129.9372,UP,1
2020-06-12,179.24,182.61,180.952,164.2684,130.158,UP,1
2020-06-15,187.45,180.6,181.416,165.6976,130.4294,UP,1
2020-06-16,188.1,189.41,183.022,167.0808,130.734,UP,1
2020-06-17,194.32,190.52,185.596,168.4048,131.0731,UP,1
2020-06-18,196.31,195.0,189.084,169.8202,131.4137,UP,1
2020-06-19,198.19,198.8,192.874,171.2222,131.765,UP,1
2020-06-22,199.19,199.65,195.222,172.5868,132.1397,DOWN,0
2020-06-23,195.62,200.25,196.726,173.814,132.5115,UP,1
2020-06-24,195.82,195.62,197.026,174.9336,132.9443,UP,1
2020-06-25,204.22,196.0,198.608,176.1686,133.4293,DOWN,0
2020-06-26,203.49,203.38,199.668,177.2898,133.9139,DOWN,0
2020-06-29,199.84,203.4,199.798,178.3248,134.3812,UP,1
2020-06-30,200.23,195.0,200.72,179.2774,134.8719,UP,1
2020-07-01,210.92,199.02,203.74,180.5276,135.4076,DOWN,0
2020-07-02,207.76,210.42,204.448,181.65,135.9181,DOWN,0
2020-07-06,207.26,211.01,205.202,182.755,136.4362,UP,1
2020-07-07,207.34,206.49,206.702,183.7948,136.9554,UP,1
2020-07-08,219.78,209.74,210.612,185.1516,137.5235,UP,1
2020-07-09,222.95,221.8,213.018,186.6574,138.1127,DOWN,0
2020-07-10,218.73,222.13,215.212,188.0408,138.6944,DOWN,0
2020-07-13,200.09,221.335,213.778,189.0166,139.1815,UP,1
2020-07-14,206.75,197.35,213.66,190.1748,139.7047,DOWN,0
2020-07-15,204.05,205.89,210.514,191.162,140.2396,DOWN,0
2020-07-16,202.52,202.32,206.428,192.0378,140.7599,UP,1
2020-07-17,207.38,204.27,204.158,192.8968,141.2784,UP,1
2020-07-20,213.24,207.66,206.788,193.7558,141.8293,DOWN,0
2020-07-21,211.31,215.0,207.7,194.5944,142.3151,DOWN,0
2020-07-22,210.82,212.75,209.054,195.3242,142.7865,DOWN,0
2020-07-23,206.77,212.21,209.904,195.9866,143.225,DOWN,0
2020-07-24,205.64,202.57,209.556,196.5522,143.6773,UP,1
2020-07-27,206.0,208.74,208.108,197.1258,144.1162,DOWN,0
2020-07-28,205.06,206.32,206.858,197.595,144.5687,UP,1
2020-07-29,210.88,209.16,206.87,198.224,145.0419,UP,1
2020-07-30,219.32,210.51,209.38,198.9948,145.5596,UP,1
2020-07-31,220.98,222.0,212.448,199.6604,146.0852,UP,1
2020-08-03,222.32,221.69,215.712,200.352,146.6648,DOWN,0
2020-08-04,219.39,220.19,218.578,200.89,147.2368,UP,1
2020-08-05,223.56,220.0,221.114,201.6778,147.8618,DOWN,0
2020-08-06,217.31,223.43,220.712,202.4356,148.4426,DOWN,0
2020-08-07,208.23,213.45,218.162,202.9218,148.9873,DOWN,0
2020-08-10,199.66,207.36,213.63,203.0034,149.4816,DOWN,0
2020-08-11,196.18,198.6,208.988,202.8314,149.9225,UP,1
2020-08-12,198.82,197.52,204.04,202.8132,150.3767,UP,1
2020-08-13,202.83,200.17,201.144,202.9656,150.8546,DOWN,0
2020-08-14,198.86,205.0,199.27,203.217,151.3116,UP,1
2020-08-17,199.73,200.1,199.284,203.5996,151.7487,UP,1
2020-08-18,205.68,201.48,201.184,204.0106,152.2317,DOWN,0
2020-08-19,205.29,208.0,202.478,204.515,152.7028,UP,1
2020-08-20,211.03,205.29,204.118,205.1066,153.2216,DOWN,0
2020-08-21,208.39,212.13,206.024,205.697,153.7296,DOWN,0
2020-08-24,205.12,211.24,207.102,206.2146,154.214,UP,1
2020-08-25,209.53,205.45,207.872,206.6562,154.7356,UP,1
2020-08-26,224.14,216.0,211.642,207.377,155.308,DOWN,0
2020-08-27,218.44,223.3,213.124,207.8594,155.8457,DOWN,0
2020-08-28,207.98,212.32,213.042,208.0928,156.3183,UP,1
2020-08-31,215.37,210.1,215.092,208.4364,156.8116,UP,1
2020-09-01,224.5,217.48,218.086,208.9426,157.3543,UP,1
2020-09-02,230.6,228.8624,219.378,209.6422,157.9197,DOWN,0
2020-09-03,208.78,223.2535,217.446,209.9014,158.3579,DOWN,0
2020-09-04,203.44,207.94,216.538,209.8858,158.7447,DOWN,0
2020-09-08,197.13,193.7731,212.89,209.7586,159.0833,UP,1
2020-09-09,200.49,201.28,208.088,209.7716,159.4463,DOWN,0
2020-09-10,198.48,202.51,201.664,209.7366,159.8004,DOWN,0
2020-09-11,193.66,200.84,198.64,209.3914,160.1256,UP,1
2020-09-14,194.69,196.68,196.89,209.13,160.4474,DOWN,0
2020-09-15,193.42,197.05,196.148,208.8532,160.7647,DOWN,0
2020-09-16,193.16,194.27,194.682,208.5696,161.0816,UP,1
2020-09-17,194.9,187.49,193.966,208.072,161.4464,UP,1
2020-09-18,197.65,195.14,194.764,207.566,161.8107,UP,1
2020-09-21,206.47,195.66,197.12,207.3208,162.2338,UP,1
2020-09-22,211.86,207.68,200.808,207.5562,162.6973,DOWN,0
2020-09-23,207.72,210.8,203.72,207.5756,163.1443,DOWN,0
2020-09-24,204.53,205.0,205.646,207.5852,163.5619,UP,1
2020-09-25,216.2,208.23,209.356,207.8588,164.0448,DOWN,0
2020-09-28,213.33,216.0,210.728,207.9778,164.5232,UP,1
2020-09-29,213.56,212.18,211.068,207.9842,165.0248,UP,1
2020-09-30,213.85,212.5,212.294,208.035,165.5106,UP,1
2020-10-01,219.3,216.0,215.248,208.2046,166.0259,DOWN,0
2020-10-02,219.06,212.97,215.82,208.4504,166.5507,UP,1
2020-10-05,227.26,219.41,218.606,208.8828,167.11,UP,1
2020-10-06,232.49,226.5,222.392,209.4126,167.6937,UP,1
2020-10-07,236.6,231.9,226.942,210.0434,168.2956,UP,1
2020-10-08,237.57,236.6,230.596,210.5772,168.893,DOWN,0
2020-10-09,236.45,236.98,234.074,210.9198,169.4802,UP,1
2020-10-12,245.55,240.0,237.732,211.4112,170.1059,UP,1
2020-10-13,246.95,246.05,240.624,211.9038,170.7411,DOWN,0
2020-10-14,243.11,246.9,241.926,212.3782,171.3851,UP,1
2020-10-15,246.31,237.1534,243.674,212.8332,172.0398,DOWN,0
2020-10-16,243.95,248.0,245.174,213.366,172.673,DOWN,0
2020-10-19,242.09,245.0,244.482,214.0432,173.292,DOWN,0
2020-10-20,231.68,242.0,241.428,214.6836,173.8332,DOWN,0
2020-10-21,220.81,233.55,236.968,215.1762,174.3228,DOWN,0
2020-10-22,216.55,222.32,231.016,215.5308,174.7778,UP,1
2020-10-23,219.51,218.56,226.128,215.8644,175.2328,DOWN,0
2020-10-26,219.2,220.67,221.55,216.2712,175.6818,UP,1
2020-10-27,221.33,223.01,219.48,216.7032,176.1327,UP,1
2020-10-28,221.35,221.88,219.588,217.0166,176.5943,DOWN,0
2020-10-29,218.35,223.68,219.948,217.2778,177.0432,DOWN,0
2020-10-30,209.83,218.0,218.012,217.2538,177.4503,DOWN,0
2020-11-02,203.86,210.005,214.944,217.1632,177.8405,UP,1
2020-11-03,208.5,204.41,212.378,217.2308,178.2567,UP,1
2020-11-04,228.82,217.78,213.872,217.6166,178.7757,UP,1
2020-11-05,233.19,232.99,216.84,217.7976,179.3025,UP,1
2020-11-06,233.26,233.38,221.526,218.094,179.8205,DOWN,0
2020-11-09,217.39,219.29,224.232,218.2822,180.2783,DOWN,0
2020-11-10,213.34,218.38,225.2,218.2416,180.7076,UP,1
2020-11-11,219.41,217.03,223.318,218.1398,181.1597,UP,1
2020-11-12,224.26,222.27,221.532,218.013,181.6163,DOWN,0
2020-11-13,221.8,224.94,219.24,218.2734,182.085,UP,1
2020-11-16,222.77,214.6,220.316,218.66,182.5521,UP,1
2020-11-17,226.33,224.17,222.914,219.244,183.01,DOWN,0
2020-11-18,223.84,227.26,223.8,219.711,183.4808,UP,1
2020-11-19,232.45,223.84,225.438,220.3904,183.9926,UP,1
2020-11-20,232.65,237.98,227.608,221.1702,184.4919,DOWN,0
2020-11-23,227.83,234.98,228.62,221.833,184.9523,UP,1
2020-11-24,229.52,230.0,229.258,222.555,185.4135,UP,1
2020-11-25,237.67,230.75,232.024,223.4452,185.914,DOWN,0
2020-11-27,236.04,240.0,232.742,224.268,186.4176,UP,1
2020-11-30,245.04,239.0,235.22,225.2158,186.9577,DOWN,0
2020-12-01,236.99,244.12,237.052,225.8262,187.4531,DOWN,0
2020-12-02,230.21,234.69,237.19,226.1932,187.9067,UP,1
2020-12-03,242.35,246.39,238.126,226.8858,188.4257,DOWN,0
2020-12-04,240.98,241.27,239.114,227.6148,188.9626,UP,1
2020-12-07,246.05,243.769,239.316,228.2118,189.5589,UP,1
2020-12-08,251.13,245.0,242.144,228.9678,190.1997,DOWN,0
2020-12-09,232.38,249.15,242.578,229.3442,190.7225,UP,1
2020-12-10,247.79,231.93,243.666,230.023,191.3423,UP,1
2020-12-11,252.35,247.98,245.94,230.684,191.9637,DOWN,0
2020-12-14,251.54,253.22,247.038,231.3336,192.5543,UP,1
2020-12-15,255.15,253.5,247.842,231.8914,193.1733,UP,1
2020-12-16,259.93,255.0,253.352,232.4402,193.8163,UP,1
2020-12-17,271.37,262.609,258.068,233.1356,194.5279,UP,1
2020-12-18,271.81,274.7491,261.96,233.8204,195.2571,UP,1
2020-12-21,275.54,271.0,266.76,234.6022,196.0605,UP,1
2020-12-22,285.6,277.225,272.85,235.4032,196.8925,DOWN,0
2020-12-23,272.52,287.0,275.368,235.9146,197.6813,UP,1
2020-12-24,275.6,276.16,276.214,236.5644,198.5289,DOWN,0
2020-12-28,262.75,278.79,274.402,236.8932,199.3062,DOWN,0
2020-12-29,261.75,265.78,271.644,237.2492,200.1346,DOWN,0
2020-12-30,260.52,261.82,266.628,237.6178,200.8916,DOWN,0
2020-12-31,254.26,261.53,262.976,238.0694,201.6526,DOWN,0
2021-01-04,250.67,257.35,257.99,238.6666,202.3362,DOWN,0
2021-01-05,249.55,245.23,255.35,239.3266,203.0067,DOWN,0
2021-01-06,239.72,241.84,250.944,239.7308,203.6133,UP,1
2021-01-07,250.83,244.0,249.006,240.3634,204.2476,UP,1
2021-01-08,253.12,251.64,248.778,240.9992,204.9244,DOWN,0
2021-01-11,252.2,251.4125,249.084,241.6162,205.5689,UP,1
2021-01-12,256.14,254.58,250.402,242.372,206.2443,UP,1
2021-01-13,256.6,260.33,253.778,243.3074,206.9026,UP,1
2021-01-14,259.11,260.0,255.434,244.4124,207.5869,DOWN,0
2021-01-15,252.99,260.99,255.408,245.3022,208.254,UP,1
2021-01-19,260.84,255.5196,257.136,245.9426,208.9782,UP,1
2021-01-20,264.09,265.0,258.726,246.5606,209.704,DOWN,0
2021-01-21,262.24,265.99,259.854,247.1402,210.3746,UP,1
2021-01-22,264.0,264.48,260.832,248.0724,211.0669,DOWN,0
2021-01-25,263.46,267.95,262.926,249.0748,211.7437,DOWN,0
2021-01-26,257.48,264.78,262.254,249.8362,212.3763,DOWN,0
2021-01-27,251.33,253.44,259.702,250.3776,212.9617,UP,1
2021-01-28,258.48,251.13,258.95,251.1112,213.5549,UP,1
2021-01-29,259.01,254.92,257.952,251.836,214.1376,UP,1
2021-02-01,266.37,260.71,258.534,252.6368,214.7323,UP,1
2021-02-02,276.33,266.93,262.304,253.6866,215.3735,DOWN,0
2021-02-03,276.25,276.0,267.288,254.5626,215.9917,UP,1
2021-02-04,283.62,277.69,272.316,255.582,216.6678,DOWN,0
2021-02-05,282.94,282.27,277.102,256.6842,217.3243,DOWN,0
2021-02-08,281.15,283.29,280.058,257.7168,217.97,DOWN,0
2021-02-09,279.89,281.34,280.77,258.5612,218.5927,UP,1
2021-02-10,286.5,281.0,282.82,259.5704,219.2655,UP,1
2021-02-11,286.64,289.38,283.424,260.4024,219.9604,UP,1
2021-02-12,291.78,286.8959,285.192,261.4982,220.6715,DOWN,0
2021-02-16,285.07,292.235,285.976,262.5954,221.3403,DOWN,0
2021-02-17,284.09,279.45,286.816,263.4302,222.0166,UP,1
2021-02-18,284.64,280.08,286.444,264.3034,222.6663,UP,1
2021-02-19,288.36,286.78,286.788,265.1496,223.3145,DOWN,0
2021-02-22,274.47,283.0,283.326,265.6164,223.8647,DOWN,0
2021-02-23,270.58,263.83,280.428,266.3804,224.3661,DOWN,0
2021-02-24,269.9,267.99,277.59,266.8226,224.8687,DOWN,0
2021-02-25,256.28,267.73,271.918,266.9012,225.2785,UP,1
2021-02-26,261.45,264.51,266.536,267.0994,225.7175,UP,1
2021-03-01,269.81,269.66,265.604,267.3926,226.1797,DOWN,0
2021-03-02,259.06,274.11,263.3,267.3752,226.5884,DOWN,0
2021-03-03,241.22,256.42,257.564,266.7722,226.8865,DOWN,0
2021-03-04,226.22,220.0,251.552,265.8604,227.1205,DOWN,0
2021-03-05,215.96,228.5,242.454,264.6688,227.2964,DOWN,0
2021-03-08,208.51,217.0,230.194,263.127,227.4004,UP,1
2021-03-09,219.98,218.99,222.378,262.0762,227.5616,UP,1
2021-03-10,225.21,232.5,219.176,261.0684,227.7252,UP,1
2021-03-11,239.21,234.43,221.774,260.5976,228.0004,DOWN,0
2021-03-12,227.0,234.28,223.982,259.9026,228.2383,UP,1
2021-03-15,228.72,226.41,228.024,259.2666,228.4623,DOWN,0
2021-03-16,227.0,230.99,229.428,258.7214,228.6194,DOWN,0
2021-03-17,224.89,224.32,229.364,258.2058,228.72,DOWN,0
2021-03-18,209.04,221.94,223.33,257.3956,228.7665,UP,1
2021-03-19,213.53,210.15,220.636,256.8718,228.8581,UP,1
2021-03-22,222.5,217.4,219.392,256.3052,229.0392,UP,1
2021-03-23,225.62,225.0,219.116,255.7552,229.2643,DOWN,0
2021-03-24,218.59,226.0,217.856,255.083,229.4316,DOWN,0
2021-03-25,217.61,214.25,219.57,254.3124,229.6193,DOWN,0
2021-03-26,212.45,218.0,219.354,253.4294,229.7743,UP,1
2021-03-29,215.82,212.01,218.018,252.5636,229.959,DOWN,0
2021-03-30,213.55,212.67,215.604,251.7748,230.1306,UP,1
2021-03-31,220.43,217.13,215.972,250.9666,230.2955,UP,1
2021-04-01,229.7,225.99,218.39,250.2788,230.5035,DOWN,0
2021-04-05,226.83,231.05,221.266,249.5706,230.6661,UP,1
2021-04-06,228.55,226.28,223.812,248.8616,230.8273,DOWN,0
2021-04-07,222.56,228.99,225.614,248.0436,230.9491,UP,1
2021-04-08,238.48,227.7,229.224,247.6636,231.1456,UP,1
2021-04-09,244.26,241.3,232.136,247.5222,231.3888,UP,1
2021-04-12,248.96,241.25,236.562,247.3318,231.6545,UP,1
2021-04-13,265.32,251.99,243.916,247.458,231.96,DOWN,0
2021-04-14,259.91,264.81,251.386,247.3288,232.2421,UP,1
2021-04-15,274.25,263.64,258.54,247.2872,232.6141,DOWN,0
2021-04-16,269.98,273.71,263.684,247.1618,232.9629,DOWN,0
2021-04-19,266.01,268.47,267.094,246.8096,233.2383,DOWN,0
2021-04-20,265.8,263.68,267.19,246.4668,233.5285,UP,1
2021-04-21,274.54,262.0,270.116,246.3346,233.8649,UP,1
2021-04-22,274.96,275.6,270.258,246.236,234.203,UP,1
2021-04-23,279.3,276.48,272.122,246.092,234.5006,UP,1
2021-04-26,285.35,278.13,275.99,246.0662,234.8126,DOWN,0
2021-04-27,283.0,284.0,279.43,245.8906,235.134,DOWN,0
2021-04-28,281.84,282.68,280.89,245.826,235.5427,DOWN,0
2021-04-29,273.62,282.99,280.622,245.6166,235.8771,DOWN,0
2021-04-30,269.7,269.15,278.702,245.3178,236.2053,DOWN,0
2021-05-03,255.92,269.95,272.816,244.669,236.4723,DOWN,0
2021-05-04,244.07,250.0535,265.03,244.061,236.6558,DOWN,0
2021-05-05,242.06,246.98,257.074,243.4906,236.7999,DOWN,0
2021-05-06,234.39,241.24,249.228,242.7804,236.9153,UP,1
2021-05-07,237.27,241.99,242.742,242.4002,237.0475,DOWN,0
2021-05-10,230.75,236.1,237.708,241.7862,237.1674,UP,1
2021-05-11,237.9,219.45,236.474,241.148,237.3287,DOWN,0
2021-05-12,225.6,233.4,233.182,240.4788,237.4267,DOWN,0
2021-05-13,221.96,229.94,230.696,240.0936,237.5112,UP,1
2021-05-14,229.25,227.64,229.092,240.1542,237.6031,DOWN,0
2021-05-17,224.94,226.78,227.93,240.3338,237.6312,UP,1
2021-05-18,227.35,228.08,225.82,240.7106,237.663,UP,1
2021-05-19,228.42,222.7,226.384,240.8794,237.6935,UP,1
2021-05-20,234.03,230.5,228.798,241.0558,237.7667,UP,1
2021-05-21,238.31,239.12,230.61,241.0378,237.8405,UP,1
2021-05-24,242.56,240.35,234.134,241.349,237.9667,UP,1
2021-05-25,244.15,242.79,237.494,241.6576,238.1463,UP,1
2021-05-26,246.53,246.12,241.116,242.0482,238.3807,DOWN,0
2021-05-27,222.4,226.89,238.79,241.9984,238.5118,UP,1
2021-05-28,222.44,223.53,235.616,242.2664,238.6299,DOWN,0
2021-06-01,218.64,223.1,230.832,242.3686,238.7089,DOWN,0
2021-06-02,215.75,218.0,225.152,242.2336,238.7934,DOWN,0
2021-06-03,210.72,215.11,217.99,241.9356,238.8483,UP,1
2021-06-04,213.36,213.0,216.182,241.831,238.8867,UP,1
2021-06-07,216.44,213.05,214.982,241.8076,238.9425,UP,1
2021-06-08,217.3,217.08,214.714,241.9046,238.9738,DOWN,0
2021-06-09,217.16,219.65,214.996,241.9314,239.0177,UP,1
2021-06-10,222.12,216.01,217.276,242.1028,239.1027,UP,1
2021-06-11,226.38,220.89,219.88,242.2218,239.1869,UP,1
2021-06-14,227.79,226.79,222.15,242.1836,239.2052,DOWN,0
2021-06-15,224.36,227.03,223.562,242.1342,239.2348,DOWN,0
2021-06-16,223.22,225.26,224.774,242.0276,239.311,UP,1
2021-06-17,232.16,223.0,226.782,242.2196,239.3949,UP,1
2021-06-18,239.26,233.4,229.358,242.2352,239.4687,DOWN,0
2021-06-21,233.18,238.4,230.436,242.0136,239.4816,UP,1
2021-06-22,241.36,235.14,233.836,241.8616,239.6445,UP,1
2021-06-23,242.49,241.79,237.69,241.405,239.8398,UP,1
2021-06-24,244.98,245.0,240.254,241.1064,240.079,UP,1
2021-06-25,246.13,246.81,241.628,240.544,240.3072,UP,1
2021-06-28,247.41,247.99,244.474,240.0926,240.5519,UP,1
2021-06-29,248.04,248.04,245.81,239.7332,240.8238,DOWN,0
2021-06-30,244.68,248.86,246.248,239.3108,241.0737,DOWN,0
2021-07-01,240.74,243.75,245.4,238.6348,241.3103,UP,1
2021-07-02,242.56,243.0,244.686,237.9868,241.5573,UP,1
2021-07-06,249.54,243.76,245.112,237.3916,241.8305,UP,1
2021-07-07,250.27,252.49,245.558,236.69,242.0936,UP,1
2021-07-08,251.26,244.8835,246.874,236.0552,242.3176,UP,1
2021-07-09,251.84,247.22,249.094,235.4552,242.5175,DOWN,0
2021-07-12,245.55,254.315,249.692,234.8938,242.7066,UP,1
2021-07-13,249.09,248.46,249.602,234.4816,242.9294,DOWN,0
2021-07-14,242.1,250.0,247.968,234.2052,243.0589,DOWN,0
2021-07-15,237.58,242.94,245.232,234.0754,243.1802,DOWN,0
2021-07-16,235.67,239.52,241.998,233.9476,243.2907,UP,1
2021-07-19,241.35,233.22,241.158,234.0868,243.4282,UP,1
2021-07-20,246.34,244.89,240.608,234.2682,243.5634,UP,1
2021-07-21,247.25,245.0,241.638,234.5982,243.7044,UP,1
2021-07-22,249.71,248.37,244.064,234.8344,243.8166,UP,1
2021-07-23,257.91,250.18,248.512,235.4806,243.9437,DOWN,0
2021-07-26,253.0,256.8,250.842,236.1014,244.0257,DOWN,0
2021-07-27,248.3,253.0,251.234,236.4824,244.0794,UP,1
2021-07-28,250.5,249.09,251.884,236.9936,244.1496,DOWN,0
2021-07-29,248.18,251.21,251.578,237.4102,244.1628,DOWN,0
2021-07-30,247.79,245.78,249.554,237.7976,244.167,DOWN,0
2021-08-02,245.58,248.0,248.07,238.0286,244.1793,DOWN,0
2021-08-03,242.57,245.58,246.924,238.1138,244.1606,UP,1
2021-08-04,247.38,242.9,246.3,238.2102,244.1778,UP,1
2021-08-05,252.29,247.0,247.122,238.373,244.2288,DOWN,0
2021-08-06,240.12,249.76,245.588,238.2448,244.271,UP,1
2021-08-09,241.35,240.0,244.742,238.6238,244.3737,DOWN,0
2021-08-10,232.7,241.685,242.768,238.829,244.4544,UP,1
2021-08-11,234.49,234.64,240.19,239.146,244.5293,UP,1
2021-08-12,236.14,234.0,236.96,239.5538,244.614,DOWN,0
2021-08-13,235.84,236.36,236.104,240.0562,244.6866,DOWN,0
2021-08-16,231.82,235.19,234.198,240.4254,244.7389,DOWN,0
2021-08-17,230.63,230.6,233.784,240.7092,244.8003,DOWN,0
2021-08-18,228.93,231.45,232.672,240.9418,244.8958,UP,1
2021-08-19,230.91,228.3,231.626,241.2168,245.0311,UP,1
2021-08-20,230.97,230.92,230.652,241.3938,245.1434,UP,1
2021-08-23,235.68,231.25,231.424,241.5798,245.1777,UP,1
2021-08-24,247.55,240.0,234.808,241.975,245.2495,UP,1
2021-08-25,260.73,254.25,241.168,242.7024,245.3869,UP,1
2021-08-26,262.17,255.55,247.42,243.4814,245.6108,UP,1
2021-08-27,262.38,261.08,253.702,244.0858,245.856,UP,1
2021-08-30,264.98,263.0,259.562,244.6002,246.0838,DOWN,0
2021-08-31,263.6,262.07,262.772,245.2086,246.2805,UP,1
2021-09-01,264.76,260.0,263.578,245.6766,246.4953,UP,1
2021-09-02,271.75,262.315,265.494,246.2618,246.7402,DOWN,0
2021-09-03,270.4,270.03,267.098,246.7702,246.9606,DOWN,0
2021-09-07,264.94,268.82,267.09,247.1464,247.1661,DOWN,0
2021-09-08,263.46,263.35,267.062,247.4674,247.3211,UP,1
2021-09-09,266.46,263.45,267.402,247.8358,247.4902,DOWN,0
2021-09-10,253.98,265.52,263.848,248.0218,247.6209,DOWN,0
2021-09-13,249.53,254.01,259.674,248.1976,247.721,UP,1
2021-09-14,253.29,249.53,257.344,248.4122,247.7991,UP,1
2021-09-15,253.58,252.61,255.368,248.493,247.8868,UP,1
2021-09-16,255.78,253.58,253.232,248.6032,247.9405,UP,1
2021-09-17,258.15,257.39,254.066,248.741,248.0463,DOWN,0
2021-09-20,252.65,252.53,254.69,248.7572,248.1585,DOWN,0
2021-09-21,251.76,253.65,254.384,248.8814,248.2055,UP,1
2021-09-22,257.45,251.1,255.158,249.0486,248.2879,DOWN,0
2021-09-23,255.38,259.29,255.078,249.3142,248.3345,DOWN,0
2021-09-24,253.43,255.82,254.134,249.6312,248.346,DOWN,0
2021-09-27,241.46,249.9,251.896,249.747,248.3914,DOWN,0
2021-09-28,235.75,243.12,248.694,249.635,248.3312,DOWN,0
2021-09-29,233.33,239.22,243.87,249.3748,248.2361,UP,1
2021-09-30,237.34,234.64,240.262,249.1766,248.1651,UP,1
2021-10-01,238.08,238.19,237.192,248.944,248.0798,DOWN,0
2021-10-04,224.96,235.0,233.892,248.285,247.9049,UP,1
2021-10-05,227.83,225.91,232.308,247.7816,247.6872,UP,1
2021-10-06,231.92,226.18,232.026,247.454,247.4878,UP,1
2021-10-07,233.96,234.1789,231.35,247.1232,247.2799,DOWN,0
2021-10-08,228.55,235.28,229.444,246.7306,246.9946,DOWN,0
2021-10-11,225.86,226.59,229.624,246.292,246.7613,UP,1
2021-10-12,235.17,227.94,231.092,246.0838,246.5592,UP,1
2021-10-13,247.2,237.37,234.148,246.1764,246.4814,UP,1
2021-10-14,255.53,251.0,238.462,246.3394,246.4503,DOWN,0
2021-10-15,255.02,252.24,243.756,246.394,246.4228,UP,1
2021-10-18,259.92,253.97,250.568,246.79,246.4511,DOWN,0
2021-10-19,257.71,260.14,255.076,247.1172,246.4863,DOWN,0
2021-10-20,256.28,258.66,256.892,247.5888,246.52,UP,1
2021-10-21,259.77,254.73,257.74,248.0944,246.6202,UP,1
2021-10-22,260.38,259.17,258.812,248.5792,246.668,UP,1
2021-10-25,261.05,260.0,259.038,249.0834,246.7076,DOWN,0
2021-10-26,255.71,262.53,258.638,249.5612,246.7252,DOWN,0
2021-10-27,250.01,256.15,257.384,249.9488,246.6945,DOWN,0
2021-10-28,244.63,248.57,254.356,250.2628,246.6347,UP,1
2021-10-29,247.18,244.97,251.716,250.5882,246.575,UP,1
2021-11-01,250.2,247.2,249.546,250.9728,246.5611,UP,1
2021-11-02,253.7,251.46,249.144,251.3332,246.5254,UP,1
2021-11-03,254.25,254.7,249.992,251.4672,246.4762,UP,1
2021-11-04,255.7,255.8,252.206,251.3666,246.4435,DOWN,0
2021-11-05,254.89,257.38,253.748,251.221,246.3979,UP,1
2021-11-08,257.95,254.8,255.298,251.1324,246.3704,UP,1
2021-11-09,268.28,259.24,258.214,251.1984,246.4244,DOWN,0
2021-11-10,258.04,266.92,258.972,251.0872,246.4579,DOWN,0
2021-11-11,255.53,261.02,258.938,250.9026,246.4432,UP,1
2021-11-12,261.5,257.32,260.26,250.6976,246.4556,DOWN,0
2021-11-15,260.0,261.61,260.67,250.4896,246.4238,UP,1
2021-11-16,267.95,260.0,260.604,250.5498,246.3819,DOWN,0
2021-11-17,266.42,266.41,262.28,250.609,246.3327,DOWN,0
2021-11-18,264.39,267.41,264.052,250.5676,246.2365,DOWN,0
2021-11-19,240.68,264.35,259.888,250.3016,246.0252,DOWN,0
2021-11-22,226.25,239.54,253.138,249.836,245.7507,DOWN,0
2021-11-23,215.64,224.6,242.676,249.083,245.4295,UP,1
2021-11-24,219.58,212.86,233.308,248.403,245.0949,UP,1
2021-11-26,222.69,221.1,224.968,247.7412,244.7751,UP,1
2021-11-29,223.61,224.0,221.554,247.0504,244.4343,DOWN,0
2021-11-30,215.23,226.46,219.35,246.302,244.0851,DOWN,0
2021-12-01,198.08,218.54,215.838,245.2284,243.6551,UP,1
2021-12-02,221.18,215.75,216.158,244.503,243.3378,DOWN,0
2021-12-03,214.59,219.95,214.538,243.6872,242.9689,UP,1
2021-12-06,217.88,212.52,213.392,242.9762,242.6859,UP,1
2021-12-07,230.44,225.0,216.434,242.7558,242.4853,UP,1
2021-12-08,240.07,230.44,224.832,242.8422,242.3361,DOWN,0
2021-12-09,228.16,239.18,226.228,242.7388,242.1955,DOWN,0
2021-12-10,223.66,229.0,228.042,242.4652,242.0066,DOWN,0
2021-12-13,221.91,221.61,228.848,242.1418,241.7671,DOWN,0
2021-12-14,217.36,217.9538,226.232,241.9898,241.5586,UP,1
2021-12-15,222.55,217.03,222.728,241.8842,241.4652,DOWN,0
2021-12-16,211.8,223.09,219.456,241.4818,241.3931,UP,1
2021-12-17,217.91,206.39,218.306,241.1608,241.4029,UP,1
2021-12-20,218.91,214.32,217.706,240.968,241.4549,UP,1
2021-12-21,228.38,220.7019,219.91,241.0184,241.4969,DOWN,0
2021-12-22,228.34,228.38,221.068,240.8818,241.5125,DOWN,0
2021-12-23,228.31,227.38,224.37,240.504,241.458,UP,1
2021-12-27,229.41,227.95,226.67,239.9816,241.4701,DOWN,0
2021-12-28,224.47,229.92,227.782,239.3706,241.4488,DOWN,0
2021-12-29,224.18,223.15,226.942,238.6558,241.4347,UP,1
2021-12-30,225.05,224.97,226.284,238.0026,241.4355,DOWN,0
2021-12-31,224.17,225.0,225.456,237.3604,241.5112,DOWN,0
2022-01-03,222.66,223.05,224.106,236.6182,241.5568,DOWN,0
2022-01-04,215.01,221.75,222.214,235.7108,241.5194,DOWN,0
2022-01-05,198.59,208.11,217.096,234.4616,241.3842,UP,1
2022-01-06,202.22,197.65,212.53,233.3918,241.3024,DOWN,0
2022-01-07,196.67,199.56,207.03,232.325,241.1977,UP,1
2022-01-10,201.24,189.06,202.746,231.4572,241.1416,UP,1
2022-01-11,207.98,198.61,201.34,230.6732,241.1024,UP,1
2022-01-12,213.93,211.06,204.408,229.9478,241.1043,DOWN,0
2022-01-13,202.0,212.9,204.364,228.9138,241.0122,UP,1
2022-01-14,204.41,198.145,205.912,227.917,240.8857,DOWN,0
2022-01-18,197.2,199.0,205.104,226.747,240.7376,UP,1
2022-01-19,197.42,197.47,202.992,225.5976,240.5819,UP,1
2022-01-20,200.32,203.02,200.27,224.445,240.4707,DOWN,0
2022-01-21,188.26,198.71,197.522,222.8446,240.2196,UP,1
2022-01-24,190.9,181.62,194.82,221.5018,239.9528,DOWN,0
2022-01-25,177.66,184.96,190.912,219.9444,239.5963,UP,1
2022-01-26,178.04,184.01,187.036,218.2752,239.1599,DOWN,0
2022-01-27,175.6,183.47,182.092,216.5872,238.7384,UP,1
2022-01-28,184.24,175.99,181.288,214.913,238.2883,UP,1
2022-01-31,197.89,185.77,182.686,213.5424,237.9279,UP,1
2022-02-01,201.42,199.4,187.438,212.283,237.6049,DOWN,0
2022-02-02,191.24,195.55,190.078,211.2942,237.2321,DOWN,0
2022-02-03,182.8,185.09,191.518,210.4252,236.7734,UP,1
2022-02-04,188.86,182.8,192.442,209.8896,236.3429,DOWN,0
2022-02-07,188.09,187.94,190.482,209.2598,235.8869,UP,1
2022-02-08,190.45,184.72,188.288,208.615,235.4124,UP,1
2022-02-09,195.46,195.0,189.132,208.052,234.9747,UP,1
2022-02-10,196.28,191.27,191.828,207.673,234.5469,DOWN,0
2022-02-11,191.77,197.81,192.41,207.5468,234.1376,DOWN,0
2022-02-14,189.41,190.8,192.674,206.9114,233.7362,UP,1
2022-02-15,195.43,193.18,193.67,206.5282,233.4337,DOWN,0
2022-02-16,188.55,191.99,192.288,205.9416,233.1561,DOWN,0
2022-02-17,173.45,183.9,187.722,204.8018,232.8131,DOWN,0
2022-02-18,164.67,174.21,182.302,203.2938,232.4645,UP,1
2022-02-22,168.93,164.68,178.206,202.1092,232.1228,DOWN,0
2022-02-23,159.51,169.98,171.022,200.8262,231.7666,UP,1
2022-02-24,173.56,154.04,168.024,199.8592,231.4449,UP,1
2022-02-25,177.37,173.01,168.808,199.0594,231.2037,UP,1
2022-02-28,182.84,177.37,172.442,198.2652,231.0081,UP,1
2022-03-01,184.14,185.08,175.484,197.712,230.7826,DOWN,0
2022-03-02,182.7,184.2,180.122,197.0078,230.5714,DOWN,0
2022-03-03,167.98,174.0,179.006,195.9892,230.2745,DOWN,0
2022-03-04,158.41,167.2,175.214,194.5898,229.9245,DOWN,0
2022-03-07,154.4,159.63,169.526,193.111,229.5263,UP,1
2022-03-08,159.55,155.49,164.608,191.7358,229.1325,UP,1
2022-03-09,170.3,165.135,162.128,190.5536,228.7712,DOWN,0
2022-03-10,165.72,167.55,161.676,189.3786,228.3791,DOWN,0
2022-03-11,154.06,167.21,160.806,187.9762,227.9167,DOWN,0
2022-03-14,146.1,152.5,159.146,186.3972,227.5352,UP,1
2022-03-15,148.93,146.7,157.022,184.8924,227.1677,UP,1
2022-03-16,155.79,150.95,154.12,183.555,226.8534,UP,1
2022-03-17,161.12,154.61,153.2,182.4772,226.5803,UP,1
2022-03-18,174.5,160.89,157.288,181.9954,226.3992,DOWN,0
2022-03-21,169.41,171.36,161.95,181.3392,226.1794,DOWN,0
2022-03-22,166.43,155.88,165.45,180.7344,225.9294,DOWN,0
2022-03-23,148.55,160.25,164.002,179.6806,225.5856,DOWN,0
2022-03-24,144.5,149.78,160.678,178.411,225.2223,DOWN,0
2022-03-25,138.11,144.91,153.4,176.8946,224.8023,UP,1
2022-03-28,149.86,139.73,149.49,175.8518,224.4197,UP,1
2022-03-29,156.81,152.0,147.566,174.8998,224.0648,DOWN,0
2022-03-30,152.6,154.22,148.376,174.0078,223.706,DOWN,0
2022-03-31,150.96,152.12,149.668,173.0786,223.3447,DOWN,0
2022-04-01,148.79,151.22,151.804,172.048,222.9278,UP,1
2022-04-04,160.42,149.75,153.916,171.4912,222.5336,DOWN,0
2022-04-05,156.79,161.06,153.912,170.809,222.1517,DOWN,0
2022-04-06,150.1,152.74,153.412,170.2578,221.6954,DOWN,0
2022-04-07,147.57,148.19,152.734,169.6484,221.2208,DOWN,0
2022-04-08,142.86,146.3,151.548,168.9936,220.7102,UP,1
2022-04-11,144.93,141.43,148.45,168.2074,220.2042,DOWN,0
2022-04-12,143.36,148.0,145.764,167.1168,219.6839,UP,1
2022-04-13,150.25,142.68,145.794,166.0934,219.195,DOWN,0
2022-04-14,143.57,150.14,144.994,165.14,218.6894,DOWN,0
2022-04-18,139.71,142.84,144.364,164.2782,218.1843,UP,1
2022-04-19,149.05,140.0,145.188,163.482,217.7167,DOWN,0
2022-04-20,144.76,149.57,145.468,162.6154,217.1928,DOWN,0
2022-04-21,138.77,147.49,143.172,161.5818,216.6353,DOWN,0
2022-04-22,136.33,137.27,141.724,160.3992,216.0607,UP,1
2022-04-25,138.4,134.78,141.462,159.2416,215.4935,DOWN,0
2022-04-26,129.69,136.74,137.59,158.0,214.9142,DOWN,0
2022-04-27,127.06,128.36,134.05,156.753,214.304,UP,1
2022-04-28,131.7,129.98,132.636,155.4784,213.752,DOWN,0
2022-04-29,119.31,129.29,129.232,154.0936,213.1607,UP,1
2022-05-02,123.97,118.41,126.346,153.104,212.6022,DOWN,0
2022-05-03,117.72,122.85,123.952,152.165,211.984,UP,1
2022-05-04,120.51,117.75,122.642,151.1966,211.3549,DOWN,0
2022-05-05,111.17,119.17,118.536,150.2298,210.6745,DOWN,0
2022-05-06,102.45,109.12,115.164,148.8076,209.9382,DOWN,0
2022-05-09,88.83,98.24,108.136,147.0368,209.0928,UP,1
2022-05-10,91.57,92.2,102.906,145.2114,208.2856,DOWN,0
2022-05-11,84.46,89.01,95.696,143.2178,207.4664,UP,1
2022-05-12,87.69,82.08,91.0,141.3176,206.6524,UP,1
2022-05-13,97.7,90.99,90.05,139.912,205.9,DOWN,0
2022-05-16,89.37,95.5,90.158,138.5312,205.1079,DOWN,0
2022-05-17,87.48,92.22,89.34,137.1928,204.3174,DOWN,0
2022-05-18,78.77,84.43,88.202,135.5772,203.4984,UP,1
2022-05-19,83.03,78.9,87.27,133.8318,202.6766,UP,1
2022-05-20,84.22,86.47,84.574,132.2018,201.8363,DOWN,0
2022-05-23,83.51,84.03,83.402,130.7908,201.0532,DOWN,0
2022-05-24,78.86,81.67,81.678,129.446,200.2408,UP,1
2022-05-25,82.57,78.43,82.438,128.1188,199.4901,DOWN,0
2022-05-26,81.21,79.79,82.074,126.6272,198.7237,UP,1
2022-05-27,86.06,82.88,82.442,125.126,197.9733,DOWN,0
2022-05-31,83.05,85.29,82.35,123.297,197.2094,UP,1
2022-06-01,84.43,84.43,83.464,121.5974,196.4724,UP,1
2022-06-02,93.68,84.13,85.686,120.1424,195.7877,UP,1
2022-06-03,98.38,107.0227,89.12,119.139,195.1349,DOWN,0
2022-06-06,95.0,101.55,90.908,118.149,194.4554,UP,1
2022-06-07,99.74,93.11,94.246,117.3816,193.7992,UP,1
2022-06-08,102.19,98.93,97.798,116.4282,193.1318,DOWN,0
2022-06-09,94.92,100.8,98.046,115.1904,192.3686,DOWN,0
2022-06-10,90.12,92.75,96.394,113.9408,191.5156,DOWN,0
2022-06-13,81.66,85.81,93.726,112.5548,190.613,DOWN,0
2022-06-14,81.47,82.37,90.072,111.2084,189.7085,UP,1
2022-06-15,85.91,83.59,86.816,109.7182,188.8131,DOWN,0
2022-06-16,79.04,82.0,83.64,108.1632,187.8903,UP,1
2022-06-17,82.67,80.06,82.15,106.8146,186.9799,UP,1
2022-06-21,84.12,83.75,82.642,105.5456,186.0417,UP,1
2022-06-22,86.02,82.49,83.552,104.4088,185.1198,UP,1
2022-06-23,93.4,86.92,85.05,103.3782,184.2621,UP,1
2022-06-24,101.26,94.8,89.494,102.5362,183.4511,DOWN,0
2022-06-27,97.26,100.89,92.412,101.4764,182.6051,DOWN,0
2022-06-28,92.6,97.43,94.108,100.457,181.7982,UP,1
2022-06-29,93.36,92.2,95.576,99.53,181.0174,DOWN,0
2022-06-30,90.4,92.32,94.976,98.357,180.2029,UP,1
2022-07-01,95.98,90.32,93.92,97.3814,179.4149,UP,1
2022-07-05,102.56,95.64,94.98,96.6572,178.6488,DOWN,0
2022-07-06,101.33,103.03,96.726,95.9572,177.8647,UP,1
2022-07-07,103.66,100.51,98.786,95.2624,177.1198,UP,1
2022-07-08,103.9,100.84,101.486,94.7466,176.3805,DOWN,0
2022-07-11,100.38,102.59,102.366,94.213,175.5951,DOWN,0
2022-07-12,95.76,100.57,101.006,93.4942,174.797,UP,1
2022-07-13,97.1,93.78,100.16,93.05,174.0154,DOWN,0
2022-07-14,92.84,96.07,97.996,92.4274,173.2723,UP,1
2022-07-15,94.02,93.54,96.02,91.9534,172.5636,UP,1
2022-07-18,95.46,96.24,95.036,91.4524,171.8743,UP,1
2022-07-19,95.69,97.27,95.022,91.1428,171.166,UP,1
2022-07-20,103.03,96.26,96.208,91.1544,170.4908,UP,1
2022-07-21,104.4,102.53,98.52,91.4658,169.888,DOWN,0
2022-07-22,101.95,104.4,100.106,91.6734,169.2586,DOWN,0
2022-07-25,99.14,101.68,100.842,91.967,168.5947,DOWN,0
2022-07-26,91.17,98.94,99.938,92.0366,167.8807,UP,1
2022-07-27,96.42,93.87,98.616,92.011,167.2201,UP,1
2022-07-28,98.4,96.44,97.416,92.1916,166.5828,UP,1
2022-07-29,98.45,98.34,96.716,92.411,165.8992,UP,1
2022-08-01,98.53,96.91,96.594,92.8062,165.1558,DOWN,0
2022-08-02,97.88,96.34,97.936,93.1032,164.3676,UP,1
2022-08-03,104.49,100.96,99.55,93.5086,163.6149,DOWN,0
2022-08-04,104.07,103.61,100.684,93.9198,162.8357,UP,1
2022-08-05,104.47,101.0,101.888,94.432,162.0695,UP,1
2022-08-08,107.22,105.67,103.626,94.925,161.3242,DOWN,0
2022-08-09,101.43,105.87,104.336,95.3294,160.5325,UP,1
2022-08-10,105.69,104.06,104.576,95.722,159.759,DOWN,0
2022-08-11,102.49,107.13,104.26,96.1108,158.9662,UP,1
2022-08-12,104.15,104.5,104.196,96.5052,158.2084,UP,1
2022-08-15,107.11,102.7,104.174,96.7738,157.4939,DOWN,0
2022-08-16,106.02,106.0,105.092,96.9266,156.8009,DOWN,0
2022-08-17,101.72,103.7,104.298,97.061,156.0736,UP,1
2022-08-18,101.77,101.07,104.154,97.1016,155.3314,DOWN,0
2022-08-19,96.21,99.12,102.566,96.982,154.544,DOWN,0
2022-08-22,93.5,94.17,99.844,96.9536,153.7402,UP,1
2022-08-23,93.51,94.83,97.342,97.0214,152.9293,UP,1
2022-08-24,96.63,94.16,96.324,97.3208,152.138,UP,1
2022-08-25,98.57,96.65,95.684,97.6628,151.3411,DOWN,0
2022-08-26,93.48,99.68,95.138,97.8142,150.4671,DOWN,0
2022-08-29,89.8,91.5,94.398,98.0294,149.6259,UP,1
2022-08-30,91.16,91.35,93.928,98.1992,148.804,UP,1
2022-08-31,91.4,93.74,92.882,98.3448,147.9535,DOWN,0
2022-09-01,60.6,69.155,85.288,97.8364,146.9565,UP,1
2022-09-02,64.63,61.86,79.518,97.261,145.9399,DOWN,0
2022-09-06,60.66,64.34,73.69,96.449,144.9111,UP,1
2022-09-07,61.19,60.82,67.696,95.7276,143.8951,UP,1
2022-09-08,62.67,59.96,61.95,95.129,143.0051,UP,1
2022-09-09,64.7,63.8,62.77,94.5558,142.1973,UP,1
2022-09-12,64.8,65.04,62.804,94.0438,141.4431,DOWN,0
2022-09-13,61.48,61.54,62.968,93.3538,140.6526,DOWN,0
2022-09-14,60.8,61.2,62.89,92.5186,139.8432,UP,1
2022-09-15,62.54,60.86,62.864,91.7428,139.0378,DOWN,0
2022-09-16,59.01,60.27,61.726,90.8498,138.2567,DOWN,0
2022-09-19,58.91,58.81,60.548,89.95,137.5609,DOWN,0
2022-09-20,58.5,58.57,59.952,89.1124,136.7475,DOWN,0
2022-09-21,56.97,59.0,59.186,88.3366,135.9594,DOWN,0
2022-09-22,55.26,56.13,57.73,87.4998,135.1463,DOWN,0
2022-09-23,54.18,53.91,56.764,86.7266,134.265,DOWN,0
2022-09-26,52.84,54.4,55.55,85.903,133.3288,UP,1
2022-09-27,54.07,54.32,54.664,85.0752,132.4584,UP,1
2022-09-28,55.65,54.54,54.4,84.2744,131.6183,UP,1
2022-09-29,56.8,55.21,54.708,83.3498,130.7928,UP,1
2022-09-30,56.87,56.5,55.246,82.3992,129.9903,UP,1
2022-10-03,57.82,57.5,56.242,81.5166,129.1667,UP,1
2022-10-04,59.77,59.82,57.382,80.7292,128.4065,DOWN,0
2022-10-05,59.49,58.26,58.15,80.0956,127.6144,DOWN,0
2022-10-06,58.01,57.83,58.392,79.3274,126.8099,DOWN,0
2022-10-07,53.72,56.59,57.762,78.4338,125.9366,DOWN,0
2022-10-10,52.02,53.74,56.602,77.5052,125.055,DOWN,0
2022-10-11,50.76,52.3,54.8,76.5498,124.1673,UP,1
2022-10-12,50.77,50.81,53.056,75.6076,123.2741,UP,1
2022-10-13,51.41,48.45,51.736,74.546,122.4088,DOWN,0
2022-10-14,49.12,52.355,50.816,73.447,121.5335,UP,1
2022-10-17,52.03,51.05,50.818,72.3982,120.6684,UP,1
2022-10-18,54.41,54.35,51.548,71.342,119.8196,DOWN,0
2022-10-19,53.83,53.7,52.16,70.39,118.9754,UP,1
2022-10-20,54.4,54.0,52.758,69.3642,118.1724,UP,1
2022-10-21,55.01,53.66,53.936,68.4146,117.4545,DOWN,0
2022-10-24,54.71,54.41,54.472,67.4258,116.7169,UP,1
2022-10-25,58.31,55.64,55.252,66.4498,116.0251,DOWN,0
2022-10-26,56.98,56.3138,55.882,65.469,115.3038,DOWN,0
2022-10-27,56.53,57.52,56.308,64.5652,114.5466,UP,1
2022-10-28,57.29,56.032,56.764,63.6756,113.7634,DOWN,0
2022-10-31,56.12,57.68,57.046,62.8738,113.034,DOWN,0
2022-11-01,55.0,58.12,56.384,62.1038,112.2869,DOWN,0
2022-11-02,50.93,54.73,55.174,61.2522,111.5556,DOWN,0
2022-11-03,50.15,49.97,53.898,60.3226,110.8192,DOWN,0
2022-11-04,45.02,50.0,51.444,59.2516,110.0427,UP,1
2022-11-07,47.24,47.78,49.668,58.3268,109.3376,UP,1
2022-11-08,47.7,47.69,48.208,57.4848,108.6216,DOWN,0
2022-11-09,45.51,47.19,47.124,56.5718,107.9609,UP,1
2022-11-10,49.25,49.01,46.944,55.7288,107.3169,UP,1
2022-11-11,54.35,49.535,48.81,55.6038,106.7107,DOWN,0
2022-11-14,51.41,53.345,49.644,55.3394,106.0465,UP,1
2022-11-15,53.42,54.18,50.788,55.1946,105.3242,DOWN,0
2022-11-16,50.42,51.79,51.77,54.9792,104.5692,DOWN,0
2022-11-17,49.07,48.48,51.734,54.7072,103.8583,UP,1
2022-11-18,49.86,50.42,50.836,54.4104,103.1936,DOWN,0
2022-11-21,48.29,49.23,50.212,54.0802,102.4908,DOWN,0
2022-11-22,47.97,47.73,49.122,53.81,101.7902,UP,1
2022-11-23,50.74,48.31,49.186,53.6088,101.0916,DOWN,0
2022-11-25,50.09,50.31,49.39,53.3598,100.3648,UP,1
2022-11-28,50.2,49.65,49.458,53.1836,99.6344,UP,1
2022-11-29,51.25,50.08,50.05,53.0304,98.9318,UP,1
2022-11-30,53.32,49.56,51.12,52.9268,98.2513,X,X
