ticker,OTIS US Equity,OTIS US Equity,OTIS US Equity,OTIS US Equity,OTIS US Equity,Predictions,OneHotPred
field,PX_LAST,PX_OPEN,MOV_AVG_5D,MOV_AVG_50D,MOV_AVG_200D,,
date,,,,,,,
2020-03-19,45.25,40.0,,,,DOWN,0
2020-03-20,45.0,45.01,,,,DOWN,0
2020-03-23,40.0,42.0,,,,DOWN,0
2020-03-24,40.0,40.0,,,,UP,1
2020-03-25,41.01,40.0,42.252,,,UP,1
2020-03-26,45.0,45.0,42.202,,,UP,1
2020-03-27,45.235,45.0,42.249,,,UP,1
2020-03-30,50.0,44.25,44.249,,,DOWN,0
2020-03-31,50.0,46.5,46.249,,,DOWN,0
2020-04-01,46.7,45.99,47.387,,,DOWN,0
2020-04-02,44.0,45.024,47.187,,,UP,1
2020-04-03,47.32,43.75,47.604,,,DOWN,0
2020-04-06,45.94,47.0,46.792,,,DOWN,0
2020-04-07,44.28,45.15,45.648,,,DOWN,0
2020-04-08,44.09,42.21,45.126,,,UP,1
2020-04-09,49.14,44.05,46.154,,,DOWN,0
2020-04-13,46.0,48.55,45.89,,,DOWN,0
2020-04-14,45.89,45.91,45.88,,,DOWN,0
2020-04-15,44.55,44.19,45.934,,,UP,1
2020-04-16,45.62,44.08,46.24,,,UP,1
2020-04-17,46.15,47.0,45.642,,,DOWN,0
2020-04-20,45.39,45.0,45.52,,,UP,1
2020-04-21,45.9,44.5,45.522,,,UP,1
2020-04-22,47.05,47.31,46.022,,,UP,1
2020-04-23,47.47,47.44,46.392,,,UP,1
2020-04-24,47.85,48.02,46.732,,,UP,1
2020-04-27,48.22,48.08,47.298,,,UP,1
2020-04-28,49.86,49.07,48.09,,,UP,1
2020-04-29,51.15,50.77,48.91,,,DOWN,0
2020-04-30,50.91,50.97,49.598,,,DOWN,0
2020-05-01,49.71,50.33,49.97,,,DOWN,0
2020-05-04,49.53,48.85,50.232,,,DOWN,0
2020-05-05,48.09,49.53,49.878,,,UP,1
2020-05-06,48.31,48.61,49.31,,,UP,1
2020-05-07,51.81,49.02,49.49,,,UP,1
2020-05-08,52.95,52.12,50.138,,,DOWN,0
2020-05-11,51.81,52.0,50.594,,,DOWN,0
2020-05-12,49.72,52.19,50.92,,,DOWN,0
2020-05-13,48.21,49.0,50.9,,,DOWN,0
2020-05-14,48.0,47.61,50.138,,,UP,1
2020-05-15,48.89,47.32,49.326,,,UP,1
2020-05-18,52.13,50.12,49.39,,,UP,1
2020-05-19,52.31,51.68,49.908,,,UP,1
2020-05-20,53.18,52.55,50.902,,,DOWN,0
2020-05-21,52.03,52.36,51.708,,,DOWN,0
2020-05-22,51.71,52.46,52.272,,,DOWN,0
2020-05-26,50.89,53.03,52.024,,,UP,1
2020-05-27,52.38,51.59,52.038,,,DOWN,0
2020-05-28,50.96,52.87,51.594,,,UP,1
2020-05-29,52.65,50.44,51.718,48.0049,,UP,1
2020-06-01,54.08,52.45,52.192,48.1815,,UP,1
2020-06-02,54.15,54.16,52.844,48.3645,,UP,1
2020-06-03,55.47,55.0,53.462,48.6739,,DOWN,0
2020-06-04,55.4,55.3,54.35,48.9819,,UP,1
2020-06-05,58.57,57.83,55.534,49.3331,,UP,1
2020-06-08,61.26,58.68,56.97,49.6583,,DOWN,0
2020-06-09,60.65,60.4,58.27,49.9666,,DOWN,0
2020-06-10,59.03,60.61,58.982,50.1472,,DOWN,0
2020-06-11,56.25,56.0,59.152,50.2722,,DOWN,0
2020-06-12,56.04,57.73,58.646,50.459,,UP,1
2020-06-15,57.67,54.51,57.928,50.7324,,UP,1
2020-06-16,57.85,59.5,57.368,50.943,,DOWN,0
2020-06-17,56.74,58.12,56.91,51.159,,UP,1
2020-06-18,57.49,56.44,57.158,51.4232,,DOWN,0
2020-06-19,57.0,58.96,57.35,51.6814,,UP,1
2020-06-22,57.06,56.88,57.228,51.8398,,DOWN,0
2020-06-23,56.8,57.69,57.018,52.0558,,DOWN,0
2020-06-24,55.54,56.15,56.778,52.2488,,UP,1
2020-06-25,56.2,55.05,56.52,52.4818,,DOWN,0
2020-06-26,55.79,56.23,56.278,52.6852,,UP,1
2020-06-29,56.57,55.89,56.18,52.8936,,UP,1
2020-06-30,56.86,55.97,56.192,53.123,,DOWN,0
2020-07-01,55.78,57.0,56.24,53.3206,,UP,1
2020-07-02,56.5,56.43,56.3,53.5096,,UP,1
2020-07-06,56.86,57.38,56.514,53.6974,,DOWN,0
2020-07-07,56.82,56.43,56.564,53.8768,,UP,1
2020-07-08,56.92,57.03,56.576,54.0508,,DOWN,0
2020-07-09,56.11,56.86,56.642,54.1758,,UP,1
2020-07-10,56.98,56.23,56.738,54.2924,,DOWN,0
2020-07-13,56.89,56.56,56.744,54.412,,UP,1
2020-07-14,57.37,56.22,56.854,54.5652,,UP,1
2020-07-15,58.2,58.01,57.11,54.7386,,UP,1
2020-07-16,58.32,58.0,57.552,54.9432,,UP,1
2020-07-17,58.55,58.73,57.866,55.148,,UP,1
2020-07-20,58.56,58.42,58.2,55.283,,DOWN,0
2020-07-21,58.44,58.38,58.414,55.3928,,UP,1
2020-07-22,58.48,57.96,58.47,55.5262,,UP,1
2020-07-23,59.06,58.5,58.618,55.713,,DOWN,0
2020-07-24,58.13,59.18,58.534,55.9114,,UP,1
2020-07-27,58.32,57.86,58.486,56.1178,,UP,1
2020-07-28,60.28,59.82,58.854,56.3456,,UP,1
2020-07-29,64.3,60.96,60.018,56.589,,DOWN,0
2020-07-30,63.39,63.44,60.884,56.8106,,DOWN,0
2020-07-31,62.74,62.93,61.806,57.0018,,UP,1
2020-08-03,63.21,63.02,62.784,57.2254,,DOWN,0
2020-08-04,62.61,62.58,63.25,57.4434,,UP,1
2020-08-05,63.09,62.74,63.008,57.6874,,UP,1
2020-08-06,63.48,62.89,63.026,57.9094,,UP,1
2020-08-07,64.41,63.16,63.36,58.1784,,UP,1
2020-08-10,65.21,64.29,63.76,58.4296,,DOWN,0
2020-08-11,64.37,65.52,64.112,58.6354,,UP,1
2020-08-12,64.9,64.97,64.474,58.8504,,DOWN,0
2020-08-13,64.0,64.96,64.578,59.021,,UP,1
2020-08-14,64.07,63.71,64.51,59.1944,,DOWN,0
2020-08-17,63.96,64.46,64.26,59.3022,,DOWN,0
2020-08-18,63.45,63.85,64.076,59.346,,DOWN,0
2020-08-19,62.92,63.48,63.68,59.3914,,UP,1
2020-08-20,62.97,62.16,63.474,59.4702,,UP,1
2020-08-21,63.63,63.03,63.386,59.6178,,UP,1
2020-08-24,63.8,63.61,63.354,59.773,,UP,1
2020-08-25,64.29,64.41,63.522,59.9054,,DOWN,0
2020-08-26,64.18,64.28,63.774,60.032,,DOWN,0
2020-08-27,63.23,64.47,63.826,60.1618,,UP,1
2020-08-28,63.59,63.27,63.818,60.2838,,DOWN,0
2020-08-31,62.9,63.61,63.638,60.4018,,UP,1
2020-09-01,64.05,62.52,63.59,60.5416,,UP,1
2020-09-02,65.34,63.73,63.822,60.7124,,DOWN,0
2020-09-03,61.85,64.88,63.546,60.8386,,DOWN,0
2020-09-04,61.49,62.5,63.126,60.9444,,DOWN,0
2020-09-08,60.63,61.43,62.672,61.0412,,UP,1
2020-09-09,62.08,61.03,62.278,61.1514,,DOWN,0
2020-09-10,59.9,61.98,61.19,61.2122,,UP,1
2020-09-11,60.14,60.26,60.848,61.2994,,DOWN,0
2020-09-14,59.99,60.57,60.548,61.3692,,UP,1
2020-09-15,60.3,60.03,60.482,61.438,,DOWN,0
2020-09-16,59.79,60.86,60.024,61.4974,,UP,1
2020-09-17,61.04,58.75,60.252,61.5798,,DOWN,0
2020-09-18,60.88,61.16,60.4,61.6752,,DOWN,0
2020-09-21,59.41,60.0,60.284,61.7238,,UP,1
2020-09-22,60.99,58.94,60.422,61.8058,,DOWN,0
2020-09-23,60.41,60.77,60.546,61.8666,,UP,1
2020-09-24,62.08,60.85,60.754,61.9442,,DOWN,0
2020-09-25,61.55,61.61,60.888,62.0088,,UP,1
2020-09-28,62.51,62.27,61.508,62.088,,DOWN,0
2020-09-29,62.41,62.42,61.792,62.165,,UP,1
2020-09-30,62.42,62.71,62.194,62.2446,,DOWN,0
2020-10-01,62.37,62.87,62.252,62.3224,,UP,1
2020-10-02,63.16,61.62,62.574,62.4044,,UP,1
2020-10-05,64.54,63.74,62.98,62.5326,,DOWN,0
2020-10-06,63.83,64.43,63.264,62.6428,,UP,1
2020-10-07,65.05,64.63,63.79,62.7382,,DOWN,0
2020-10-08,64.71,64.79,64.258,62.7464,,UP,1
2020-10-09,65.35,65.02,64.696,62.7856,,UP,1
2020-10-12,65.69,65.85,64.926,62.8446,,DOWN,0
2020-10-13,65.13,65.16,65.186,62.883,,UP,1
2020-10-14,65.61,65.5,65.298,62.943,,DOWN,0
2020-10-15,65.2,64.67,65.396,62.9852,,DOWN,0
2020-10-16,65.03,65.3,65.332,63.0162,,DOWN,0
2020-10-19,64.36,64.9,65.066,63.0152,,UP,1
2020-10-20,64.39,64.68,64.918,62.9988,,DOWN,0
2020-10-21,63.72,64.25,64.54,62.9858,,DOWN,0
2020-10-22,63.24,63.99,64.148,62.9526,,UP,1
2020-10-23,63.45,63.47,63.832,62.9416,,DOWN,0
2020-10-26,63.21,63.84,63.602,62.9244,,DOWN,0
2020-10-27,61.97,62.91,63.118,62.8846,,DOWN,0
2020-10-28,58.99,61.01,62.172,62.7954,,UP,1
2020-10-29,60.79,58.89,61.682,62.7528,,UP,1
2020-10-30,61.28,60.35,61.248,62.719,,UP,1
2020-11-02,62.14,62.19,61.034,62.6892,,UP,1
2020-11-03,62.71,62.93,61.182,62.6674,,DOWN,0
2020-11-04,62.3,62.68,61.844,62.6276,,UP,1
2020-11-05,62.63,63.32,62.212,62.5966,,UP,1
2020-11-06,63.58,62.97,62.672,62.6036,,DOWN,0
2020-11-09,63.5,67.0,62.944,62.6018,,UP,1
2020-11-10,65.74,63.38,63.55,62.6586,,UP,1
2020-11-11,66.12,65.86,64.314,62.7,,DOWN,0
2020-11-12,65.99,66.18,64.986,62.713,,DOWN,0
2020-11-13,65.57,66.24,65.384,62.7874,,UP,1
2020-11-16,67.39,66.22,66.162,62.9054,,DOWN,0
2020-11-17,67.2,67.16,66.454,63.0368,,DOWN,0
2020-11-18,66.63,67.31,66.556,63.1278,,DOWN,0
2020-11-19,66.16,66.63,66.59,63.253,,UP,1
2020-11-20,66.32,66.09,66.74,63.3766,,UP,1
2020-11-23,67.25,66.64,66.712,63.5218,,UP,1
2020-11-24,67.4,68.04,66.752,63.6638,,DOWN,0
2020-11-25,67.38,67.44,66.902,63.8156,,DOWN,0
2020-11-27,67.34,67.55,67.138,63.9416,,DOWN,0
2020-11-30,66.94,66.84,67.262,64.0628,,DOWN,0
2020-12-01,66.83,67.42,67.178,64.2112,,DOWN,0
2020-12-02,65.69,66.92,66.836,64.3052,,DOWN,0
2020-12-03,65.49,65.77,66.458,64.4068,,DOWN,0
2020-12-04,65.16,65.65,66.022,64.4684,,DOWN,0
2020-12-07,64.85,64.98,65.604,64.5344,,UP,1
2020-12-08,66.11,64.78,65.46,64.6064,,DOWN,0
2020-12-09,65.49,65.75,65.42,64.668,,DOWN,0
2020-12-10,64.0,65.21,65.122,64.6996,,DOWN,0
2020-12-11,63.73,63.33,64.836,64.7268,,DOWN,0
2020-12-14,62.78,64.49,64.422,64.7192,,UP,1
2020-12-15,64.73,63.11,64.146,64.723,,UP,1
2020-12-16,65.24,64.93,64.096,64.7512,,UP,1
2020-12-17,65.79,65.75,64.454,64.766,,DOWN,0
2020-12-18,65.61,65.99,64.83,64.784,,UP,1
2020-12-21,66.15,64.94,65.504,64.8,,DOWN,0
2020-12-22,65.41,65.84,65.64,64.7944,,UP,1
2020-12-23,65.63,65.49,65.718,64.8044,,UP,1
2020-12-24,65.79,65.45,65.718,64.808,,UP,1
2020-12-28,66.0,66.18,65.796,64.824,,DOWN,0
2020-12-29,65.69,66.31,65.704,64.8372,,UP,1
2020-12-30,66.72,65.79,65.966,64.8844,,UP,1
2020-12-31,67.55,66.86,66.35,64.9476,58.5952,DOWN,0
2021-01-04,65.59,67.55,66.31,64.985,58.6969,DOWN,0
2021-01-05,65.1,65.82,66.13,65.0222,58.7974,UP,1
2021-01-06,66.91,65.82,66.374,65.0914,58.932,UP,1
2021-01-07,67.78,67.3,66.586,65.1828,59.0709,DOWN,0
2021-01-08,66.83,67.47,66.442,65.28,59.2,DOWN,0
2021-01-11,66.36,66.22,66.596,65.4274,59.3068,DOWN,0
2021-01-12,65.23,66.27,66.622,65.5162,59.4067,DOWN,0
2021-01-13,63.97,65.19,66.034,65.57,59.4766,UP,1
2021-01-14,64.94,64.2,65.466,65.626,59.5513,UP,1
2021-01-15,65.53,64.81,65.206,65.6824,59.6454,DOWN,0
2021-01-19,65.37,66.0,65.008,65.7438,59.7523,DOWN,0
2021-01-20,65.19,65.8,65.0,65.795,59.8416,DOWN,0
2021-01-21,63.52,65.24,64.91,65.7938,59.9295,UP,1
2021-01-22,64.88,63.52,64.898,65.8214,60.0325,DOWN,0
2021-01-25,64.22,64.0,64.636,65.791,60.1332,DOWN,0
2021-01-26,63.51,64.6,64.264,65.7388,60.205,DOWN,0
2021-01-27,62.24,62.68,63.674,65.6638,60.2862,UP,1
2021-01-28,63.83,62.6,63.736,65.629,60.3759,UP,1
2021-01-29,64.65,65.11,63.69,65.5742,60.4764,DOWN,0
2021-02-01,64.55,65.99,63.756,65.5212,60.5711,UP,1
2021-02-02,64.64,65.05,63.982,65.4814,60.6635,DOWN,0
2021-02-03,64.05,64.64,64.344,65.4392,60.7568,DOWN,0
2021-02-04,63.29,63.89,64.236,65.3786,60.8438,UP,1
2021-02-05,63.93,62.74,64.092,65.3122,60.9282,DOWN,0
2021-02-08,63.73,63.75,63.928,65.2388,61.0095,UP,1
2021-02-09,64.36,63.54,63.872,65.1784,61.092,UP,1
2021-02-10,65.31,64.94,64.124,65.1378,61.1775,DOWN,0
2021-02-11,63.43,65.04,64.152,65.0676,61.2453,UP,1
2021-02-12,63.93,62.89,64.152,65.0096,61.3092,DOWN,0
2021-02-16,63.19,64.31,64.044,64.9596,61.3707,DOWN,0
2021-02-17,62.69,63.31,63.71,64.9036,61.4356,UP,1
2021-02-18,63.06,62.46,63.26,64.8616,61.5032,DOWN,0
2021-02-19,63.04,63.32,63.182,64.8254,61.578,UP,1
2021-02-22,63.23,62.85,63.042,64.7678,61.6526,DOWN,0
2021-02-23,63.23,62.84,63.05,64.7226,61.7097,UP,1
2021-02-24,64.35,63.09,63.382,64.7296,61.7667,UP,1
2021-02-25,64.46,64.28,63.662,64.7442,61.8299,DOWN,0
2021-02-26,63.71,64.89,63.796,64.7628,61.8998,UP,1
2021-03-01,64.93,64.12,64.136,64.7668,61.9835,UP,1
2021-03-02,65.41,64.73,64.572,64.7702,62.0705,UP,1
2021-03-03,67.0,65.51,65.102,64.7944,62.1611,DOWN,0
2021-03-04,63.95,66.83,65.0,64.7612,62.2202,UP,1
2021-03-05,64.87,64.52,65.232,64.7356,62.283,UP,1
2021-03-08,65.22,64.97,65.29,64.7318,62.3432,DOWN,0
2021-03-09,64.93,65.69,65.194,64.7178,62.4077,UP,1
2021-03-10,66.25,64.67,65.044,64.727,62.4804,UP,1
2021-03-11,67.3,66.1,65.714,64.753,62.5624,DOWN,0
2021-03-12,66.0,67.65,65.94,64.7592,62.6305,UP,1
2021-03-15,66.61,65.94,66.218,64.757,62.7088,UP,1
2021-03-16,67.7,67.12,66.772,64.76,62.784,UP,1
2021-03-17,68.58,67.99,67.238,64.8198,62.8565,DOWN,0
2021-03-18,68.15,68.15,67.408,64.8808,62.9265,DOWN,0
2021-03-19,66.86,67.89,67.58,64.8798,62.9835,DOWN,0
2021-03-22,66.82,66.81,67.622,64.8606,63.0406,UP,1
2021-03-23,66.96,66.42,67.474,64.8632,63.0825,UP,1
2021-03-24,67.17,66.88,67.192,64.8794,63.1121,UP,1
2021-03-25,67.86,67.41,67.134,64.932,63.1481,UP,1
2021-03-26,69.04,68.16,67.57,65.0334,63.1982,UP,1
2021-03-29,69.91,69.83,68.188,65.1328,63.2665,DOWN,0
2021-03-30,69.74,70.07,68.744,65.217,63.335,DOWN,0
2021-03-31,68.45,70.02,69.0,65.2786,63.3889,UP,1
2021-04-01,69.26,68.89,69.28,65.36,63.4459,DOWN,0
2021-04-05,69.23,69.08,69.318,65.4742,63.5084,UP,1
2021-04-06,69.72,69.5,69.28,65.571,63.5695,DOWN,0
2021-04-07,69.63,69.86,69.258,65.6792,63.6327,DOWN,0
2021-04-08,69.41,69.49,69.45,65.7972,63.6944,UP,1
2021-04-09,70.75,69.68,69.748,65.9674,63.7642,DOWN,0
2021-04-12,70.65,70.62,70.032,66.1038,63.8397,UP,1
2021-04-13,71.12,70.45,70.312,66.2332,63.9143,DOWN,0
2021-04-14,70.4,71.0,70.466,66.3502,63.9874,UP,1
2021-04-15,70.97,70.64,70.778,66.4768,64.0594,DOWN,0
2021-04-16,70.58,71.41,70.744,66.6074,64.128,UP,1
2021-04-19,71.03,70.71,70.82,66.7622,64.2042,DOWN,0
2021-04-20,70.47,71.64,70.69,66.893,64.2741,UP,1
2021-04-21,71.04,70.45,70.818,67.0392,64.345,DOWN,0
2021-04-22,70.95,71.23,70.814,67.171,64.4156,UP,1
2021-04-23,71.28,71.07,70.954,67.2904,64.4874,UP,1
2021-04-26,76.27,76.44,72.002,67.5472,64.5882,UP,1
2021-04-27,79.0,76.5,73.708,67.8486,64.6983,DOWN,0
2021-04-28,78.0,79.18,75.1,68.1448,64.8039,UP,1
2021-04-29,78.69,78.02,76.648,68.4648,64.9105,DOWN,0
2021-04-30,77.87,78.25,77.966,68.761,65.0088,UP,1
2021-05-03,78.4,78.49,78.392,69.0682,65.1092,UP,1
2021-05-04,78.72,78.38,78.336,69.378,65.2101,DOWN,0
2021-05-05,78.06,78.89,78.348,69.6746,65.3076,UP,1
2021-05-06,78.36,78.43,78.282,69.9548,65.4072,DOWN,0
2021-05-07,78.19,78.08,78.346,70.2294,65.5057,UP,1
2021-05-10,78.25,78.67,78.316,70.5202,65.6017,DOWN,0
2021-05-11,77.62,77.79,78.096,70.774,65.6991,DOWN,0
2021-05-12,76.13,77.76,77.71,70.9884,65.7882,UP,1
2021-05-13,77.15,75.99,77.468,71.1914,65.8725,UP,1
2021-05-14,78.88,77.65,77.606,71.49,65.9454,UP,1
2021-05-17,79.01,78.73,77.758,71.7728,66.0235,DOWN,0
2021-05-18,78.6,79.55,77.954,72.0404,66.1028,DOWN,0
2021-05-19,77.47,77.94,78.222,72.2912,66.1741,DOWN,0
2021-05-20,77.36,77.12,78.264,72.5134,66.2479,UP,1
2021-05-21,77.57,77.62,78.002,72.7188,66.3203,UP,1
2021-05-24,78.13,77.6,77.826,72.9614,66.3935,DOWN,0
2021-05-25,77.69,78.28,77.644,73.183,66.4599,UP,1
2021-05-26,77.77,77.77,77.704,73.3844,66.5227,UP,1
2021-05-27,78.71,78.15,77.974,73.587,66.5944,DOWN,0
2021-05-28,78.33,78.48,78.126,73.7906,66.6616,UP,1
2021-06-01,78.41,79.17,78.182,74.0216,66.7336,DOWN,0
2021-06-02,78.27,78.42,78.298,74.2506,66.8046,UP,1
2021-06-03,79.14,78.25,78.572,74.4942,66.8805,UP,1
2021-06-04,79.87,79.25,78.804,74.7482,66.9626,DOWN,0
2021-06-07,79.61,80.4,79.06,74.9832,67.0461,UP,1
2021-06-08,80.85,79.76,79.548,75.2194,67.1355,DOWN,0
2021-06-09,80.75,80.79,80.044,75.4362,67.2211,DOWN,0
2021-06-10,80.42,81.05,80.3,75.6498,67.3042,UP,1
2021-06-11,80.54,80.85,80.434,75.8916,67.3854,UP,1
2021-06-14,80.8,80.57,80.672,76.1224,67.4685,UP,1
2021-06-15,80.99,80.97,80.7,76.3576,67.5573,DOWN,0
2021-06-16,80.63,81.01,80.676,76.5758,67.6425,DOWN,0
2021-06-17,80.47,80.92,80.686,76.7926,67.7304,DOWN,0
2021-06-18,79.5,79.76,80.478,76.9944,67.8076,UP,1
2021-06-21,81.04,80.09,80.526,77.2002,67.8861,UP,1
2021-06-22,81.37,81.04,80.602,77.4146,67.9837,DOWN,0
2021-06-23,80.82,81.64,80.64,77.6086,68.0804,UP,1
2021-06-24,81.37,80.89,80.82,77.828,68.1841,UP,1
2021-06-25,81.65,81.51,81.25,78.0416,68.2819,UP,1
2021-06-28,81.66,81.6,81.374,78.2632,68.3907,UP,1
2021-06-29,82.08,81.69,81.516,78.4842,68.5004,DOWN,0
2021-06-30,81.77,81.85,81.706,78.7102,68.6093,UP,1
2021-07-01,82.08,82.19,81.848,78.931,68.7182,UP,1
2021-07-02,82.66,82.19,82.05,79.1652,68.8326,DOWN,0
2021-07-06,82.25,82.27,82.168,79.3846,68.9386,UP,1
2021-07-07,84.08,82.86,82.568,79.5408,69.0546,DOWN,0
2021-07-08,83.09,82.92,82.832,79.6226,69.173,UP,1
2021-07-09,83.82,83.84,83.18,79.739,69.2872,DOWN,0
2021-07-12,83.82,83.47,83.412,79.8416,69.4042,DOWN,0
2021-07-13,83.53,84.01,83.668,79.9548,69.5115,UP,1
2021-07-14,84.78,83.4,83.808,80.0824,69.6276,UP,1
2021-07-15,85.23,84.5,84.236,80.2126,69.7412,DOWN,0
2021-07-16,84.92,85.07,84.456,80.3498,69.8538,DOWN,0
2021-07-19,84.06,84.31,84.504,80.4638,69.962,UP,1
2021-07-20,86.1,84.45,85.018,80.622,70.0806,UP,1
2021-07-21,86.81,86.25,85.424,80.7932,70.1989,UP,1
2021-07-22,87.33,87.0,85.844,80.9874,70.3128,UP,1
2021-07-23,88.52,88.08,86.564,81.2352,70.4363,UP,1
2021-07-26,89.06,89.94,87.564,81.4734,70.5563,DOWN,0
2021-07-27,88.22,89.025,87.988,81.6602,70.6739,DOWN,0
2021-07-28,87.93,88.02,88.212,81.8386,70.7868,UP,1
2021-07-29,88.87,88.35,88.52,82.044,70.9027,UP,1
2021-07-30,89.55,88.84,88.726,82.2856,71.0248,UP,1
2021-08-02,89.93,89.68,88.9,82.537,71.1464,UP,1
2021-08-03,91.28,90.11,89.512,82.8112,71.2768,DOWN,0
2021-08-04,90.8,91.0,90.086,83.0646,71.4056,DOWN,0
2021-08-05,90.73,91.15,90.458,83.3254,71.5375,DOWN,0
2021-08-06,90.14,91.03,90.576,83.5728,71.6662,DOWN,0
2021-08-09,89.73,89.82,90.536,83.7932,71.7963,UP,1
2021-08-10,89.87,89.89,90.254,84.024,71.9294,UP,1
2021-08-11,90.43,89.91,90.18,84.2644,72.0643,DOWN,0
2021-08-12,90.2,90.43,90.074,84.503,72.1993,UP,1
2021-08-13,90.66,90.26,90.178,84.7334,72.3427,UP,1
2021-08-16,91.9,90.75,90.612,84.974,72.5073,DOWN,0
2021-08-17,90.74,91.43,90.786,85.1966,72.657,DOWN,0
2021-08-18,90.5,90.47,90.8,85.3896,72.8031,DOWN,0
2021-08-19,90.2,89.57,90.8,85.5786,72.9434,DOWN,0
2021-08-20,90.02,89.83,90.672,85.7706,73.08,DOWN,0
2021-08-23,89.92,90.54,90.276,85.9582,73.2181,UP,1
2021-08-24,90.37,89.86,90.202,86.1496,73.3568,UP,1
2021-08-25,91.13,90.77,90.328,86.3524,73.4945,UP,1
2021-08-26,91.81,90.92,90.65,86.576,73.6361,UP,1
2021-08-27,92.01,92.11,91.048,86.8068,73.7674,UP,1
2021-08-30,92.37,92.01,91.538,87.0642,73.8987,DOWN,0
2021-08-31,92.22,92.37,91.908,87.2878,74.0298,DOWN,0
2021-09-01,91.5,92.19,91.982,87.4904,74.1595,UP,1
2021-09-02,92.06,91.9,92.032,87.7152,74.2828,DOWN,0
2021-09-03,91.82,91.89,91.994,87.9242,74.4059,DOWN,0
2021-09-07,89.38,91.57,91.396,88.0788,74.5197,UP,1
2021-09-08,90.72,89.13,91.096,88.26,74.6425,DOWN,0
2021-09-09,90.48,90.84,90.892,88.428,74.7633,UP,1
2021-09-10,90.55,91.03,90.59,88.6036,74.8798,DOWN,0
2021-09-13,89.95,91.33,90.216,88.761,74.9925,UP,1
2021-09-14,90.36,90.21,90.412,88.915,75.1074,DOWN,0
2021-09-15,90.35,90.58,90.338,89.077,75.2225,DOWN,0
2021-09-16,88.2,90.35,89.882,89.1594,75.3288,DOWN,0
2021-09-17,85.02,87.26,88.776,89.198,75.4197,DOWN,0
2021-09-20,83.18,84.0,87.422,89.1852,75.5072,DOWN,0
2021-09-21,82.0,83.32,85.75,89.1488,75.5897,UP,1
2021-09-22,84.29,83.86,84.538,89.164,75.6854,UP,1
2021-09-23,85.74,84.53,84.046,89.1832,75.7898,DOWN,0
2021-09-24,84.86,85.42,84.014,89.1758,75.8836,DOWN,0
2021-09-27,84.23,84.55,84.224,89.162,75.9773,DOWN,0
2021-09-28,83.71,83.57,84.566,89.155,76.0758,DOWN,0
2021-09-29,83.32,83.9,84.372,89.0994,76.1738,DOWN,0
2021-09-30,82.28,83.88,83.68,89.0088,76.2713,UP,1
2021-10-01,82.5,82.66,83.208,88.9122,76.3601,DOWN,0
2021-10-04,81.91,82.11,82.744,88.78,76.4435,UP,1
2021-10-05,83.36,82.28,82.674,88.666,76.5313,DOWN,0
2021-10-06,82.87,82.79,82.584,88.559,76.6176,UP,1
2021-10-07,84.38,83.94,83.004,88.488,76.7088,DOWN,0
2021-10-08,83.45,83.91,83.194,88.3796,76.799,DOWN,0
2021-10-11,81.62,83.23,83.136,88.221,76.8789,UP,1
2021-10-12,81.94,81.81,82.852,88.0612,76.9597,DOWN,0
2021-10-13,81.28,82.24,82.534,87.8612,77.0361,UP,1
2021-10-14,83.41,81.96,82.34,87.7134,77.1247,UP,1
2021-10-15,84.1,83.92,82.47,87.5808,77.2116,DOWN,0
2021-10-18,83.32,83.66,82.81,87.4444,77.2904,UP,1
2021-10-19,84.42,84.0,83.306,87.3382,77.3846,UP,1
2021-10-20,85.46,84.63,84.142,87.25,77.4864,DOWN,0
2021-10-21,85.35,84.18,84.53,87.1484,77.5786,UP,1
2021-10-22,85.63,85.86,84.836,87.057,77.6678,DOWN,0
2021-10-25,81.86,81.09,84.544,86.881,77.743,DOWN,0
2021-10-26,80.27,82.335,83.714,86.6484,77.8125,DOWN,0
2021-10-27,79.72,80.67,82.566,86.428,77.885,UP,1
2021-10-28,79.92,79.6,81.48,86.2164,77.9647,UP,1
2021-10-29,80.31,79.56,80.416,86.0186,78.0416,UP,1
2021-11-01,80.92,80.46,80.228,85.8366,78.1185,UP,1
2021-11-02,81.11,81.33,80.396,85.6604,78.1972,DOWN,0
2021-11-03,80.61,81.28,80.574,85.4652,78.2743,UP,1
2021-11-04,81.84,80.94,80.958,85.2794,78.3659,DOWN,0
2021-11-05,81.71,82.13,81.238,85.0774,78.4501,UP,1
2021-11-08,82.24,82.11,81.502,84.882,78.5402,UP,1
2021-11-09,83.54,82.4,81.988,84.7054,78.6403,DOWN,0
2021-11-10,83.36,83.95,82.538,84.5282,78.7459,UP,1
2021-11-11,83.4,83.45,82.85,84.3662,78.8438,UP,1
2021-11-12,85.63,83.94,83.634,84.2376,78.9487,DOWN,0
2021-11-15,84.16,85.5,84.018,84.0844,79.0467,UP,1
2021-11-16,84.52,84.56,84.214,83.9872,79.1461,UP,1
2021-11-17,85.57,84.36,84.656,83.8842,79.2537,UP,1
2021-11-18,86.23,84.79,85.222,83.7992,79.3684,UP,1
2021-11-19,86.26,86.44,85.348,83.7134,79.4801,DOWN,0
2021-11-22,84.2,86.25,85.356,83.5984,79.5824,DOWN,0
2021-11-23,83.81,84.0,85.214,83.4674,79.6797,UP,1
2021-11-24,84.46,83.65,84.992,83.3496,79.7754,DOWN,0
2021-11-26,83.19,82.93,84.384,83.2494,79.8742,UP,1
2021-11-29,83.58,84.11,83.848,83.2206,79.9725,DOWN,0
2021-11-30,80.4,83.08,83.088,83.165,80.0585,UP,1
2021-12-01,80.45,81.7,82.416,83.134,80.1473,UP,1
2021-12-02,82.85,80.86,82.094,83.1052,80.2463,DOWN,0
2021-12-03,82.8,83.35,82.016,83.0464,80.3451,UP,1
2021-12-06,84.01,83.4,82.102,83.0294,80.449,UP,1
2021-12-07,85.7,85.14,83.162,83.0588,80.5613,UP,1
2021-12-08,86.21,85.65,84.314,83.1088,80.6706,DOWN,0
2021-12-09,86.19,86.04,84.982,83.1662,80.7793,DOWN,0
2021-12-10,86.08,86.32,85.638,83.2422,80.8911,DOWN,0
2021-12-13,85.38,86.25,85.912,83.2998,80.9934,DOWN,0
2021-12-14,84.81,85.07,85.734,83.3578,81.0904,UP,1
2021-12-15,84.92,85.05,85.476,83.389,81.18,UP,1
2021-12-16,86.51,85.71,85.54,83.4618,81.2928,DOWN,0
2021-12-17,84.16,85.43,85.156,83.4574,81.3892,DOWN,0
2021-12-20,82.33,83.25,84.546,83.435,81.4748,UP,1
2021-12-21,84.18,83.33,84.42,83.4862,81.571,UP,1
2021-12-22,84.31,84.13,84.298,83.5336,81.6613,UP,1
2021-12-23,85.25,84.85,84.046,83.613,81.7511,UP,1
2021-12-27,86.52,85.73,84.518,83.6752,81.8537,DOWN,0
2021-12-28,86.46,86.49,85.344,83.7224,81.9529,UP,1
2021-12-29,86.82,86.22,85.872,83.7924,82.0485,DOWN,0
2021-12-30,86.36,86.87,86.282,83.8312,82.1374,UP,1
2021-12-31,87.07,86.17,86.646,83.8634,82.232,DOWN,0
2022-01-03,85.57,87.2,86.456,83.8678,82.3256,UP,1
2022-01-04,86.22,85.4,86.408,83.8796,82.4226,DOWN,0
2022-01-05,83.83,86.53,85.81,83.919,82.5069,UP,1
2022-01-06,84.71,84.19,85.48,84.0078,82.5946,DOWN,0
2022-01-07,84.36,84.4,84.938,84.1006,82.6771,UP,1
2022-01-10,84.66,83.81,84.756,84.1954,82.7552,UP,1
2022-01-11,86.24,85.2,84.76,84.314,82.8369,UP,1
2022-01-12,86.95,86.72,85.384,84.4346,82.9229,DOWN,0
2022-01-13,85.76,87.09,85.594,84.5276,83.0095,DOWN,0
2022-01-14,84.18,84.86,85.558,84.599,83.0841,DOWN,0
2022-01-18,83.89,83.05,85.404,84.64,83.1574,DOWN,0
2022-01-19,83.1,84.2,84.776,84.6678,83.2243,DOWN,0
2022-01-20,82.21,83.6,83.828,84.6672,83.2872,UP,1
2022-01-21,83.11,82.21,83.298,84.6586,83.3557,UP,1
2022-01-24,83.23,81.68,83.108,84.656,83.4181,DOWN,0
2022-01-25,82.97,81.73,82.924,84.6474,83.4797,DOWN,0
2022-01-26,81.52,83.57,82.608,84.5652,83.5317,UP,1
2022-01-27,82.61,82.3,82.688,84.5342,83.5927,UP,1
2022-01-28,82.77,82.21,82.62,84.4992,83.6517,UP,1
2022-01-31,85.43,81.3,83.06,84.4964,83.726,DOWN,0
2022-02-01,83.56,85.85,83.178,84.443,83.7886,DOWN,0
2022-02-02,83.27,83.82,83.528,84.3832,83.8526,DOWN,0
2022-02-03,81.85,82.67,83.376,84.3362,83.9067,UP,1
2022-02-04,82.44,81.26,83.31,84.3088,83.9641,DOWN,0
2022-02-07,81.66,82.6,82.556,84.2528,84.016,UP,1
2022-02-08,84.07,82.04,82.658,84.2704,84.055,DOWN,0
2022-02-09,83.77,84.91,82.758,84.2742,84.0789,DOWN,0
2022-02-10,81.55,82.88,82.698,84.2972,84.0966,DOWN,0
2022-02-11,79.64,81.6,82.138,84.281,84.1014,UP,1
2022-02-14,79.75,79.56,81.756,84.219,84.1108,DOWN,0
2022-02-15,78.79,81.18,80.7,84.1388,84.1127,UP,1
2022-02-16,78.87,78.94,79.72,84.036,84.1135,DOWN,0
2022-02-17,76.22,78.03,78.654,83.8464,84.1043,UP,1
2022-02-18,76.35,76.05,77.996,83.6492,84.0942,DOWN,0
2022-02-22,76.3,76.1,77.306,83.4514,84.0848,DOWN,0
2022-02-23,74.69,76.77,76.486,83.2236,84.067,UP,1
2022-02-24,76.59,73.325,76.03,83.0478,84.0618,UP,1
2022-02-25,78.51,76.68,76.488,82.9218,84.0737,DOWN,0
2022-02-28,78.33,77.16,76.884,82.79,84.0796,DOWN,0
2022-03-01,77.65,78.34,77.154,82.6128,84.0735,UP,1
2022-03-02,78.78,78.18,77.972,82.5052,84.0723,UP,1
2022-03-03,79.18,79.67,78.49,82.4422,84.0752,DOWN,0
2022-03-04,77.96,78.21,78.38,82.3178,84.0777,DOWN,0
2022-03-07,74.3,77.8,77.574,82.1176,84.0624,DOWN,0
2022-03-08,73.5,74.21,76.744,81.8826,84.042,UP,1
2022-03-09,75.26,74.94,76.04,81.6574,84.0277,DOWN,0
2022-03-10,73.8,74.3,74.964,81.4042,84.0082,DOWN,0
2022-03-11,72.4,73.99,73.852,81.1158,83.9814,DOWN,0
2022-03-14,71.98,73.33,73.388,80.8282,83.9477,UP,1
2022-03-15,73.65,72.5,73.418,80.5598,83.9243,UP,1
2022-03-16,75.5,74.51,73.466,80.3584,83.9098,UP,1
2022-03-17,76.39,75.04,73.984,80.1618,83.9004,UP,1
2022-03-18,77.98,76.65,75.1,80.0448,83.8946,DOWN,0
2022-03-21,77.33,77.52,76.17,79.8972,83.8819,UP,1
2022-03-22,77.53,77.3,76.946,79.7606,83.8715,DOWN,0
2022-03-23,76.44,77.13,77.134,79.5962,83.8494,UP,1
2022-03-24,77.42,76.38,77.34,79.4198,83.8328,DOWN,0
2022-03-25,77.24,77.61,77.192,79.2256,83.8169,UP,1
2022-03-28,78.01,76.96,77.328,79.0706,83.8042,UP,1
2022-03-29,78.65,78.7,77.552,78.96,83.7935,DOWN,0
2022-03-30,77.75,78.0,77.814,78.8372,83.7773,DOWN,0
2022-03-31,76.95,77.61,77.72,78.7142,83.7589,DOWN,0
2022-04-01,76.28,76.91,77.528,78.5956,83.7379,UP,1
2022-04-04,76.64,76.3,77.254,78.4662,83.7236,DOWN,0
2022-04-05,75.15,76.36,76.554,78.3046,83.6942,UP,1
2022-04-06,76.23,74.33,76.25,78.1698,83.6685,UP,1
2022-04-07,77.54,75.78,76.368,78.0902,83.6521,DOWN,0
2022-04-08,77.24,77.26,76.56,77.9828,83.6314,DOWN,0
2022-04-11,76.37,77.0,76.506,77.8548,83.605,DOWN,0
2022-04-12,75.89,76.52,76.654,77.664,83.5762,DOWN,0
2022-04-13,75.84,75.26,76.576,77.5096,83.545,DOWN,0
2022-04-14,74.75,76.03,76.018,77.3392,83.5099,DOWN,0
2022-04-18,73.62,74.69,75.294,77.1746,83.4676,UP,1
2022-04-19,75.37,74.03,75.094,77.0332,83.4311,UP,1
2022-04-20,75.52,75.98,75.02,76.9104,83.3975,DOWN,0
2022-04-21,75.21,76.1,74.894,76.7332,83.3531,DOWN,0
2022-04-22,73.42,73.84,74.628,76.5262,83.3047,UP,1
2022-04-25,74.6,75.28,74.824,76.3872,83.2586,DOWN,0
2022-04-26,72.37,73.37,74.224,76.2418,83.2014,UP,1
2022-04-27,73.57,72.31,73.834,76.1182,83.1516,UP,1
2022-04-28,76.07,73.59,74.006,76.0638,83.108,DOWN,0
2022-04-29,72.84,75.58,73.89,75.9432,83.0461,UP,1
2022-05-02,72.95,73.0,73.56,75.8778,82.9863,UP,1
2022-05-03,73.32,72.92,73.75,75.8172,82.9325,UP,1
2022-05-04,76.6,73.94,74.356,75.8232,82.885,DOWN,0
2022-05-05,74.68,75.49,74.078,75.823,82.8244,DOWN,0
2022-05-06,74.58,74.23,74.426,75.7828,82.7606,DOWN,0
2022-05-09,73.31,73.29,74.498,75.6788,82.6846,DOWN,0
2022-05-10,72.77,73.87,74.388,75.5676,82.6031,UP,1
2022-05-11,72.9,72.71,73.648,75.4726,82.5265,UP,1
2022-05-12,73.0,72.52,73.312,75.357,82.4519,UP,1
2022-05-13,75.11,73.83,73.418,75.2756,82.3831,DOWN,0
2022-05-16,74.34,74.56,73.624,75.2032,82.3071,UP,1
2022-05-17,75.46,75.04,74.162,75.2264,82.2347,DOWN,0
2022-05-18,72.21,74.41,74.024,75.2006,82.1393,UP,1
2022-05-19,72.59,71.26,73.942,75.1472,82.0483,UP,1
2022-05-20,73.44,73.31,73.608,75.14,81.9619,UP,1
2022-05-23,73.87,73.99,73.514,75.1694,81.8805,UP,1
2022-05-24,75.49,74.83,73.52,75.2396,81.8093,DOWN,0
2022-05-25,73.53,74.72,73.784,75.2372,81.7276,UP,1
2022-05-26,75.08,74.38,74.282,75.2288,81.6509,UP,1
2022-05-27,76.3,75.85,74.854,75.227,81.5813,DOWN,0
2022-05-31,74.4,75.55,74.96,75.1554,81.5,DOWN,0
2022-06-01,73.97,74.32,74.656,75.0882,81.4104,UP,1
2022-06-02,75.24,74.0,74.998,75.0424,81.3329,DOWN,0
2022-06-03,75.19,74.74,75.02,75.0174,81.2564,UP,1
2022-06-06,75.2,75.53,74.8,74.973,81.1814,UP,1
2022-06-07,76.49,74.74,75.218,74.958,81.1137,DOWN,0
2022-06-08,76.34,75.83,75.692,74.9246,81.0458,DOWN,0
2022-06-09,76.0,76.19,75.844,74.8716,80.9739,DOWN,0
2022-06-10,73.29,74.79,75.464,74.7824,80.8848,DOWN,0
2022-06-13,71.1,71.43,74.644,74.6654,80.7812,DOWN,0
2022-06-14,69.21,70.92,73.188,74.524,80.6672,UP,1
2022-06-15,69.76,69.41,71.872,74.3864,80.5541,DOWN,0
2022-06-16,67.95,68.42,70.262,74.2424,80.4328,DOWN,0
2022-06-17,67.88,67.94,69.18,74.0754,80.3147,UP,1
2022-06-21,69.87,68.8,68.934,73.922,80.2038,DOWN,0
2022-06-22,68.76,68.48,68.844,73.7524,80.0885,DOWN,0
2022-06-23,68.59,68.68,68.61,73.5968,79.9845,UP,1
2022-06-24,70.86,68.95,69.192,73.4962,79.8852,DOWN,0
2022-06-27,69.92,71.3,69.6,73.3778,79.7824,DOWN,0
2022-06-28,69.79,70.2,69.584,73.2786,79.6786,DOWN,0
2022-06-29,69.78,69.5,69.788,73.2018,79.5778,UP,1
2022-06-30,70.67,68.97,70.204,73.1078,79.4793,UP,1
2022-07-01,71.9,70.98,70.412,73.0354,79.3871,DOWN,0
2022-07-05,71.37,70.38,70.702,72.9586,79.3029,DOWN,0
2022-07-06,71.26,71.46,70.996,72.9154,79.2341,DOWN,0
2022-07-07,70.09,68.65,71.058,72.8252,79.1687,DOWN,0
2022-07-08,69.89,70.0,70.902,72.7756,79.1081,DOWN,0
2022-07-11,69.0,69.93,70.322,72.6842,79.0317,DOWN,0
2022-07-12,68.84,68.89,69.816,72.5396,78.9472,DOWN,0
2022-07-13,68.4,68.08,69.244,72.4508,78.8649,UP,1
2022-07-14,68.99,67.32,69.024,72.3716,78.7887,UP,1
2022-07-15,69.51,69.93,68.948,72.2954,78.7177,DOWN,0
2022-07-18,68.96,69.89,68.94,72.1426,78.6459,UP,1
2022-07-19,71.84,69.8,69.54,72.0858,78.5937,UP,1
2022-07-20,72.67,72.04,70.394,72.0476,78.5445,UP,1
2022-07-21,72.95,72.65,71.186,72.0404,78.4997,DOWN,0
2022-07-22,71.9,73.08,71.664,72.023,78.4424,UP,1
2022-07-25,72.39,71.97,72.35,72.0128,78.39,UP,1
2022-07-26,72.72,72.39,72.526,72.0072,78.3317,UP,1
2022-07-27,76.44,72.8,73.28,72.0338,78.2967,UP,1
2022-07-28,76.85,76.06,74.06,72.084,78.2728,UP,1
2022-07-29,78.17,77.09,75.314,72.1382,78.2539,UP,1
2022-08-01,78.28,77.3,76.492,72.2596,78.2389,DOWN,0
2022-08-02,77.46,78.17,77.44,72.357,78.2092,UP,1
2022-08-03,79.23,77.85,77.998,72.4728,78.1848,UP,1
2022-08-04,79.5,79.58,78.528,72.5854,78.1657,DOWN,0
2022-08-05,79.32,78.91,78.758,72.662,78.1402,DOWN,0
2022-08-08,79.28,79.8,78.958,72.777,78.1093,DOWN,0
2022-08-09,78.86,78.9,79.238,72.8526,78.0769,UP,1
2022-08-10,79.9,80.0,79.372,72.9246,78.0483,UP,1
2022-08-11,80.6,80.71,79.592,73.0486,78.042,UP,1
2022-08-12,81.75,81.06,80.078,73.2042,78.0493,DOWN,0
2022-08-15,81.55,81.26,80.532,73.3304,78.0585,DOWN,0
2022-08-16,81.32,81.24,81.024,73.453,78.0655,DOWN,0
2022-08-17,80.58,80.52,81.16,73.5606,78.0668,DOWN,0
2022-08-18,80.41,80.54,81.122,73.639,78.0643,DOWN,0
2022-08-19,79.41,80.03,80.654,73.7004,78.0558,DOWN,0
2022-08-22,77.33,78.07,79.81,73.727,78.0394,DOWN,0
2022-08-23,76.9,77.13,78.926,73.7992,78.0147,UP,1
2022-08-24,77.37,76.96,78.284,73.9246,77.993,UP,1
2022-08-25,78.18,77.71,77.838,74.104,77.9727,DOWN,0
2022-08-26,75.23,78.39,77.002,74.2134,77.9311,DOWN,0
2022-08-29,74.07,74.75,76.35,74.3358,77.8847,DOWN,0
2022-08-30,72.86,74.13,75.542,74.4354,77.832,DOWN,0
2022-08-31,72.22,73.2,74.512,74.4824,77.7649,UP,1
2022-09-01,72.72,72.14,73.42,74.5616,77.7077,DOWN,0
2022-09-02,71.72,73.46,72.718,74.6242,77.6437,UP,1
2022-09-06,72.08,71.7,72.32,74.6486,77.5763,UP,1
2022-09-07,73.41,72.21,72.43,74.7184,77.5122,DOWN,0
2022-09-08,72.91,72.94,72.568,74.7808,77.4454,UP,1
2022-09-09,73.4,73.18,72.704,74.8532,77.3914,UP,1
2022-09-12,73.8,73.99,73.12,74.9158,77.3414,DOWN,0
2022-09-13,71.12,72.27,72.928,74.9002,77.2747,DOWN,0
2022-09-14,69.85,71.05,72.216,74.8698,77.208,DOWN,0
2022-09-15,68.93,69.9,71.42,74.8232,77.1347,DOWN,0
2022-09-16,67.8,68.17,70.3,74.7774,77.0717,UP,1
2022-09-19,68.25,67.45,69.19,74.7446,77.0107,DOWN,0
2022-09-20,67.62,67.83,68.49,74.717,76.9346,DOWN,0
2022-09-21,67.03,67.93,67.926,74.6808,76.8557,DOWN,0
2022-09-22,65.45,66.58,67.23,74.6218,76.7629,UP,1
2022-09-23,65.78,64.99,66.826,74.5576,76.6633,DOWN,0
2022-09-26,65.37,65.48,66.25,74.4748,76.5592,DOWN,0
2022-09-27,65.13,65.94,65.752,74.3982,76.4538,UP,1
2022-09-28,65.77,65.73,65.5,74.2768,76.3523,DOWN,0
2022-09-29,64.5,65.22,65.31,74.1134,76.2479,DOWN,0
2022-09-30,63.8,64.53,64.914,73.9304,76.1429,UP,1
2022-10-03,65.44,64.72,64.928,73.8012,76.0455,UP,1
2022-10-04,67.05,66.46,65.312,73.6944,75.9482,UP,1
2022-10-05,67.43,66.42,65.644,73.5886,75.8645,DOWN,0
2022-10-06,66.8,67.22,66.104,73.3958,75.7869,DOWN,0
2022-10-07,65.26,66.17,66.396,73.164,75.6923,DOWN,0
2022-10-10,65.01,65.8,66.31,72.9008,75.5958,DOWN,0
2022-10-11,64.75,64.97,65.85,72.6302,75.4933,DOWN,0
2022-10-12,64.58,65.07,65.28,72.3726,75.3836,UP,1
2022-10-13,65.01,63.18,64.922,72.0882,75.2763,DOWN,0
2022-10-14,64.12,65.43,64.694,71.7806,75.1628,UP,1
2022-10-17,65.37,65.03,64.766,71.5016,75.0579,UP,1
2022-10-18,66.71,66.92,65.158,71.2502,74.9561,DOWN,0
2022-10-19,66.28,66.47,65.498,70.9986,74.8596,DOWN,0
2022-10-20,64.75,66.44,65.446,70.6956,74.7523,UP,1
2022-10-21,66.79,65.03,65.98,70.4194,74.6671,UP,1
2022-10-24,67.08,67.17,66.322,70.126,74.5789,UP,1
2022-10-25,68.85,66.98,66.75,69.872,74.5014,DOWN,0
2022-10-26,68.34,68.69,67.162,69.6124,74.4198,UP,1
2022-10-27,70.01,68.51,68.214,69.401,74.3386,UP,1
2022-10-28,71.69,70.12,69.194,69.2266,74.2623,DOWN,0
2022-10-31,70.64,70.68,69.906,69.0512,74.1867,UP,1
2022-11-01,71.51,71.27,70.438,68.9348,74.1234,DOWN,0
2022-11-02,70.21,71.21,70.812,68.801,74.055,DOWN,0
2022-11-03,70.21,69.47,70.852,68.6578,73.9905,UP,1
2022-11-04,73.22,71.29,71.158,68.5586,73.9456,UP,1
2022-11-07,73.74,73.09,71.778,68.5288,73.8987,DOWN,0
2022-11-08,73.16,73.94,72.108,68.5106,73.8484,DOWN,0
2022-11-09,72.61,72.96,72.588,68.5056,73.7966,UP,1
2022-11-10,75.6,74.52,73.666,68.5732,73.767,UP,1
2022-11-11,77.37,75.66,74.496,68.6662,73.7408,UP,1
2022-11-14,77.77,76.76,75.302,68.7872,73.7158,UP,1
2022-11-15,78.71,78.47,76.412,68.9198,73.6822,DOWN,0
2022-11-16,78.4,78.45,77.57,69.0196,73.6564,DOWN,0
2022-11-17,77.35,77.0,77.92,69.1084,73.6268,UP,1
2022-11-18,77.76,78.18,77.998,69.1956,73.6063,UP,1
2022-11-21,78.19,77.47,78.082,69.2834,73.5851,UP,1
2022-11-22,78.25,78.56,77.99,69.426,73.568,DOWN,0
2022-11-23,78.1,77.97,77.93,69.591,73.5382,UP,1
2022-11-25,78.67,78.54,78.194,69.7858,73.5127,DOWN,0
2022-11-28,76.34,78.02,77.91,69.9566,73.4866,UP,1
2022-11-29,76.88,76.46,77.648,70.1292,73.4728,UP,1
2022-11-30,78.09,76.81,77.616,70.3386,73.4645,X,X
