ticker,PDD US Equity,PDD US Equity,PDD US Equity,PDD US Equity,PDD US Equity,Predictions,OneHotPred
field,PX_LAST,PX_OPEN,MOV_AVG_5D,MOV_AVG_50D,MOV_AVG_200D,,
date,,,,,,,
2018-07-25,19.0,19.0,,,,UP,1
2018-07-26,26.7,26.5,,,,DOWN,0
2018-07-27,24.6,27.54,,,,DOWN,0
2018-07-30,22.5,23.31,,,,UP,1
2018-07-31,22.59,22.2,23.078,,,DOWN,0
2018-08-01,20.31,19.38,23.34,,,DOWN,0
2018-08-02,19.66,19.27,21.932,,,DOWN,0
2018-08-03,19.07,20.0,20.826,,,UP,1
2018-08-06,20.16,19.22,20.358,,,UP,1
2018-08-07,20.89,21.08,20.018,,,DOWN,0
2018-08-08,20.27,21.42,20.01,,,DOWN,0
2018-08-09,20.0,20.39,20.078,,,DOWN,0
2018-08-10,19.51,19.85,20.166,,,DOWN,0
2018-08-13,19.44,19.21,20.022,,,DOWN,0
2018-08-14,19.0,19.46,19.644,,,DOWN,0
2018-08-15,17.7,17.9,19.13,,,UP,1
2018-08-16,19.04,18.27,18.938,,,DOWN,0
2018-08-17,19.0,18.65,18.836,,,DOWN,0
2018-08-20,18.95,18.82,18.738,,,DOWN,0
2018-08-21,18.75,19.14,18.688,,,DOWN,0
2018-08-22,18.4,18.67,18.828,,,DOWN,0
2018-08-23,18.31,18.38,18.682,,,DOWN,0
2018-08-24,17.22,18.25,18.326,,,UP,1
2018-08-27,19.17,17.7,18.37,,,UP,1
2018-08-28,19.54,19.49,18.528,,,UP,1
2018-08-29,21.15,19.54,19.078,,,DOWN,0
2018-08-30,17.99,20.68,19.014,,,UP,1
2018-08-31,19.35,18.87,19.44,,,UP,1
2018-09-04,20.75,18.66,19.756,,,DOWN,0
2018-09-05,18.8,20.44,19.608,,,UP,1
2018-09-06,19.11,19.28,19.2,,,UP,1
2018-09-07,19.57,19.03,19.516,,,UP,1
2018-09-10,19.74,19.68,19.594,,,UP,1
2018-09-11,23.57,19.55,20.158,,,DOWN,0
2018-09-12,23.04,22.77,21.006,,,UP,1
2018-09-13,29.96,24.5,23.176,,,DOWN,0
2018-09-14,26.34,28.89,24.53,,,DOWN,0
2018-09-17,24.36,25.98,25.454,,,DOWN,0
2018-09-18,22.64,24.66,25.268,,,UP,1
2018-09-19,23.0,23.28,25.26,,,UP,1
2018-09-20,24.65,23.36,24.198,,,UP,1
2018-09-21,25.6,25.51,24.05,,,UP,1
2018-09-24,26.49,24.76,24.476,,,UP,1
2018-09-25,26.94,26.15,25.336,,,DOWN,0
2018-09-26,26.06,26.98,25.948,,,UP,1
2018-09-27,26.33,26.36,26.284,,,DOWN,0
2018-09-28,26.29,26.0,26.422,,,UP,1
2018-10-01,27.69,26.23,26.662,,,DOWN,0
2018-10-02,25.66,27.3,26.406,,,UP,1
2018-10-03,26.28,26.3,26.45,21.8228,,DOWN,0
2018-10-04,22.7,25.73,25.724,21.8968,,DOWN,0
2018-10-05,21.78,23.08,24.822,21.7984,,DOWN,0
2018-10-08,21.19,20.61,23.522,21.7302,,UP,1
2018-10-09,22.34,20.97,22.858,21.727,,DOWN,0
2018-10-10,20.33,22.78,21.668,21.6818,,UP,1
2018-10-11,20.82,20.24,21.292,21.692,,UP,1
2018-10-12,21.62,22.1012,21.26,21.7312,,DOWN,0
2018-10-15,21.11,21.28,21.244,21.772,,DOWN,0
2018-10-16,20.81,21.23,20.938,21.785,,DOWN,0
2018-10-17,19.99,20.85,20.87,21.767,,DOWN,0
2018-10-18,18.8,19.67,20.466,21.7376,,DOWN,0
2018-10-19,18.68,19.58,19.878,21.7112,,UP,1
2018-10-22,19.95,19.7,19.646,21.72,,DOWN,0
2018-10-23,18.51,19.0,19.186,21.7014,,DOWN,0
2018-10-24,17.32,18.71,18.652,21.6678,,UP,1
2018-10-25,18.56,17.97,18.604,21.685,,DOWN,0
2018-10-26,18.2,17.77,18.508,21.6682,,DOWN,0
2018-10-29,17.37,18.62,17.992,21.6356,,DOWN,0
2018-10-30,17.2,17.5,17.73,21.6006,,UP,1
2018-10-31,17.65,17.88,17.796,21.5786,,UP,1
2018-11-01,20.34,17.86,18.152,21.6174,,UP,1
2018-11-02,20.37,21.15,18.586,21.6586,,DOWN,0
2018-11-05,20.05,20.19,19.122,21.7152,,DOWN,0
2018-11-06,19.64,20.0,19.61,21.7246,,UP,1
2018-11-07,20.72,20.22,20.224,21.7482,,DOWN,0
2018-11-08,19.28,20.21,20.012,21.7108,,DOWN,0
2018-11-09,18.31,18.95,19.6,21.7172,,DOWN,0
2018-11-12,17.22,18.34,19.034,21.6746,,DOWN,0
2018-11-13,17.15,17.68,18.536,21.6026,,UP,1
2018-11-14,19.15,17.2,18.222,21.6096,,UP,1
2018-11-15,20.38,18.7,18.442,21.635,,UP,1
2018-11-16,20.83,20.0,18.946,21.6602,,DOWN,0
2018-11-19,19.84,20.43,19.47,21.6622,,UP,1
2018-11-20,23.14,20.85,20.668,21.6536,,UP,1
2018-11-21,23.66,23.5,21.57,21.666,,DOWN,0
2018-11-23,22.5,23.65,21.994,21.5168,,DOWN,0
2018-11-26,21.22,22.9,22.072,21.4144,,UP,1
2018-11-27,22.45,20.95,22.594,21.3762,,UP,1
2018-11-28,22.9,22.7,22.546,21.3814,,DOWN,0
2018-11-29,22.44,22.98,22.302,21.3702,,UP,1
2018-11-30,22.96,22.56,22.394,21.3364,,UP,1
2018-12-03,23.97,24.33,22.944,21.3038,,DOWN,0
2018-12-04,23.32,23.9,23.118,21.2404,,DOWN,0
2018-12-06,22.54,22.5,23.046,21.1524,,DOWN,0
2018-12-07,20.61,22.53,22.68,21.0434,,DOWN,0
2018-12-10,20.11,21.0,22.11,20.919,,UP,1
2018-12-11,20.81,20.84,21.478,20.8094,,UP,1
2018-12-12,22.65,21.12,21.344,20.7086,,DOWN,0
2018-12-13,22.58,22.82,21.352,20.647,,UP,1
2018-12-14,23.1,21.91,21.85,20.5834,,DOWN,0
2018-12-17,22.18,22.69,22.264,20.573,,UP,1
2018-12-18,23.0,22.26,22.702,20.5974,,DOWN,0
2018-12-19,22.32,22.65,22.636,20.62,,DOWN,0
2018-12-20,21.49,22.02,22.418,20.603,,DOWN,0
2018-12-21,21.13,21.81,22.024,20.619,,UP,1
2018-12-24,21.3,20.84,21.848,20.6286,,UP,1
2018-12-26,21.51,21.4,21.55,20.6264,,UP,1
2018-12-27,21.9,21.59,21.466,20.6422,,UP,1
2018-12-28,22.06,22.11,21.58,20.6672,,UP,1
2018-12-31,22.44,22.52,21.842,20.7162,,DOWN,0
2019-01-02,22.21,22.0,22.024,20.7844,,DOWN,0
2019-01-03,21.52,21.82,22.026,20.8412,,UP,1
2019-01-04,22.69,22.2,22.184,20.896,,UP,1
2019-01-07,23.21,22.86,22.414,20.99,,UP,1
2019-01-08,24.0,23.6,22.726,21.1236,,UP,1
2019-01-09,25.54,24.2,23.392,21.2632,,UP,1
2019-01-10,26.38,24.79,24.364,21.4268,,DOWN,0
2019-01-11,26.16,26.0,25.058,21.6026,,DOWN,0
2019-01-14,24.37,25.38,25.29,21.746,,UP,1
2019-01-15,24.41,24.79,25.372,21.8812,,UP,1
2019-01-16,25.14,24.73,25.292,21.9772,,DOWN,0
2019-01-17,24.54,24.78,24.924,22.0606,,UP,1
2019-01-18,24.99,25.0,24.69,22.1594,,UP,1
2019-01-22,25.17,24.0,24.85,22.27,,UP,1
2019-01-23,26.67,25.63,25.302,22.389,,UP,1
2019-01-24,28.74,26.81,26.022,22.5782,,UP,1
2019-01-25,29.5,28.74,27.014,22.802,,DOWN,0
2019-01-28,29.0,28.35,27.816,23.0376,,UP,1
2019-01-29,30.19,28.78,28.82,23.2984,,DOWN,0
2019-01-30,28.82,30.2,29.25,23.4918,,UP,1
2019-01-31,29.21,29.0,29.344,23.6684,,DOWN,0
2019-02-01,28.96,28.93,29.236,23.831,,UP,1
2019-02-04,29.93,29.05,29.422,24.0328,,UP,1
2019-02-05,30.33,30.0,29.45,24.1766,,DOWN,0
2019-02-06,28.0,28.55,29.286,24.2634,,DOWN,0
2019-02-07,26.51,27.65,28.746,24.3436,,DOWN,0
2019-02-08,25.95,25.75,28.144,24.4382,,UP,1
2019-02-11,26.74,26.78,27.506,24.524,,UP,1
2019-02-12,26.95,27.26,26.83,24.605,,UP,1
2019-02-13,27.01,27.5,26.632,24.6964,,UP,1
2019-02-14,27.03,27.0,26.736,24.7778,,UP,1
2019-02-15,27.52,27.17,27.05,24.8488,,UP,1
2019-02-19,29.09,27.87,27.52,24.9642,,UP,1
2019-02-20,29.33,29.45,27.996,25.1,,DOWN,0
2019-02-21,28.5,29.49,28.294,25.2578,,UP,1
2019-02-22,29.38,29.0,28.764,25.4432,,DOWN,0
2019-02-25,29.01,30.7,29.062,25.6072,,UP,1
2019-02-26,29.14,28.68,29.072,25.737,,DOWN,0
2019-02-27,28.56,29.0,28.918,25.8566,,UP,1
2019-02-28,29.94,29.0,29.206,25.9934,,UP,1
2019-03-01,29.99,30.27,29.328,26.1496,,UP,1
2019-03-04,31.14,30.14,29.754,26.3124,,DOWN,0
2019-03-05,30.78,31.53,30.082,26.4816,,DOWN,0
2019-03-06,29.99,31.09,30.368,26.6516,,DOWN,0
2019-03-07,29.09,29.94,30.198,26.8108,,DOWN,0
2019-03-08,28.46,28.01,29.892,26.954,,UP,1
2019-03-11,29.93,29.43,29.65,27.1224,,UP,1
2019-03-12,30.43,30.47,29.58,27.293,,DOWN,0
2019-03-13,25.12,27.31,28.606,27.3542,,DOWN,0
2019-03-14,24.39,25.29,27.666,27.3932,,UP,1
2019-03-15,24.52,24.95,26.878,27.4394,,UP,1
2019-03-18,25.83,24.99,26.058,27.5256,,DOWN,0
2019-03-19,25.26,26.0,25.024,27.577,,DOWN,0
2019-03-20,24.61,25.17,24.922,27.605,,UP,1
2019-03-21,24.83,24.43,25.01,27.6216,,DOWN,0
2019-03-22,23.5,24.73,24.806,27.5808,,DOWN,0
2019-03-25,23.34,23.3,24.308,27.52,,UP,1
2019-03-26,23.36,23.66,23.928,27.464,,UP,1
2019-03-27,23.61,23.37,23.728,27.4488,,DOWN,0
2019-03-28,23.32,23.76,23.426,27.427,,UP,1
2019-03-29,24.8,23.79,23.686,27.4202,,DOWN,0
2019-04-01,24.67,25.53,23.952,27.4228,,DOWN,0
2019-04-02,24.46,24.59,24.172,27.4122,,DOWN,0
2019-04-03,23.51,24.75,24.152,27.379,,DOWN,0
2019-04-04,22.6,23.11,24.008,27.2976,,DOWN,0
2019-04-05,21.6,22.73,23.368,27.1548,,UP,1
2019-04-08,21.83,21.79,22.8,27.0014,,UP,1
2019-04-09,22.35,21.86,22.378,26.8684,,DOWN,0
2019-04-10,21.95,22.43,22.066,26.7036,,DOWN,0
2019-04-11,21.67,21.84,21.88,26.5606,,UP,1
2019-04-12,21.69,22.06,21.898,26.4102,,UP,1
2019-04-15,22.01,21.9,21.934,26.2712,,UP,1
2019-04-16,22.5,22.35,21.964,26.1226,,UP,1
2019-04-17,23.02,23.1,22.178,25.9764,,UP,1
2019-04-18,23.55,23.13,22.554,25.8874,,UP,1
2019-04-22,24.0,23.46,23.016,25.8372,,UP,1
2019-04-23,24.43,24.28,23.5,25.8068,,DOWN,0
2019-04-24,23.94,24.3,23.788,25.7508,,DOWN,0
2019-04-25,23.07,23.62,23.798,25.6732,,DOWN,0
2019-04-26,21.92,22.85,23.472,25.5714,,UP,1
2019-04-29,22.28,22.0,23.128,25.4764,,DOWN,0
2019-04-30,22.23,22.01,22.688,25.3706,,UP,1
2019-05-01,23.3,22.18,22.56,25.2548,,DOWN,0
2019-05-02,23.13,23.27,22.572,25.1308,,UP,1
2019-05-03,23.96,23.45,22.98,25.04,,DOWN,0
2019-05-06,23.74,22.5,23.272,24.9272,,DOWN,0
2019-05-07,22.82,23.4,23.39,24.8034,,UP,1
2019-05-08,23.19,22.77,23.368,24.6844,,DOWN,0
2019-05-09,23.13,22.63,23.368,24.5758,,DOWN,0
2019-05-10,22.4,22.6,23.056,24.425,23.2061,DOWN,0
2019-05-13,20.75,21.51,22.458,24.2402,23.2149,UP,1
2019-05-14,22.15,21.26,22.324,24.0604,23.1921,DOWN,0
2019-05-15,22.03,22.21,22.092,23.8854,23.1793,UP,1
2019-05-16,22.86,22.2,22.038,23.7428,23.1811,DOWN,0
2019-05-17,22.7,22.2,22.098,23.615,23.1816,DOWN,0
2019-05-20,20.78,21.51,22.104,23.4614,23.184,UP,1
2019-05-21,21.52,21.24,21.978,23.2932,23.1933,DOWN,0
2019-05-22,20.46,21.3,21.664,23.0938,23.2002,UP,1
2019-05-23,20.53,20.13,21.198,23.002,23.2021,DOWN,0
2019-05-24,20.28,20.8,20.714,22.9198,23.199,DOWN,0
2019-05-28,20.23,20.51,20.604,22.834,23.1988,DOWN,0
2019-05-29,19.98,20.0,20.296,22.717,23.1987,DOWN,0
2019-05-30,19.65,20.05,20.134,22.6048,23.1994,DOWN,0
2019-05-31,19.42,19.29,19.912,22.501,23.1993,DOWN,0
2019-06-03,19.03,19.38,19.662,22.385,23.1995,UP,1
2019-06-04,19.28,19.18,19.472,22.3006,23.2074,DOWN,0
2019-06-05,19.13,19.29,19.302,22.2164,23.2078,UP,1
2019-06-06,19.37,19.09,19.246,22.1366,23.2097,UP,1
2019-06-07,19.78,19.49,19.318,22.06,23.2138,UP,1
2019-06-10,20.2,20.25,19.552,21.9976,23.2211,DOWN,0
2019-06-11,20.05,20.56,19.706,21.9026,23.2293,UP,1
2019-06-12,20.41,19.9,19.962,21.8174,23.2398,UP,1
2019-06-13,20.47,20.69,20.182,21.7376,23.2561,UP,1
2019-06-14,20.51,20.29,20.328,21.6776,23.2628,UP,1
2019-06-17,20.59,20.5,20.406,21.6374,23.268,UP,1
2019-06-18,20.89,20.95,20.574,21.6232,23.2667,UP,1
2019-06-19,20.96,21.29,20.684,21.6058,23.2816,DOWN,0
2019-06-20,20.95,21.5,20.78,21.5778,23.2896,UP,1
2019-06-21,21.05,20.88,20.888,21.5598,23.2911,DOWN,0
2019-06-24,20.75,21.04,20.92,21.5414,23.3008,DOWN,0
2019-06-25,20.54,20.46,20.85,21.5184,23.308,DOWN,0
2019-06-26,20.45,20.54,20.748,21.4872,23.3124,UP,1
2019-06-27,20.76,20.7,20.71,21.4524,23.3175,DOWN,0
2019-06-28,20.63,20.8,20.626,21.4046,23.3028,UP,1
2019-07-01,20.64,21.3,20.604,21.3464,23.2908,DOWN,0
2019-07-02,20.31,20.73,20.558,21.2726,23.2425,DOWN,0
2019-07-03,20.09,20.25,20.486,21.1858,23.2113,UP,1
2019-07-05,20.29,19.88,20.392,21.1128,23.1909,DOWN,0
2019-07-08,20.04,19.9,20.274,21.0522,23.1779,UP,1
2019-07-09,20.48,19.99,20.242,21.0234,23.1653,DOWN,0
2019-07-10,19.84,20.45,20.148,20.9746,23.1413,DOWN,0
2019-07-11,19.34,19.86,19.998,20.9168,23.11,DOWN,0
2019-07-12,19.14,19.5,19.768,20.8336,23.0732,UP,1
2019-07-15,19.35,19.43,19.63,20.758,23.0353,UP,1
2019-07-16,20.12,19.44,19.558,20.6812,23.0056,DOWN,0
2019-07-17,19.97,19.93,19.584,20.6058,22.9738,UP,1
2019-07-18,20.19,19.82,19.754,20.5532,22.9433,DOWN,0
2019-07-19,20.05,20.38,19.936,20.4904,22.9051,UP,1
2019-07-22,20.14,20.02,20.094,20.4306,22.8775,UP,1
2019-07-23,20.99,20.29,20.268,20.4024,22.8511,DOWN,0
2019-07-24,20.93,20.98,20.46,20.406,22.8422,UP,1
2019-07-25,21.51,20.97,20.724,20.3932,22.8409,UP,1
2019-07-26,21.61,21.62,21.036,20.3848,22.843,UP,1
2019-07-29,21.91,21.73,21.39,20.3658,22.8408,UP,1
2019-07-30,21.95,21.68,21.582,20.3508,22.8489,UP,1
2019-07-31,22.27,21.95,21.85,20.3806,22.8562,UP,1
2019-08-01,22.66,22.2,22.08,20.4034,22.8614,UP,1
2019-08-02,22.99,22.29,22.356,20.454,22.8708,DOWN,0
2019-08-05,22.17,22.41,22.408,20.4868,22.8776,DOWN,0
2019-08-06,21.96,22.25,22.41,20.5204,22.8874,UP,1
2019-08-07,22.13,21.59,22.382,20.5584,22.9041,UP,1
2019-08-08,22.81,22.24,22.412,20.615,22.9247,DOWN,0
2019-08-09,22.6,22.46,22.334,20.674,22.938,DOWN,0
2019-08-12,22.36,22.4,22.372,20.7328,22.9572,UP,1
2019-08-13,23.78,22.57,22.736,20.8278,22.9895,DOWN,0
2019-08-14,23.56,23.23,23.022,20.9134,23.0145,UP,1
2019-08-15,23.87,23.9,23.234,21.0082,23.0429,UP,1
2019-08-16,25.01,24.18,23.716,21.121,23.0811,UP,1
2019-08-19,25.57,25.5,24.358,21.2368,23.1229,UP,1
2019-08-20,25.96,25.61,24.794,21.352,23.1645,UP,1
2019-08-21,30.11,29.4,26.104,21.5532,23.2133,UP,1
2019-08-22,30.59,29.64,27.448,21.7568,23.2644,DOWN,0
2019-08-23,29.49,29.64,28.344,21.9372,23.3116,UP,1
2019-08-26,30.61,29.95,29.352,22.1392,23.3665,UP,1
2019-08-27,30.87,30.9,30.334,22.3448,23.4172,UP,1
2019-08-28,30.93,30.62,30.498,22.5456,23.4755,UP,1
2019-08-29,33.61,31.5,31.102,22.7986,23.552,DOWN,0
2019-08-30,32.77,33.75,31.758,23.035,23.6297,UP,1
2019-09-03,33.25,32.68,32.286,23.279,23.7102,UP,1
2019-09-04,34.0,33.66,32.912,23.544,23.7845,UP,1
2019-09-05,34.87,34.4,33.7,23.8306,23.8569,UP,1
2019-09-06,34.98,35.07,33.974,24.1212,23.9277,DOWN,0
2019-09-09,34.98,35.13,34.416,24.4056,24.0034,DOWN,0
2019-09-10,34.85,34.46,34.736,24.69,24.0619,UP,1
2019-09-11,36.67,34.89,35.27,25.0106,24.127,DOWN,0
2019-09-12,36.16,36.3,35.528,25.3276,24.1953,DOWN,0
2019-09-13,35.9,36.07,35.712,25.6438,24.2686,DOWN,0
2019-09-16,34.73,35.51,35.662,25.9326,24.33,UP,1
2019-09-17,35.43,34.3,35.778,26.2404,24.3927,DOWN,0
2019-09-18,34.37,35.27,35.318,26.5182,24.4524,UP,1
2019-09-19,34.62,34.33,35.01,26.8138,24.5107,DOWN,0
2019-09-20,34.08,34.67,34.646,27.1086,24.5612,DOWN,0
2019-09-23,33.82,33.85,34.464,27.4022,24.6137,DOWN,0
2019-09-24,30.99,32.8,33.576,27.635,24.6559,UP,1
2019-09-25,32.25,31.01,33.152,27.8776,24.7142,UP,1
2019-09-26,32.65,32.41,32.758,28.1312,24.7769,DOWN,0
2019-09-27,31.28,32.86,32.198,28.353,24.8292,UP,1
2019-09-30,32.22,31.96,31.878,28.5964,24.8771,UP,1
2019-10-01,32.75,32.35,32.23,28.8486,24.9279,DOWN,0
2019-10-02,32.59,32.26,32.298,29.0806,24.9754,UP,1
2019-10-03,32.95,32.6,32.358,29.321,25.0292,UP,1
2019-10-04,33.35,32.97,32.772,29.5578,25.0809,DOWN,0
2019-10-07,31.67,33.24,32.662,29.759,25.1277,DOWN,0
2019-10-08,31.25,31.0,32.362,29.9458,25.1765,UP,1
2019-10-09,31.78,31.72,32.2,30.1424,25.2298,UP,1
2019-10-10,31.94,31.91,31.998,30.3358,25.2829,UP,1
2019-10-11,32.86,32.2,31.9,30.5398,25.3397,DOWN,0
2019-10-14,32.84,32.6,32.134,30.7368,25.3944,UP,1
2019-10-15,33.94,33.19,32.672,30.9722,25.4538,DOWN,0
2019-10-16,33.74,33.69,33.064,31.2078,25.5103,UP,1
2019-10-17,34.2,33.82,33.516,31.4492,25.5702,DOWN,0
2019-10-18,33.38,34.22,33.62,31.6606,25.6295,UP,1
2019-10-21,34.0,33.88,33.852,31.8886,25.6861,UP,1
2019-10-22,34.37,34.09,33.938,32.1288,25.7419,UP,1
2019-10-23,35.5,34.24,34.29,32.3632,25.7994,UP,1
2019-10-24,39.96,35.8,35.442,32.6912,25.8715,UP,1
2019-10-25,40.84,39.4,36.934,33.0306,25.9438,UP,1
2019-10-28,42.58,41.29,38.65,33.382,26.0259,DOWN,0
2019-10-29,40.5,42.13,39.876,33.6806,26.1065,UP,1
2019-10-30,40.88,40.61,40.952,33.979,26.1889,DOWN,0
2019-10-31,40.88,40.4,41.136,34.1944,26.2676,UP,1
2019-11-01,41.49,41.5,41.266,34.4124,26.3523,UP,1
2019-11-04,42.53,42.39,41.256,34.6732,26.44,UP,1
2019-11-05,43.53,43.15,41.862,34.9316,26.5318,DOWN,0
2019-11-06,43.49,44.05,42.384,35.184,26.6159,DOWN,0
2019-11-07,43.31,44.16,42.87,35.4316,26.6888,DOWN,0
2019-11-08,43.23,43.46,43.218,35.624,26.7574,DOWN,0
2019-11-11,41.92,42.42,43.096,35.807,26.822,DOWN,0
2019-11-12,41.57,42.08,42.704,35.9734,26.8789,UP,1
2019-11-13,41.69,41.18,42.344,36.1272,26.9433,DOWN,0
2019-11-14,41.32,41.5,41.946,36.2562,27.0038,UP,1
2019-11-15,42.76,41.82,41.852,36.4118,27.0728,DOWN,0
2019-11-18,41.51,43.34,41.77,36.5424,27.1307,DOWN,0
2019-11-19,40.72,41.8003,41.6,36.6598,27.1827,DOWN,0
2019-11-20,31.4,31.35,39.542,36.5544,27.1997,UP,1
2019-11-21,31.58,32.65,37.594,36.4628,27.225,UP,1
2019-11-22,33.99,32.23,35.84,36.4246,27.2652,UP,1
2019-11-25,36.52,35.01,34.842,36.4604,27.3141,UP,1
2019-11-26,36.98,36.0,34.094,36.4914,27.3643,DOWN,0
2019-11-27,35.86,37.29,34.986,36.5212,27.4085,UP,1
2019-11-29,35.95,35.68,35.86,36.5478,27.4531,UP,1
2019-12-02,36.04,35.86,36.27,36.587,27.4957,UP,1
2019-12-03,36.17,34.7,36.2,36.634,27.5311,DOWN,0
2019-12-04,35.85,36.45,35.974,36.7312,27.5637,UP,1
2019-12-05,36.58,35.78,36.118,36.8178,27.6041,UP,1
2019-12-06,37.52,36.9,36.432,36.9152,27.6448,DOWN,0
2019-12-09,37.52,37.37,36.728,37.04,27.6874,UP,1
2019-12-10,38.13,37.5,37.12,37.1582,27.7323,DOWN,0
2019-12-11,37.31,38.27,37.412,37.2494,27.7761,UP,1
2019-12-12,38.09,37.5,37.714,37.3594,27.8168,DOWN,0
2019-12-13,36.46,38.0,37.502,37.4296,27.8492,UP,1
2019-12-16,38.68,36.96,37.734,37.5362,27.8869,UP,1
2019-12-17,38.71,38.8,37.85,37.677,27.9265,DOWN,0
2019-12-18,37.72,38.78,37.932,37.8064,27.9652,DOWN,0
2019-12-19,37.52,37.99,37.818,37.9212,28.0073,DOWN,0
2019-12-20,37.36,37.84,37.998,38.0296,28.0518,UP,1
2019-12-23,37.89,37.7,37.84,38.1302,28.0916,UP,1
2019-12-24,38.04,37.85,37.706,38.2342,28.1297,UP,1
2019-12-26,38.57,38.38,37.876,38.3268,28.1969,UP,1
2019-12-27,39.24,39.0,38.22,38.4368,28.2712,DOWN,0
2019-12-30,38.15,39.2,38.378,38.5158,28.3393,DOWN,0
2019-12-31,37.82,38.2,38.364,38.6046,28.3993,UP,1
2020-01-02,41.23,38.5,39.002,38.7492,28.4791,DOWN,0
2020-01-03,40.89,40.0,39.466,38.8796,28.5605,DOWN,0
2020-01-06,40.09,40.55,39.636,38.9714,28.6368,UP,1
2020-01-07,41.21,40.71,40.248,38.9964,28.7254,DOWN,0
2020-01-08,40.5,40.63,40.784,38.9896,28.8112,DOWN,0
2020-01-09,39.66,41.14,40.47,38.9312,28.8927,DOWN,0
2020-01-10,38.42,40.25,39.976,38.8896,28.9667,UP,1
2020-01-13,39.35,39.01,39.828,38.859,29.0469,DOWN,0
2020-01-14,38.02,39.37,39.19,38.8018,29.113,UP,1
2020-01-15,38.67,37.94,38.824,38.7454,29.183,UP,1
2020-01-16,39.51,39.1,38.794,38.685,29.2582,DOWN,0
2020-01-17,39.43,39.84,38.996,38.603,29.3378,DOWN,0
2020-01-21,39.34,38.58,38.994,38.52,29.4215,DOWN,0
2020-01-22,38.86,39.95,39.162,38.431,29.5078,DOWN,0
2020-01-23,38.37,38.2497,39.102,38.3338,29.5905,DOWN,0
2020-01-24,37.34,38.5,38.668,38.2422,29.6655,DOWN,0
2020-01-27,36.59,35.51,38.1,38.1426,29.7387,UP,1
2020-01-28,36.96,37.3,37.624,38.048,29.8151,DOWN,0
2020-01-29,36.74,37.51,37.2,37.9564,29.8904,DOWN,0
2020-01-30,35.93,35.65,36.712,37.8198,29.96,DOWN,0
2020-01-31,35.22,35.73,36.288,37.694,30.0236,UP,1
2020-02-03,35.79,35.0,36.128,37.5954,30.0874,UP,1
2020-02-04,36.51,36.43,36.038,37.6976,30.1522,DOWN,0
2020-02-05,35.72,37.09,35.834,37.7804,30.2108,UP,1
2020-02-06,36.38,36.27,35.924,37.8282,30.2706,DOWN,0
2020-02-07,34.28,36.21,35.736,37.7834,30.3223,UP,1
2020-02-10,34.5,34.5,35.478,37.7338,30.3794,UP,1
2020-02-11,36.0,34.95,35.376,37.7366,30.4498,UP,1
2020-02-12,36.81,36.57,35.594,37.7538,30.5225,UP,1
2020-02-13,37.42,36.2,35.802,37.7814,30.5985,DOWN,0
2020-02-14,37.12,37.3,36.37,37.8004,30.6675,DOWN,0
2020-02-18,36.44,37.0,36.758,37.8122,30.7341,UP,1
2020-02-19,37.13,36.82,36.984,37.8232,30.7999,DOWN,0
2020-02-20,36.32,37.12,36.886,37.7992,30.8628,DOWN,0
2020-02-21,34.57,36.06,36.316,37.7402,30.9216,DOWN,0
2020-02-24,33.14,33.0,35.52,37.6404,30.9714,DOWN,0
2020-02-25,32.8,34.18,34.792,37.5502,31.0197,UP,1
2020-02-26,34.53,33.02,34.272,37.479,31.0804,UP,1
2020-02-27,35.18,34.08,34.044,37.4534,31.1525,UP,1
2020-02-28,35.78,34.0,34.286,37.3954,31.2207,UP,1
2020-03-02,37.51,37.0,35.16,37.3714,31.2981,DOWN,0
2020-03-03,35.79,37.5,35.758,37.3328,31.3627,UP,1
2020-03-04,36.29,36.43,36.11,37.3082,31.4307,DOWN,0
2020-03-05,36.12,35.7,36.298,37.2834,31.5074,UP,1
2020-03-06,36.76,35.74,36.494,37.2608,31.5836,DOWN,0
2020-03-09,36.51,35.01,36.294,37.2302,31.6638,UP,1
2020-03-10,37.69,37.14,36.674,37.2126,31.7496,DOWN,0
2020-03-11,35.06,35.5,36.428,37.129,31.8235,DOWN,0
2020-03-12,32.81,33.9,35.766,37.0222,31.8864,UP,1
2020-03-13,33.76,34.5,35.166,36.941,31.9553,DOWN,0
2020-03-16,32.19,31.14,34.302,36.7602,32.018,UP,1
2020-03-17,33.39,32.79,33.442,36.6102,32.0879,DOWN,0
2020-03-18,31.77,31.56,32.784,36.4438,32.1516,UP,1
2020-03-19,33.8,31.55,32.982,36.2956,32.2242,DOWN,0
2020-03-20,33.57,34.0,32.944,36.157,32.2964,UP,1
2020-03-23,34.1,34.15,33.326,36.0458,32.37,UP,1
2020-03-24,36.05,35.05,33.858,35.9984,32.4514,UP,1
2020-03-25,37.26,35.85,34.956,35.9566,32.5367,DOWN,0
2020-03-26,37.01,37.02,35.598,35.9364,32.6215,DOWN,0
2020-03-27,35.32,36.2,35.948,35.8694,32.696,UP,1
2020-03-30,35.63,35.53,36.254,35.7918,32.7718,UP,1
2020-03-31,36.03,35.71,36.25,35.7238,32.8494,DOWN,0
2020-04-01,35.9,35.73,35.978,35.655,32.926,UP,1
2020-04-02,36.28,33.9,35.832,35.6034,33.0029,UP,1
2020-04-03,36.9,36.4,36.148,35.574,33.0826,UP,1
2020-04-06,38.49,37.5,36.72,35.597,33.1703,UP,1
2020-04-07,40.63,38.6603,37.64,35.6778,33.2682,DOWN,0
2020-04-08,39.71,40.0,38.402,35.7328,33.363,UP,1
2020-04-09,41.04,40.4,39.354,35.8188,33.4655,UP,1
2020-04-13,41.42,41.02,40.258,35.9286,33.5704,UP,1
2020-04-14,43.03,42.4,41.166,36.0848,33.6817,UP,1
2020-04-15,43.89,42.34,41.818,36.2468,33.798,UP,1
2020-04-16,45.12,44.33,42.9,36.419,33.9204,DOWN,0
2020-04-17,44.46,45.68,43.584,36.5938,34.0412,UP,1
2020-04-20,50.11,45.12,45.322,36.8684,34.1913,UP,1
2020-04-21,50.94,50.0,46.904,37.2016,34.3445,UP,1
2020-04-22,52.15,51.7,48.556,37.5546,34.5051,DOWN,0
2020-04-23,49.17,51.5335,49.366,37.818,34.6485,UP,1
2020-04-24,49.57,49.6965,50.388,38.0732,34.7972,UP,1
2020-04-27,51.19,51.15,50.604,38.3486,34.9564,DOWN,0
2020-04-28,48.06,51.23,50.028,38.5674,35.101,UP,1
2020-04-29,48.86,48.17,49.37,38.8158,35.2486,DOWN,0
2020-04-30,47.44,48.53,49.024,39.022,35.3851,DOWN,0
2020-05-01,45.43,46.55,48.196,39.2042,35.5125,UP,1
2020-05-04,46.37,45.72,47.232,39.4402,35.6434,UP,1
2020-05-05,48.72,47.9,47.364,39.7518,35.7867,UP,1
2020-05-06,49.2,49.65,47.432,40.0798,35.932,UP,1
2020-05-07,50.05,49.8,47.954,40.3902,36.0773,UP,1
2020-05-08,54.6,50.89,49.788,40.7786,36.2457,UP,1
2020-05-11,54.94,54.43,51.502,41.1618,36.4128,UP,1
2020-05-12,57.83,55.78,53.324,41.5682,36.5939,UP,1
2020-05-13,59.83,59.0435,55.45,42.049,36.7835,UP,1
2020-05-14,60.84,58.38,57.608,42.54,36.978,UP,1
2020-05-15,61.3,60.6,58.948,43.0436,37.1731,UP,1
2020-05-18,66.46,62.59,61.252,43.6376,37.3921,DOWN,0
2020-05-19,63.09,66.96,62.304,44.1692,37.5926,DOWN,0
2020-05-20,60.9,63.34,62.518,44.6334,37.7863,DOWN,0
2020-05-21,60.0,59.14,62.35,45.1322,37.9765,UP,1
2020-05-22,68.7,62.61,63.83,45.85,38.2093,DOWN,0
2020-05-26,64.89,69.69,63.516,46.4726,38.4197,DOWN,0
2020-05-27,60.32,63.17,62.962,47.0352,38.6083,UP,1
2020-05-28,60.36,59.77,62.854,47.5746,38.7983,UP,1
2020-05-29,66.87,61.39,64.228,48.2766,39.0137,DOWN,0
2020-06-01,65.76,65.91,63.64,48.9158,39.2247,UP,1
2020-06-02,67.3,67.47,64.122,49.5904,39.4419,UP,1
2020-06-03,68.15,68.0,65.688,50.2714,39.6576,DOWN,0
2020-06-04,66.27,67.85,66.87,50.8758,39.8611,UP,1
2020-06-05,69.7,67.75,67.436,51.5246,40.0798,DOWN,0
2020-06-08,68.31,72.38,67.946,52.1506,40.2708,UP,1
2020-06-09,69.38,68.25,68.362,52.8318,40.4648,UP,1
2020-06-10,72.8,70.54,69.292,53.5752,40.6813,DOWN,0
2020-06-11,71.51,71.14,70.34,54.2848,40.8858,UP,1
2020-06-12,73.11,74.41,71.022,55.029,41.097,UP,1
2020-06-15,77.67,72.66,72.894,55.8568,41.3307,UP,1
2020-06-16,78.0,81.12,74.618,56.6788,41.5527,UP,1
2020-06-17,82.8,78.82,76.618,57.565,41.8028,DOWN,0
2020-06-18,82.42,84.63,78.8,58.4008,42.0486,UP,1
2020-06-19,87.58,85.89,81.694,59.3582,42.3166,DOWN,0
2020-06-22,81.79,88.46,82.518,60.1732,42.5512,UP,1
2020-06-23,83.64,83.06,83.646,61.0176,42.7945,UP,1
2020-06-24,84.5,83.59,83.986,61.847,43.042,UP,1
2020-06-25,86.0,84.39,84.702,62.6892,43.2978,DOWN,0
2020-06-26,85.16,86.7,84.218,63.49,43.5402,UP,1
2020-06-29,87.47,84.62,85.354,64.3502,43.7968,DOWN,0
2020-06-30,85.84,88.82,85.794,65.0648,44.0465,DOWN,0
2020-07-01,85.45,85.0,85.984,65.755,44.3001,UP,1
2020-07-02,93.0,87.85,87.384,66.572,44.588,DOWN,0
2020-07-06,87.0,98.96,87.752,67.3286,44.8511,UP,1
2020-07-07,91.0,88.0,88.458,68.1572,45.133,UP,1
2020-07-08,92.31,93.0,89.752,68.9796,45.4241,DOWN,0
2020-07-09,90.25,93.15,90.712,69.8234,45.7063,DOWN,0
2020-07-10,87.3,88.61,89.572,70.5922,45.9878,UP,1
2020-07-13,88.28,90.97,89.828,71.409,46.268,DOWN,0
2020-07-14,87.33,86.9,89.094,72.247,46.5414,DOWN,0
2020-07-15,85.3,88.58,87.692,73.0256,46.8115,DOWN,0
2020-07-16,83.55,81.51,86.352,73.7222,47.0681,DOWN,0
2020-07-17,82.47,84.74,85.386,74.3876,47.3167,UP,1
2020-07-20,84.83,81.0,84.696,75.0832,47.5779,DOWN,0
2020-07-21,82.58,86.89,83.746,75.6428,47.8261,DOWN,0
2020-07-22,80.76,82.0,82.838,76.1592,48.0631,DOWN,0
2020-07-23,79.05,81.1,81.938,76.5836,48.3,DOWN,0
2020-07-24,78.95,76.2235,81.234,76.966,48.5385,UP,1
2020-07-27,83.44,79.13,80.956,77.418,48.7968,UP,1
2020-07-28,83.77,83.17,81.194,77.8674,49.056,UP,1
2020-07-29,84.03,85.39,81.848,78.2188,49.3118,UP,1
2020-07-30,84.94,83.63,83.026,78.6558,49.5723,UP,1
2020-07-31,91.8,86.43,85.596,79.2738,49.8616,UP,1
2020-08-03,96.03,92.97,88.114,79.9944,50.1731,DOWN,0
2020-08-04,94.02,95.86,90.164,80.5008,50.4722,UP,1
2020-08-05,97.46,94.7,92.85,81.1522,50.7926,DOWN,0
2020-08-06,91.62,97.45,94.186,81.7782,51.0807,DOWN,0
2020-08-07,88.2,90.63,93.466,82.335,51.3498,DOWN,0
2020-08-10,87.53,89.41,91.766,82.7482,51.61,DOWN,0
2020-08-11,87.27,88.03,90.416,83.1784,51.8465,UP,1
2020-08-12,90.11,88.16,88.946,83.6346,52.0929,DOWN,0
2020-08-13,88.85,90.0,88.392,84.0486,52.3242,DOWN,0
2020-08-14,85.04,88.54,87.76,84.424,52.547,UP,1
2020-08-17,89.18,90.79,88.09,84.8136,52.7885,UP,1
2020-08-18,91.59,90.954,88.954,85.2792,53.042,UP,1
2020-08-19,95.94,91.56,90.12,85.8104,53.3143,UP,1
2020-08-20,97.13,95.07,91.776,86.297,53.5873,DOWN,0
2020-08-21,84.0,86.65,91.568,86.5468,53.7896,DOWN,0
2020-08-24,83.16,85.62,90.364,86.7478,53.988,UP,1
2020-08-25,87.24,83.41,89.494,86.9392,54.2076,UP,1
2020-08-26,89.25,88.6965,88.156,87.1642,54.4377,DOWN,0
2020-08-27,88.82,89.0,86.494,87.2846,54.6722,UP,1
2020-08-28,89.2,87.72,87.534,87.4202,54.9104,DOWN,0
2020-08-31,88.94,89.23,88.69,87.4474,55.1466,UP,1
2020-09-01,91.36,89.37,89.514,87.6388,55.3968,DOWN,0
2020-09-02,90.29,92.85,89.722,87.7718,55.6345,DOWN,0
2020-09-03,85.76,88.0,89.11,87.797,55.8557,DOWN,0
2020-09-04,85.04,85.4957,88.278,87.7778,56.0773,DOWN,0
2020-09-08,81.71,81.62,86.832,87.7088,56.3289,UP,1
2020-09-09,84.65,83.69,85.49,87.6524,56.5942,DOWN,0
2020-09-10,83.87,84.61,84.206,87.613,56.8436,UP,1
2020-09-11,84.74,85.19,84.002,87.5988,57.0847,UP,1
2020-09-14,85.28,85.74,84.05,87.4444,57.3262,DOWN,0
2020-09-15,82.65,86.05,84.238,87.3574,57.5602,DOWN,0
2020-09-16,82.65,82.92,83.838,87.1904,57.7937,DOWN,0
2020-09-17,81.02,80.04,83.268,86.9646,58.0186,DOWN,0
2020-09-18,79.81,81.8,82.282,86.7558,58.2368,UP,1
2020-09-21,79.96,77.9,81.218,86.609,58.4573,UP,1
2020-09-22,80.04,79.65,80.696,86.4442,58.6746,DOWN,0
2020-09-23,76.64,79.63,79.494,86.2304,58.8702,DOWN,0
2020-09-24,75.29,75.6,78.348,86.0302,59.0591,DOWN,0
2020-09-25,74.33,75.0,77.252,85.8458,59.2401,UP,1
2020-09-28,75.1,75.61,76.28,85.6984,59.429,DOWN,0
2020-09-29,73.7,75.09,75.012,85.4758,59.6071,UP,1
2020-09-30,74.15,73.74,74.514,85.3072,59.7955,UP,1
2020-10-01,74.43,74.88,74.342,85.1806,59.9743,DOWN,0
2020-10-02,71.4,72.17,73.756,85.0276,60.1377,UP,1
2020-10-05,72.07,72.2,73.15,84.89,60.3095,UP,1
2020-10-06,72.99,72.0,73.008,84.681,60.4868,UP,1
2020-10-07,74.8,74.39,73.138,84.5016,60.674,DOWN,0
2020-10-08,73.41,75.03,72.934,84.2892,60.8516,UP,1
2020-10-09,79.54,74.0,74.562,84.1812,61.0591,UP,1
2020-10-12,84.72,81.88,77.092,84.0396,61.2899,DOWN,0
2020-10-13,84.65,84.2,79.424,83.812,61.5169,DOWN,0
2020-10-14,82.66,85.48,80.996,83.5848,61.7395,UP,1
2020-10-15,82.79,80.54,82.872,83.2914,61.9643,UP,1
2020-10-16,84.02,83.78,83.768,83.1394,62.1783,UP,1
2020-10-19,84.15,84.9,83.654,83.0584,62.3946,UP,1
2020-10-20,89.07,85.44,84.538,83.0892,62.6395,UP,1
2020-10-21,90.23,90.26,86.052,83.1484,62.8846,DOWN,0
2020-10-22,87.77,90.0,87.048,83.1016,63.1209,DOWN,0
2020-10-23,86.91,87.87,87.626,83.0628,63.3572,UP,1
2020-10-26,86.92,86.26,88.18,83.1004,63.5997,UP,1
2020-10-27,90.31,88.1,88.428,83.123,63.8545,DOWN,0
2020-10-28,89.99,88.9774,88.38,83.091,64.1143,UP,1
2020-10-29,94.12,91.96,89.65,83.0546,64.3916,DOWN,0
2020-10-30,89.98,93.56,90.264,82.9116,64.6439,UP,1
2020-11-02,91.62,91.91,91.204,83.064,64.9049,UP,1
2020-11-03,97.72,94.6,92.686,83.3552,65.1968,UP,1
2020-11-04,110.26,101.82,96.74,83.8156,65.5538,UP,1
2020-11-05,113.07,113.775,100.53,84.292,65.9273,UP,1
2020-11-06,114.53,113.8,105.44,84.8062,66.3132,DOWN,0
2020-11-09,106.14,112.58,108.344,85.145,66.661,DOWN,0
2020-11-10,103.09,101.14,109.418,85.428,66.9916,UP,1
2020-11-11,111.46,102.46,109.658,85.83,67.3652,UP,1
2020-11-12,134.21,138.155,113.886,86.7084,67.8566,UP,1
2020-11-13,151.29,140.72,121.238,88.019,68.437,DOWN,0
2020-11-16,142.03,146.28,128.416,89.1588,68.9682,DOWN,0
2020-11-17,132.37,132.4265,134.272,90.172,69.4475,UP,1
2020-11-18,132.38,129.88,138.456,91.1266,69.9308,UP,1
2020-11-19,137.66,134.4428,139.146,92.2024,70.4372,UP,1
2020-11-20,143.55,142.01,137.598,93.3786,70.9835,DOWN,0
2020-11-23,141.05,145.94,137.402,94.494,71.5163,UP,1
2020-11-24,143.94,142.33,139.716,95.7198,72.056,DOWN,0
2020-11-25,135.9,140.31,140.42,96.7848,72.5514,UP,1
2020-11-27,144.05,141.23,141.698,98.0454,73.0846,DOWN,0
2020-11-30,138.81,141.39,140.75,99.2254,73.593,DOWN,0
2020-12-01,136.54,139.81,139.848,100.357,74.0935,UP,1
2020-12-02,144.06,132.1666,139.872,101.6374,74.6282,UP,1
2020-12-03,145.16,144.8,141.724,103.0078,75.1724,UP,1
2020-12-04,146.36,147.33,142.186,104.4292,75.7313,UP,1
2020-12-07,146.79,146.67,143.782,105.8784,76.2996,UP,1
2020-12-08,157.49,149.91,147.972,107.5262,76.923,DOWN,0
2020-12-09,147.57,161.96,148.674,109.0036,77.4882,UP,1
2020-12-10,154.34,147.01,150.51,110.6074,78.084,DOWN,0
2020-12-11,147.65,148.8,150.768,112.0718,78.6434,DOWN,0
2020-12-14,142.12,144.68,149.834,113.4862,79.1664,DOWN,0
2020-12-15,142.03,143.14,146.742,114.8854,79.6976,UP,1
2020-12-16,145.47,143.27,146.322,116.335,80.2435,UP,1
2020-12-17,149.95,146.69,145.444,117.838,80.8127,DOWN,0
2020-12-18,149.37,150.65,145.788,119.3572,81.3757,DOWN,0
2020-12-21,146.87,146.28,146.738,120.7038,81.9275,DOWN,0
2020-12-22,139.02,147.3,146.136,121.7898,82.4341,UP,1
2020-12-23,140.25,142.0,145.092,122.9018,82.9601,UP,1
2020-12-24,152.75,137.59,145.652,124.3036,83.5598,DOWN,0
2020-12-28,143.8,154.24,144.538,125.5238,84.11,UP,1
2020-12-29,166.19,147.9,148.402,127.1672,84.78,UP,1
2020-12-30,179.11,163.34,156.42,129.0664,85.5086,DOWN,0
2020-12-31,177.67,180.42,163.904,130.8384,86.2381,DOWN,0
2021-01-04,166.78,176.75,166.71,132.3694,86.903,UP,1
2021-01-05,187.2,172.35,175.39,134.358,87.6711,DOWN,0
2021-01-06,176.75,184.2449,177.502,136.1548,88.3844,UP,1
2021-01-07,180.12,184.37,177.704,138.0188,89.1047,UP,1
2021-01-08,180.77,182.7,178.324,139.828,89.8223,DOWN,0
2021-01-11,172.49,170.94,179.466,141.478,90.4997,DOWN,0
2021-01-12,169.48,169.46,175.922,142.9852,91.1705,DOWN,0
2021-01-13,164.8,173.21,173.532,144.4816,91.8164,UP,1
2021-01-14,167.26,170.6,170.96,145.9944,92.4725,DOWN,0
2021-01-15,161.2,162.95,167.046,147.264,93.099,UP,1
2021-01-19,168.79,166.89,166.306,148.4346,93.7616,UP,1
2021-01-20,170.96,175.48,166.602,149.5924,94.4319,UP,1
2021-01-21,172.81,170.25,168.204,150.758,95.1035,DOWN,0
2021-01-22,171.89,172.6,169.13,152.073,95.7597,UP,1
2021-01-25,180.43,181.45,172.976,153.6198,96.4633,DOWN,0
2021-01-26,173.98,181.6,174.014,154.8702,97.128,DOWN,0
2021-01-27,166.3,169.96,173.082,155.512,97.7525,UP,1
2021-01-28,169.36,169.26,172.392,155.8734,98.3841,DOWN,0
2021-01-29,165.71,169.6,171.156,156.347,98.9932,UP,1
2021-02-01,173.96,173.53,169.862,157.1788,99.6374,UP,1
2021-02-02,182.0,180.755,171.466,158.1712,100.3251,UP,1
2021-02-03,193.11,183.69,176.828,159.2802,101.0401,UP,1
2021-02-04,197.26,199.3442,182.408,160.3544,101.7717,DOWN,0
2021-02-05,196.16,197.51,188.498,161.4566,102.4918,DOWN,0
2021-02-08,188.26,197.0683,191.358,162.343,103.1872,UP,1
2021-02-09,189.76,191.4105,192.91,163.4202,103.8881,UP,1
2021-02-10,199.61,196.95,194.21,164.5314,104.6302,UP,1
2021-02-11,199.8,203.0,194.718,165.7512,105.3889,DOWN,0
2021-02-12,196.59,197.12,194.804,166.9522,106.1276,UP,1
2021-02-16,202.81,211.6,197.714,168.1272,106.9045,UP,1
2021-02-17,202.82,203.08,200.326,169.2804,107.6914,DOWN,0
2021-02-18,195.78,198.0,199.56,170.2688,108.4385,UP,1
2021-02-19,195.98,200.09,198.796,171.2526,109.1748,DOWN,0
2021-02-22,188.24,189.99,197.126,171.8676,109.87,DOWN,0
2021-02-23,187.91,180.0,194.146,172.6744,110.5593,DOWN,0
2021-02-24,179.32,184.0,189.446,173.174,111.1829,DOWN,0
2021-02-25,171.06,180.15,184.502,173.6422,111.7635,UP,1
2021-02-26,171.16,169.46,179.538,174.223,112.3301,UP,1
2021-03-01,186.15,181.5,179.12,175.1054,112.9617,DOWN,0
2021-03-02,175.52,186.11,176.642,175.7064,113.5351,DOWN,0
2021-03-03,168.75,180.0,174.528,176.0824,114.0724,DOWN,0
2021-03-04,158.4,163.18,171.996,176.263,114.5321,DOWN,0
2021-03-05,156.82,159.92,169.128,176.462,115.0007,DOWN,0
2021-03-08,137.6,153.15,159.418,176.4336,115.3842,UP,1
2021-03-09,154.18,145.7,155.15,176.7122,115.8551,DOWN,0
2021-03-10,148.14,159.03,151.028,176.62,116.2523,UP,1
2021-03-11,162.4,159.0,151.828,176.992,116.7399,DOWN,0
2021-03-12,161.06,157.825,152.676,176.8894,117.2436,DOWN,0
2021-03-15,159.13,158.7,156.982,176.4898,117.7374,UP,1
2021-03-16,160.89,166.8,158.324,176.1542,118.2075,DOWN,0
2021-03-17,149.46,152.4,158.588,175.8078,118.626,DOWN,0
2021-03-18,141.82,144.71,154.472,174.9002,118.9986,DOWN,0
2021-03-19,141.8,141.07,150.62,174.2012,119.3669,DOWN,0
2021-03-22,137.15,142.145,146.224,173.3418,119.7213,DOWN,0
2021-03-23,136.06,135.69,141.258,172.4476,120.0531,DOWN,0
2021-03-24,124.18,135.0994,136.202,171.4814,120.3324,UP,1
2021-03-25,127.53,121.32,133.344,170.6424,120.6232,UP,1
2021-03-26,131.29,130.08,131.242,169.9722,120.9156,UP,1
2021-03-29,131.53,130.75,130.118,169.2576,121.2157,UP,1
2021-03-30,135.44,131.01,129.994,168.7424,121.5274,DOWN,0
2021-03-31,133.88,134.7,131.934,168.0442,121.8084,UP,1
2021-04-01,143.93,141.012,135.214,167.5036,122.1381,DOWN,0
2021-04-05,142.91,143.75,137.538,166.9056,122.4386,UP,1
2021-04-06,148.13,143.64,140.858,166.4304,122.7672,DOWN,0
2021-04-07,137.89,145.9,141.348,165.5796,123.0187,UP,1
2021-04-08,140.2,142.65,142.612,164.904,123.3108,DOWN,0
2021-04-09,137.62,138.3,141.35,164.3304,123.5807,DOWN,0
2021-04-12,133.77,135.98,139.522,163.6186,123.827,UP,1
2021-04-13,135.15,133.0,136.926,163.0074,124.0728,DOWN,0
2021-04-14,132.61,135.51,135.87,162.1804,124.31,DOWN,0
2021-04-15,132.38,134.85,134.306,161.188,124.5346,UP,1
2021-04-16,133.31,134.2723,133.444,159.992,124.7719,DOWN,0
2021-04-19,132.8,132.99,133.25,158.7028,125.0087,DOWN,0
2021-04-20,125.61,132.2,131.342,157.2918,125.1717,UP,1
2021-04-21,128.67,124.0,130.554,156.1,125.3801,UP,1
2021-04-22,133.32,129.63,130.742,154.9712,125.5917,UP,1
2021-04-23,138.61,135.99,131.802,153.7512,125.8232,UP,1
2021-04-26,141.5,135.21,133.542,152.5852,126.0794,DOWN,0
2021-04-27,140.08,142.5,136.436,151.455,126.3433,UP,1
2021-04-28,142.37,141.34,139.176,150.2462,126.6138,DOWN,0
2021-04-29,137.49,143.0,140.01,148.9396,126.8646,DOWN,0
2021-04-30,133.93,135.43,139.074,147.7026,127.1077,DOWN,0
2021-05-03,133.43,133.0524,137.46,146.4516,127.3571,DOWN,0
2021-05-04,132.17,132.97,135.878,145.3302,127.6056,DOWN,0
2021-05-05,131.11,132.1,133.626,144.1942,127.837,UP,1
2021-05-06,134.65,130.72,133.058,143.3008,128.0974,DOWN,0
2021-05-07,133.79,134.26,133.03,142.5554,128.3625,DOWN,0
2021-05-10,121.6,127.5,130.664,141.5642,128.5753,UP,1
2021-05-11,125.83,114.87,129.396,140.3578,128.8097,DOWN,0
2021-05-12,124.055,123.81,127.985,139.3285,129.0127,DOWN,0
2021-05-13,115.23,124.32,124.101,138.2581,129.17,UP,1
2021-05-14,118.33,116.81,121.009,137.4567,129.3415,DOWN,0
2021-05-17,118.02,117.345,120.293,136.6807,129.5069,UP,1
2021-05-18,122.24,119.07,119.575,136.3735,129.6591,UP,1
2021-05-19,127.17,118.45,120.198,135.8333,129.8148,UP,1
2021-05-20,131.0,127.75,123.352,135.4905,129.9997,DOWN,0
2021-05-21,129.29,131.34,125.544,134.8283,130.1589,UP,1
2021-05-24,130.41,130.71,128.022,134.2153,130.3528,UP,1
2021-05-25,130.82,133.21,129.738,133.6491,130.5659,DOWN,0
2021-05-26,123.57,137.1515,129.018,132.9027,130.7461,DOWN,0
2021-05-27,119.66,124.46,126.75,132.3067,130.9081,UP,1
2021-05-28,124.88,120.9,125.868,131.9679,131.0819,UP,1
2021-06-01,139.34,132.545,127.654,131.9187,131.3344,UP,1
2021-06-02,139.9,137.63,129.47,131.9737,131.6087,DOWN,0
2021-06-03,133.45,135.29,131.446,131.9215,131.83,DOWN,0
2021-06-04,132.17,134.7,133.948,132.0813,132.0329,DOWN,0
2021-06-07,127.93,130.01,134.558,132.0893,132.1929,DOWN,0
2021-06-08,127.0,128.205,132.09,132.0035,132.3422,DOWN,0
2021-06-09,125.52,128.08,129.214,131.8833,132.5498,DOWN,0
2021-06-10,123.2,125.52,127.164,131.6385,132.75,DOWN,0
2021-06-11,121.97,123.0035,125.124,131.4003,132.9237,DOWN,0
2021-06-14,121.61,122.01,123.86,130.9539,133.0855,UP,1
2021-06-15,121.91,121.87,122.842,130.5339,133.2509,UP,1
2021-06-16,122.82,120.93,122.302,130.0277,133.419,UP,1
2021-06-17,125.79,122.82,122.82,129.7857,133.6033,DOWN,0
2021-06-18,125.03,125.3,123.432,129.4823,133.7716,DOWN,0
2021-06-21,120.78,124.43,123.266,129.1455,133.9241,DOWN,0
2021-06-22,118.3,120.0,122.544,128.8361,134.0868,UP,1
2021-06-23,121.61,120.25,122.302,128.5653,134.2696,UP,1
2021-06-24,127.72,122.8,122.688,128.4675,134.4997,DOWN,0
2021-06-25,127.6,129.985,123.202,128.3719,134.7144,DOWN,0
2021-06-28,124.91,127.32,124.028,128.2039,134.9196,UP,1
2021-06-29,133.55,124.7327,127.078,128.2189,135.1637,DOWN,0
2021-06-30,127.02,132.14,128.16,128.2471,135.3724,DOWN,0
2021-07-01,121.84,128.02,126.984,128.1105,135.5683,DOWN,0
2021-07-02,119.2,121.31,125.304,127.8281,135.7511,DOWN,0
2021-07-06,113.1,115.44,122.942,127.3179,135.9115,DOWN,0
2021-07-07,110.29,113.9313,118.29,126.6937,136.0639,DOWN,0
2021-07-08,108.77,103.72,114.64,126.0675,136.2079,UP,1
2021-07-09,111.07,110.55,112.486,125.4415,136.3631,DOWN,0
2021-07-12,110.52,110.52,110.75,124.9021,136.5325,UP,1
2021-07-13,112.07,111.69,110.544,124.4649,136.7164,DOWN,0
2021-07-14,108.94,109.72,110.274,123.9751,136.8894,UP,1
2021-07-15,110.74,108.94,110.668,123.5465,137.0676,DOWN,0
2021-07-16,107.45,110.75,109.944,123.0733,137.2364,DOWN,0
2021-07-19,104.69,105.7338,108.778,122.4741,137.3891,DOWN,0
2021-07-20,102.25,104.46,106.814,121.8433,137.5282,UP,1
2021-07-21,104.52,102.0,105.93,121.5017,137.6938,UP,1
2021-07-22,104.96,105.72,104.774,121.0843,137.8582,DOWN,0
2021-07-23,97.31,100.23,102.746,120.5494,137.9798,DOWN,0
2021-07-26,88.71,89.74,99.55,120.019,138.0494,DOWN,0
2021-07-27,79.53,84.3,95.006,119.243,138.08,UP,1
2021-07-28,91.89,86.39,92.48,118.7204,138.1417,UP,1
2021-07-29,92.1,95.8,89.908,118.1176,138.1786,DOWN,0
2021-07-30,91.61,89.5211,88.768,117.4064,138.2134,DOWN,0
2021-08-02,91.48,91.72,89.322,116.616,138.2575,DOWN,0
2021-08-03,88.91,89.31,91.198,115.8084,138.2881,UP,1
2021-08-04,89.28,90.0,90.676,114.9858,138.3144,DOWN,0
2021-08-05,88.74,88.65,90.004,114.1442,138.3374,DOWN,0
2021-08-06,87.46,90.0,89.174,113.422,138.3293,UP,1
2021-08-09,92.71,88.4,89.42,112.883,138.3417,DOWN,0
2021-08-10,91.59,95.0,89.956,112.2172,138.3608,DOWN,0
2021-08-11,89.61,92.8215,90.022,111.2226,138.3743,DOWN,0
2021-08-12,87.42,87.93,89.758,110.173,138.3768,DOWN,0
2021-08-13,84.38,87.2671,89.142,109.1916,138.3472,DOWN,0
2021-08-16,82.22,82.64,87.044,108.1926,138.3083,DOWN,0
2021-08-17,79.45,79.0,84.616,107.223,138.235,UP,1
2021-08-18,80.96,80.98,82.886,106.3022,138.1899,DOWN,0
2021-08-19,74.69,76.08,80.34,105.2856,138.1052,UP,1
2021-08-20,77.29,77.69,78.922,104.3674,138.0031,UP,1
2021-08-23,81.08,79.0,78.694,103.5496,137.8572,UP,1
2021-08-24,99.12,90.94,82.628,103.0998,137.7874,DOWN,0
2021-08-25,97.84,97.47,86.004,102.6184,137.704,DOWN,0
2021-08-26,95.86,96.975,90.238,102.0792,137.6526,DOWN,0
2021-08-27,94.63,96.5,93.706,101.456,137.6103,UP,1
2021-08-30,94.98,94.3,96.486,100.855,137.5279,UP,1
2021-08-31,100.02,99.1,96.666,100.4398,137.3569,UP,1
2021-09-01,106.83,100.3,98.464,100.2104,137.1346,DOWN,0
2021-09-02,102.76,103.77,99.844,99.8334,136.9383,DOWN,0
2021-09-03,102.23,100.53,101.364,99.3236,136.7876,UP,1
2021-09-07,107.74,106.29,103.916,98.9264,136.6644,DOWN,0
2021-09-08,104.72,107.2,104.856,98.5226,136.4997,DOWN,0
2021-09-09,104.28,101.9,104.346,97.9372,136.3033,DOWN,0
2021-09-10,103.75,106.46,104.544,97.4718,136.1168,UP,1
2021-09-13,104.16,102.1512,104.93,97.1182,135.9179,DOWN,0
2021-09-14,101.78,102.15,103.738,96.7698,135.7473,DOWN,0
2021-09-15,99.3,99.7,102.654,96.4938,135.5236,UP,1
2021-09-16,99.89,97.55,101.776,96.2858,135.329,UP,1
2021-09-17,100.73,101.66,101.172,96.125,135.1499,DOWN,0
2021-09-20,94.18,96.89,99.176,95.7872,134.9005,UP,1
2021-09-21,95.1,94.94,97.84,95.4788,134.6502,UP,1
2021-09-22,97.6,95.24,97.5,95.1894,134.4064,UP,1
2021-09-23,98.28,96.86,97.178,94.9762,134.1639,DOWN,0
2021-09-24,94.55,96.22,95.942,94.6524,133.8492,UP,1
2021-09-27,96.32,92.86,96.37,94.4298,133.5929,DOWN,0
2021-09-28,89.0,93.08,95.15,94.116,133.2662,UP,1
2021-09-29,89.06,89.12,93.442,93.8522,132.9733,UP,1
2021-09-30,90.67,89.06,91.92,93.5752,132.716,DOWN,0
2021-10-01,88.15,90.54,90.64,93.239,132.4466,DOWN,0
2021-10-04,85.08,85.876,88.392,92.9944,132.1447,UP,1
2021-10-05,87.42,85.5,88.076,92.9686,131.832,UP,1
2021-10-06,89.32,85.27,88.128,93.1644,131.5318,UP,1
2021-10-07,94.95,93.995,88.984,93.2256,131.2722,UP,1
2021-10-08,96.22,95.73,90.598,93.308,131.0582,DOWN,0
2021-10-11,94.83,99.82,92.548,93.3724,130.8311,DOWN,0
2021-10-12,93.52,94.5,93.768,93.4132,130.5349,UP,1
2021-10-13,97.58,95.82,95.42,93.5866,130.3038,DOWN,0
2021-10-14,94.03,96.99,95.236,93.6816,129.943,DOWN,0
2021-10-15,94.01,94.38,94.794,93.787,129.5175,UP,1
2021-10-18,97.0,93.25,95.228,93.9778,129.1142,UP,1
2021-10-19,97.52,99.87,96.028,94.074,128.7679,UP,1
2021-10-20,99.4,100.29,96.392,94.2302,128.3289,DOWN,0
2021-10-21,97.15,98.74,97.016,94.381,127.9309,UP,1
2021-10-22,99.05,99.85,98.024,94.6136,127.5255,UP,1
2021-10-25,100.64,99.55,98.752,94.9388,127.1249,DOWN,0
2021-10-26,93.19,101.6,97.886,95.1582,126.7284,DOWN,0
2021-10-27,92.29,93.22,96.464,95.415,126.3424,UP,1
2021-10-28,92.45,90.02,95.524,95.6448,125.9807,DOWN,0
2021-10-29,88.92,91.1,93.498,95.9294,125.589,UP,1
2021-11-01,93.48,89.05,92.066,96.2532,125.2504,DOWN,0
2021-11-02,92.28,91.07,91.884,96.4772,124.8678,UP,1
2021-11-03,92.39,93.03,91.904,96.3426,124.475,DOWN,0
2021-11-04,86.67,94.01,90.748,96.1192,124.0443,DOWN,0
2021-11-05,83.67,86.97,89.698,95.8754,123.6032,DOWN,0
2021-11-08,83.24,84.06,87.65,95.6476,123.1172,DOWN,0
2021-11-09,83.24,83.1476,85.842,95.4128,122.6635,UP,1
2021-11-10,86.51,84.34,84.666,95.1426,122.2646,UP,1
2021-11-11,92.87,89.81,85.906,94.8634,121.8821,UP,1
2021-11-12,95.0,91.74,88.172,94.7082,121.5286,DOWN,0
2021-11-15,91.37,94.76,89.798,94.491,121.1156,UP,1
2021-11-16,93.96,93.33,91.942,94.2154,120.6754,DOWN,0
2021-11-17,89.77,93.21,92.594,93.9164,120.1587,DOWN,0
2021-11-18,85.08,86.75,91.036,93.5324,119.5978,DOWN,0
2021-11-19,81.87,85.69,88.41,93.0948,119.0264,DOWN,0
2021-11-22,79.52,81.93,86.04,92.602,118.4827,DOWN,0
2021-11-23,79.27,78.95,83.102,92.1518,117.9302,UP,1
2021-11-24,81.36,79.9,81.42,91.793,117.339,DOWN,0
2021-11-26,68.46,73.91,78.096,91.1644,116.6823,UP,1
2021-11-29,71.96,68.17,76.114,90.589,116.0591,DOWN,0
2021-11-30,66.5,70.015,73.51,90.0354,115.3776,DOWN,0
2021-12-01,62.11,68.42,70.078,89.3756,114.674,DOWN,0
2021-12-02,59.28,60.0,65.662,88.6092,113.9915,DOWN,0
2021-12-03,54.44,55.17,62.858,87.7324,113.2838,UP,1
2021-12-06,56.01,54.73,59.668,86.9616,112.6227,UP,1
2021-12-07,63.03,62.18,58.974,86.2958,111.9983,DOWN,0
2021-12-08,62.43,61.0,59.038,85.7644,111.4138,DOWN,0
2021-12-09,62.18,62.56,59.618,85.2268,110.8694,UP,1
2021-12-10,63.62,63.39,61.454,84.6858,110.3317,DOWN,0
2021-12-13,61.61,62.855,62.574,84.155,109.709,UP,1
2021-12-14,61.62,59.5,62.292,83.6858,109.1395,DOWN,0
2021-12-15,59.13,60.08,61.632,83.12,108.5914,DOWN,0
2021-12-16,57.09,59.78,60.614,82.4754,108.0849,UP,1
2021-12-17,58.06,55.35,59.502,81.7376,107.5911,DOWN,0
2021-12-20,54.78,56.12,58.136,80.9088,107.177,UP,1
2021-12-21,59.31,56.0,57.674,80.1984,106.7026,DOWN,0
2021-12-22,58.44,57.09,57.536,79.4968,106.2541,DOWN,0
2021-12-23,57.71,56.7,57.66,78.6994,105.7307,DOWN,0
2021-12-27,56.96,57.45,57.44,77.958,105.2102,DOWN,0
2021-12-28,56.04,56.66,57.692,77.1986,104.6947,DOWN,0
2021-12-29,54.01,55.472,56.632,76.3388,104.1603,UP,1
2021-12-30,59.45,53.38,56.834,75.5774,103.7103,DOWN,0
2021-12-31,58.3,57.93,56.952,74.7554,103.2927,DOWN,0
2022-01-03,56.1,58.35,56.78,73.9344,102.8642,DOWN,0
2022-01-04,49.82,54.11,55.536,72.9498,102.4275,DOWN,0
2022-01-05,48.53,48.98,54.44,71.9076,101.9899,UP,1
2022-01-06,52.13,49.045,52.976,71.0864,101.6296,UP,1
2022-01-07,55.9,53.05,52.496,70.3586,101.2715,UP,1
2022-01-10,56.99,56.345,52.674,69.6494,100.9,UP,1
2022-01-11,60.02,57.44,54.714,69.0714,100.5424,UP,1
2022-01-12,60.38,62.5,57.084,68.4094,100.1671,DOWN,0
2022-01-13,57.62,58.3,58.182,67.7162,99.7858,UP,1
2022-01-14,60.41,58.88,59.084,67.0766,99.3682,UP,1
2022-01-18,61.53,58.32,59.992,66.5738,98.9613,UP,1
2022-01-19,64.35,62.16,60.858,66.1874,98.5424,UP,1
2022-01-20,66.12,69.22,62.006,65.845,98.1836,DOWN,0
2022-01-21,62.41,66.0,62.964,65.4284,97.7946,DOWN,0
2022-01-24,60.52,60.0,62.986,64.9086,97.4091,DOWN,0
2022-01-25,59.5,59.65,62.58,64.2412,97.0378,DOWN,0
2022-01-26,54.08,60.98,60.526,63.4228,96.6324,DOWN,0
2022-01-27,50.83,53.9,57.468,62.612,96.2235,UP,1
2022-01-28,53.05,51.0,55.596,61.7938,95.8269,UP,1
2022-01-31,59.84,54.35,55.46,61.1952,95.4595,DOWN,0
2022-02-01,59.6,59.74,55.48,60.6856,95.0935,DOWN,0
2022-02-02,57.79,59.68,56.222,60.204,94.7544,DOWN,0
2022-02-03,55.13,56.24,57.082,59.7162,94.3867,UP,1
2022-02-04,55.85,55.3,57.642,59.2478,93.9994,DOWN,0
2022-02-07,53.33,55.4,56.34,58.6872,93.573,UP,1
2022-02-08,60.16,53.88,56.452,58.5212,93.1663,UP,1
2022-02-09,62.28,60.51,57.35,58.3276,92.7773,UP,1
2022-02-10,63.2,60.8374,58.964,58.2616,92.3814,DOWN,0
2022-02-11,60.0,63.1392,59.794,58.2194,91.994,DOWN,0
2022-02-14,59.16,58.57,60.96,58.217,91.6201,UP,1
2022-02-15,61.23,60.34,61.174,58.3528,91.2591,DOWN,0
2022-02-16,60.2,61.75,60.758,58.4366,90.8993,DOWN,0
2022-02-17,59.64,60.0285,60.046,58.3688,90.5419,DOWN,0
2022-02-18,56.03,56.739,59.252,58.2408,90.1488,DOWN,0
2022-02-22,54.4,53.73,58.3,58.0852,89.7519,DOWN,0
2022-02-23,51.82,55.07,56.418,57.8492,89.403,DOWN,0
2022-02-24,51.06,49.0,54.59,57.6382,89.0291,UP,1
2022-02-25,51.65,52.18,52.992,57.4388,88.6671,UP,1
2022-02-28,51.86,50.72,52.158,57.2934,88.3502,DOWN,0
2022-03-01,50.98,51.68,51.474,57.1712,88.0135,DOWN,0
2022-03-02,48.77,51.14,50.864,56.9854,87.6672,DOWN,0
2022-03-03,45.22,50.08,49.696,56.7942,87.2821,DOWN,0
2022-03-04,41.27,44.4,47.62,56.4334,86.8526,DOWN,0
2022-03-07,38.61,40.1,44.97,56.0368,86.3907,UP,1
2022-03-08,40.02,38.47,42.778,55.683,85.9443,UP,1
2022-03-09,43.34,41.13,41.692,55.4106,85.509,DOWN,0
2022-03-10,35.76,39.77,39.8,55.005,85.0337,DOWN,0
2022-03-11,32.13,37.065,37.972,54.5674,84.5765,DOWN,0
2022-03-14,25.53,27.97,35.356,53.889,84.1058,UP,1
2022-03-15,27.31,25.52,32.814,53.2692,83.618,UP,1
2022-03-16,42.62,37.115,32.67,52.9996,83.1344,DOWN,0
2022-03-17,39.37,40.85,33.392,52.7906,82.6317,UP,1
2022-03-18,42.6,39.66,35.486,52.672,82.1775,DOWN,0
2022-03-21,39.99,44.94,38.378,52.4292,81.7166,UP,1
2022-03-22,47.53,42.775,42.422,52.2618,81.3146,UP,1
2022-03-23,49.4,46.83,43.778,52.11,80.9266,DOWN,0
2022-03-24,44.94,47.705,44.892,51.8084,80.5237,DOWN,0
2022-03-25,44.24,42.59,45.22,51.4856,80.1289,DOWN,0
2022-03-28,43.67,44.99,45.956,51.2066,79.7374,UP,1
2022-03-29,44.3,44.97,45.31,50.8844,79.3508,DOWN,0
2022-03-30,43.76,43.74,44.182,50.529,78.9601,DOWN,0
2022-03-31,40.11,42.87,43.216,50.0442,78.5465,UP,1
2022-04-01,42.65,44.52,42.898,49.5748,78.1308,UP,1
2022-04-04,49.3,46.85,44.024,49.3126,77.7522,DOWN,0
2022-04-05,46.82,48.74,44.528,49.0386,77.3824,DOWN,0
2022-04-06,45.29,45.575,44.834,48.7544,77.0173,DOWN,0
2022-04-07,42.37,44.45,45.286,48.5202,76.6211,UP,1
2022-04-08,42.6,42.39,45.276,48.3556,76.1955,DOWN,0
2022-04-11,42.22,41.81,43.86,48.139,75.7686,DOWN,0
2022-04-12,41.47,42.81,42.79,47.7716,75.3514,UP,1
2022-04-13,43.91,41.66,42.514,47.4578,74.9032,DOWN,0
2022-04-14,40.03,43.97,42.046,47.1026,74.4683,DOWN,0
2022-04-18,40.01,38.5,41.528,46.8002,74.0591,DOWN,0
2022-04-19,39.8,39.0,41.044,46.4792,73.6621,DOWN,0
2022-04-20,37.31,39.4,40.212,46.1588,73.2832,DOWN,0
2022-04-21,34.75,36.82,38.38,45.6506,72.9055,DOWN,0
2022-04-22,34.73,35.2,37.32,45.0996,72.5353,UP,1
2022-04-25,35.6,33.09,36.438,44.5476,72.1579,DOWN,0
2022-04-26,34.84,35.52,35.446,44.0444,71.7795,UP,1
2022-04-27,37.42,35.57,35.468,43.6096,71.4063,UP,1
2022-04-28,37.95,38.0,36.108,43.144,71.0513,UP,1
2022-04-29,43.09,44.74,37.78,42.8018,70.7131,UP,1
2022-05-02,44.66,42.31,39.592,42.5022,70.3991,DOWN,0
2022-05-03,43.91,44.03,41.406,42.2598,70.0952,UP,1
2022-05-04,45.35,42.54,42.992,42.0788,69.8107,DOWN,0
2022-05-05,40.28,43.16,43.458,41.848,69.4895,DOWN,0
2022-05-06,38.19,40.28,42.478,41.5906,69.1557,DOWN,0
2022-05-09,34.95,36.33,40.536,41.2566,68.8439,UP,1
2022-05-10,35.56,36.61,38.866,40.9306,68.5781,DOWN,0
2022-05-11,33.84,36.525,36.564,40.5878,68.3497,UP,1
2022-05-12,34.23,33.21,35.354,40.297,68.0614,UP,1
2022-05-13,37.72,35.4,35.26,40.147,67.7895,UP,1
2022-05-16,37.84,38.555,35.838,40.0784,67.5206,UP,1
2022-05-17,40.16,41.08,36.758,40.1094,67.264,DOWN,0
2022-05-18,38.59,38.955,37.708,40.0808,67.0124,UP,1
2022-05-19,42.05,39.53,39.272,40.055,66.7763,DOWN,0
2022-05-20,40.9,43.49,39.908,40.1578,66.5371,DOWN,0
2022-05-23,40.45,40.69,40.43,40.3242,66.302,DOWN,0
2022-05-24,36.96,39.0,39.79,40.5528,66.0233,UP,1
2022-05-25,38.31,38.06,39.734,40.7728,65.7569,UP,1
2022-05-26,41.93,39.33,39.71,40.759,65.5185,UP,1
2022-05-27,48.3,45.0,41.19,40.9376,65.3229,UP,1
2022-05-31,50.35,51.92,43.17,41.0926,65.1527,DOWN,0
2022-06-01,49.0,49.51,45.578,41.2728,64.9866,UP,1
2022-06-02,52.67,49.505,48.45,41.3756,64.8527,DOWN,0
2022-06-03,50.9,50.76,50.244,41.4056,64.7024,UP,1
2022-06-06,53.75,55.17,51.334,41.5818,64.5977,UP,1
2022-06-07,59.19,54.0,53.102,41.8808,64.5072,UP,1
2022-06-08,64.95,61.4065,56.292,42.3064,64.4266,DOWN,0
2022-06-09,58.7,61.215,57.498,42.5944,64.2245,UP,1
2022-06-10,59.95,60.48,59.308,42.9182,64.035,DOWN,0
2022-06-13,54.41,56.7165,59.44,43.2042,63.8278,UP,1
2022-06-14,60.92,56.65,59.786,43.5696,63.6592,DOWN,0
2022-06-15,60.19,61.43,58.834,43.7874,63.4853,DOWN,0
2022-06-16,58.76,57.2,58.846,44.0262,63.279,UP,1
2022-06-17,59.0,62.26,58.656,44.3004,63.0398,UP,1
2022-06-21,63.05,61.795,60.384,44.714,62.8413,DOWN,0
2022-06-22,60.36,61.77,60.272,45.0692,62.6319,UP,1
2022-06-23,64.23,62.92,61.08,45.5094,62.4144,UP,1
2022-06-24,65.96,66.39,62.52,45.9992,62.2206,DOWN,0
2022-06-27,64.74,67.6,63.668,46.4158,62.0229,DOWN,0
2022-06-28,62.96,64.07,63.65,46.8744,61.8189,UP,1
2022-06-29,63.07,61.45,64.192,47.3356,61.6135,DOWN,0
2022-06-30,61.8,61.42,63.706,47.7756,61.4136,UP,1
2022-07-01,64.82,61.81,63.478,48.3258,61.2412,UP,1
2022-07-05,66.62,63.8255,63.854,48.9632,61.0748,DOWN,0
2022-07-06,61.69,65.68,63.6,49.5024,60.8796,UP,1
2022-07-07,62.23,62.93,63.432,50.035,60.7199,DOWN,0
2022-07-08,60.8,61.38,63.232,50.5542,60.5484,DOWN,0
2022-07-11,54.7,57.762,61.208,50.8998,60.3339,UP,1
2022-07-12,56.21,54.95,59.126,51.265,60.1235,UP,1
2022-07-13,56.35,54.2,58.058,51.5302,59.9325,DOWN,0
2022-07-14,54.7,55.38,56.552,51.731,59.7244,UP,1
2022-07-15,54.71,53.84,55.334,51.947,59.553,UP,1
2022-07-18,55.12,56.02,55.418,52.1424,59.3833,DOWN,0
2022-07-19,54.95,56.2,55.166,52.4358,59.2047,DOWN,0
2022-07-20,53.43,54.43,54.582,52.7406,59.0311,UP,1
2022-07-21,55.8,53.34,54.802,53.1576,58.8847,DOWN,0
2022-07-22,54.38,55.23,54.736,53.534,58.7195,UP,1
2022-07-25,56.21,54.98,54.954,53.9814,58.5539,DOWN,0
2022-07-26,55.16,56.24,54.996,54.4,58.355,DOWN,0
2022-07-27,54.99,55.06,55.308,54.7454,58.1488,DOWN,0
2022-07-28,50.91,53.56,54.33,55.0068,57.9292,DOWN,0
2022-07-29,49.01,48.28,53.256,55.1838,57.7067,DOWN,0
2022-08-01,47.69,47.48,51.552,55.3658,57.4572,UP,1
2022-08-02,48.98,45.99,50.316,55.5044,57.232,UP,1
2022-08-03,49.65,49.26,49.248,55.6794,57.0102,UP,1
2022-08-04,51.26,52.9,49.318,55.8956,56.7815,DOWN,0
2022-08-05,50.25,49.65,49.566,56.1614,56.5451,DOWN,0
2022-08-08,47.67,49.2,49.562,56.3486,56.2865,DOWN,0
2022-08-09,47.33,47.85,49.232,56.4566,56.0374,DOWN,0
2022-08-10,47.26,47.27,48.754,56.4358,55.7784,UP,1
2022-08-11,49.62,48.44,48.426,56.4212,55.5233,DOWN,0
2022-08-12,48.8,47.2,48.136,56.4172,55.3014,UP,1
2022-08-15,51.13,47.78,48.828,56.3864,55.0956,DOWN,0
2022-08-16,49.34,50.0,49.23,56.3552,54.88,DOWN,0
2022-08-17,47.51,50.09,49.28,56.2304,54.673,DOWN,0
2022-08-18,46.83,47.45,48.722,55.9832,54.4397,DOWN,0
2022-08-19,45.76,46.42,48.114,55.5994,54.2071,UP,1
2022-08-22,47.93,46.12,47.474,55.384,53.9848,UP,1
2022-08-23,50.51,48.25,47.708,55.1952,53.804,UP,1
2022-08-24,53.21,49.01,48.848,55.1712,53.6517,UP,1
2022-08-25,59.83,57.0,51.448,55.1494,53.5347,DOWN,0
2022-08-26,57.57,63.53,53.81,55.097,53.4063,UP,1
2022-08-29,66.04,65.04,57.432,55.2426,53.304,UP,1
2022-08-30,66.5,67.78,60.63,55.3926,53.1721,UP,1
2022-08-31,71.3,69.02,64.248,55.5576,53.0536,UP,1
2022-09-01,71.42,69.45,66.566,55.7788,52.9539,UP,1
2022-09-02,72.19,69.66,69.49,55.938,52.845,DOWN,0
2022-09-06,66.62,70.04,69.606,55.9512,52.7293,UP,1
2022-09-07,68.41,65.29,69.988,56.0246,52.6459,DOWN,0
2022-09-08,68.19,66.39,69.366,56.1292,52.5775,UP,1
2022-09-09,69.76,69.91,69.034,56.263,52.5287,UP,1
2022-09-12,71.56,70.14,68.908,56.4582,52.4902,DOWN,0
2022-09-13,67.82,69.26,69.148,56.5182,52.4225,UP,1
2022-09-14,69.87,68.78,69.44,56.5832,52.4295,DOWN,0
2022-09-15,68.44,68.48,69.49,56.7182,52.4119,DOWN,0
2022-09-16,65.67,66.03,68.672,56.787,52.4078,UP,1
2022-09-19,65.79,64.03,67.518,56.8868,52.4262,UP,1
2022-09-20,66.1,65.08,67.174,57.1148,52.4603,DOWN,0
2022-09-21,62.49,64.72,65.698,57.2404,52.5005,UP,1
2022-09-22,63.46,62.92,64.702,57.3826,52.5378,DOWN,0
2022-09-23,60.05,61.57,63.578,57.4896,52.5229,UP,1
2022-09-26,60.66,61.48,62.552,57.6086,52.514,UP,1
2022-09-27,60.99,62.16,61.53,57.726,52.5081,UP,1
2022-09-28,62.98,59.02,61.628,57.8866,52.5049,DOWN,0
2022-09-29,60.77,61.59,61.09,58.0334,52.5007,UP,1
2022-09-30,62.58,60.51,61.596,58.169,52.5055,UP,1
2022-10-03,62.65,62.41,61.994,58.3344,52.5231,UP,1
2022-10-04,66.47,64.5,63.09,58.5396,52.57,DOWN,0
2022-10-05,66.17,66.5,63.728,58.7598,52.6105,DOWN,0
2022-10-06,65.26,66.27,64.626,58.9652,52.6629,DOWN,0
2022-10-07,63.56,63.99,64.822,59.2182,52.6842,DOWN,0
2022-10-10,58.26,61.5,63.944,59.4032,52.6833,DOWN,0
2022-10-11,55.71,57.09,61.792,59.5636,52.6733,UP,1
2022-10-12,55.94,56.04,59.746,59.7028,52.6682,DOWN,0
2022-10-13,55.37,53.35,57.768,59.8172,52.6648,DOWN,0
2022-10-14,52.92,56.2,55.64,59.8504,52.6594,UP,1
2022-10-17,55.48,54.62,55.084,59.955,52.6395,UP,1
2022-10-18,58.37,57.97,55.616,60.169,52.6399,DOWN,0
2022-10-19,54.49,55.2747,55.326,60.3122,52.6318,UP,1
2022-10-20,55.89,55.25,55.43,60.4848,52.6622,UP,1
2022-10-21,58.97,55.13,56.64,60.6718,52.7144,DOWN,0
2022-10-24,44.46,48.15,54.436,60.585,52.676,UP,1
2022-10-25,47.53,46.69,52.268,60.513,52.6342,UP,1
2022-10-26,53.09,48.08,51.988,60.588,52.6147,UP,1
2022-10-27,53.11,51.85,51.432,60.7,52.5801,DOWN,0
2022-10-28,52.95,49.8538,50.228,60.8224,52.543,UP,1
2022-10-31,54.83,52.28,52.302,61.0038,52.529,DOWN,0
2022-11-01,53.89,59.63,53.574,61.123,52.4964,DOWN,0
2022-11-02,53.61,54.0,53.678,61.185,52.4568,UP,1
2022-11-03,56.97,52.22,54.45,61.2602,52.4199,UP,1
2022-11-04,61.89,61.79,56.238,61.3014,52.3988,DOWN,0
2022-11-07,61.72,63.01,57.616,61.3844,52.3953,UP,1
2022-11-08,62.92,60.31,59.422,61.322,52.4073,DOWN,0
2022-11-09,59.16,60.4,60.532,61.1752,52.4056,UP,1
2022-11-10,64.05,62.95,61.948,61.0302,52.4555,UP,1
2022-11-11,65.18,67.5,62.606,60.9054,52.5272,UP,1
2022-11-14,65.39,67.59,63.34,60.7694,52.5889,UP,1
2022-11-15,70.97,69.94,64.95,60.8564,52.6446,DOWN,0
2022-11-16,67.56,68.3,66.63,60.8394,52.6844,UP,1
2022-11-17,70.55,66.405,67.93,60.8866,52.7482,DOWN,0
2022-11-18,70.15,71.18,68.924,60.8944,52.8233,DOWN,0
2022-11-21,67.62,68.43,69.37,60.8156,52.8821,DOWN,0
2022-11-22,66.76,65.18,68.528,60.7944,52.9493,DOWN,0
2022-11-23,66.71,68.465,68.358,60.7312,52.982,DOWN,0
2022-11-25,65.75,65.78,67.398,60.6774,52.9994,UP,1
2022-11-28,74.05,74.78,68.178,60.845,53.0536,UP,1
2022-11-29,78.43,77.98,70.34,61.0978,53.1458,UP,1
2022-11-30,82.04,80.42,73.396,61.4166,53.2602,X,X
