ticker,ZS US Equity,ZS US Equity,ZS US Equity,ZS US Equity,ZS US Equity,Predictions,OneHotPred
field,PX_LAST,PX_OPEN,MOV_AVG_5D,MOV_AVG_50D,MOV_AVG_200D,,
date,,,,,,,
2018-03-15,16.0,,,,,UP,1
2018-03-16,33.0,27.5,,,,DOWN,0
2018-03-19,27.9,31.45,,,,UP,1
2018-03-20,30.38,28.41,,,,UP,1
2018-03-21,31.08,30.79,27.672,,,DOWN,0
2018-03-22,29.83,30.0,30.438,,,DOWN,0
2018-03-23,29.43,30.31,29.724,,,DOWN,0
2018-03-26,27.83,30.63,29.71,,,DOWN,0
2018-03-27,27.75,28.0,29.184,,,DOWN,0
2018-03-28,27.53,27.35,28.474,,,UP,1
2018-03-29,28.07,27.75,28.122,,,DOWN,0
2018-04-02,27.06,27.9,27.648,,,DOWN,0
2018-04-03,26.8,27.13,27.442,,,UP,1
2018-04-04,27.97,26.35,27.486,,,UP,1
2018-04-05,28.53,28.61,27.686,,,DOWN,0
2018-04-06,28.22,28.32,27.716,,,DOWN,0
2018-04-09,26.54,28.47,27.612,,,UP,1
2018-04-10,28.07,27.06,27.866,,,DOWN,0
2018-04-11,27.71,28.03,27.814,,,UP,1
2018-04-12,27.96,27.81,27.7,,,DOWN,0
2018-04-13,27.48,28.7,27.552,,,UP,1
2018-04-16,28.99,27.89,28.042,,,DOWN,0
2018-04-17,28.75,29.31,28.178,,,DOWN,0
2018-04-18,28.65,28.96,28.366,,,DOWN,0
2018-04-19,28.03,28.65,28.38,,,DOWN,0
2018-04-20,27.22,28.05,28.328,,,DOWN,0
2018-04-23,26.86,27.2,27.902,,,UP,1
2018-04-24,27.14,27.0,27.58,,,UP,1
2018-04-25,28.11,27.09,27.472,,,UP,1
2018-04-26,28.65,28.4,27.596,,,UP,1
2018-04-27,28.71,28.86,27.894,,,UP,1
2018-04-30,29.89,28.7,28.5,,,DOWN,0
2018-05-01,29.13,29.8,28.898,,,UP,1
2018-05-02,29.95,29.32,29.266,,,DOWN,0
2018-05-03,27.57,28.75,29.05,,,UP,1
2018-05-04,27.86,27.58,28.88,,,DOWN,0
2018-05-07,27.65,28.0,28.432,,,DOWN,0
2018-05-08,27.53,27.65,28.112,,,UP,1
2018-05-09,27.85,27.49,27.692,,,UP,1
2018-05-10,28.18,27.85,27.814,,,UP,1
2018-05-11,29.32,28.25,28.106,,,DOWN,0
2018-05-14,28.47,29.37,28.27,,,DOWN,0
2018-05-15,27.41,28.42,28.246,,,DOWN,0
2018-05-16,27.09,27.53,28.094,,,UP,1
2018-05-17,27.39,27.07,27.936,,,DOWN,0
2018-05-18,27.28,27.4,27.528,,,UP,1
2018-05-21,27.42,27.35,27.318,,,DOWN,0
2018-05-22,27.09,27.56,27.254,,,DOWN,0
2018-05-23,26.56,26.88,27.148,,,DOWN,0
2018-05-24,26.55,26.45,26.98,27.9288,,DOWN,0
2018-05-25,24.95,26.5,26.514,28.1078,,UP,1
2018-05-29,25.63,25.0,26.156,27.9604,,DOWN,0
2018-05-30,25.5,25.94,25.838,27.9124,,UP,1
2018-05-31,26.26,25.62,25.778,27.83,,UP,1
2018-06-01,28.18,26.36,26.104,27.772,,UP,1
2018-06-04,29.21,28.39,26.956,27.7596,,UP,1
2018-06-05,30.13,29.32,27.856,27.7736,,UP,1
2018-06-06,30.65,30.2,28.886,27.83,,UP,1
2018-06-07,37.79,36.0,31.192,28.0308,,UP,1
2018-06-08,40.53,37.49,33.662,28.2908,,UP,1
2018-06-11,41.25,40.96,36.07,28.5544,,DOWN,0
2018-06-12,38.93,41.76,37.83,28.7918,,DOWN,0
2018-06-13,38.83,39.11,39.466,29.0324,,UP,1
2018-06-14,39.39,39.58,39.786,29.2608,,UP,1
2018-06-15,41.0,38.95,39.88,29.5102,,DOWN,0
2018-06-18,40.4,40.75,39.71,29.7538,,DOWN,0
2018-06-19,39.16,39.89,39.756,30.0062,,DOWN,0
2018-06-20,37.885,39.61,39.567,30.2025,,DOWN,0
2018-06-21,35.21,38.08,38.731,30.3525,,UP,1
2018-06-22,36.63,35.6,37.857,30.5259,,DOWN,0
2018-06-25,36.36,36.38,37.049,30.7035,,DOWN,0
2018-06-26,35.87,36.45,36.391,30.8411,,DOWN,0
2018-06-27,34.61,35.78,35.736,30.9583,,UP,1
2018-06-28,35.31,34.5,35.756,31.0915,,UP,1
2018-06-29,35.75,35.7,35.58,31.2459,,UP,1
2018-07-02,37.08,36.0,35.724,31.4431,,DOWN,0
2018-07-03,36.43,37.46,35.836,31.6345,,UP,1
2018-07-05,36.67,36.61,36.248,31.8251,,UP,1
2018-07-06,38.01,36.7,36.788,32.0231,,UP,1
2018-07-09,39.87,38.95,37.612,32.2475,,DOWN,0
2018-07-10,38.54,40.34,37.904,32.4441,,UP,1
2018-07-11,39.12,38.0,38.442,32.6287,,UP,1
2018-07-12,40.54,39.23,39.216,32.8569,,DOWN,0
2018-07-13,39.74,40.68,39.562,33.0527,,UP,1
2018-07-16,41.12,39.66,39.812,33.3237,,UP,1
2018-07-17,41.88,41.12,40.48,33.6041,,DOWN,0
2018-07-18,41.68,42.32,40.992,33.8847,,DOWN,0
2018-07-19,40.38,41.45,40.96,34.1417,,DOWN,0
2018-07-20,39.79,40.57,40.97,34.3805,,UP,1
2018-07-23,41.38,39.62,41.022,34.6445,,DOWN,0
2018-07-24,39.81,41.52,40.608,34.8543,,UP,1
2018-07-25,41.22,39.69,40.516,35.1093,,DOWN,0
2018-07-26,39.67,39.87,40.374,35.3545,,DOWN,0
2018-07-27,37.38,40.1,39.892,35.5603,,DOWN,0
2018-07-30,36.22,37.29,38.86,35.7369,,DOWN,0
2018-07-31,35.31,36.1,37.96,35.8975,,UP,1
2018-08-01,36.06,35.6,36.928,36.0703,,UP,1
2018-08-02,37.03,35.66,36.4,36.2691,,UP,1
2018-08-03,37.33,37.17,36.39,36.4845,,DOWN,0
2018-08-06,36.59,37.42,36.464,36.6853,,UP,1
2018-08-07,37.25,37.06,36.852,36.9313,,DOWN,0
2018-08-08,37.04,37.41,37.048,37.1595,,UP,1
2018-08-09,38.29,37.08,37.3,37.4153,,DOWN,0
2018-08-10,38.19,38.21,37.472,37.6539,,DOWN,0
2018-08-13,38.06,38.43,37.766,37.8515,,DOWN,0
2018-08-14,37.52,38.03,37.82,38.0177,,DOWN,0
2018-08-15,36.35,37.02,37.682,38.1421,,UP,1
2018-08-16,39.1,36.99,37.844,38.3111,,UP,1
2018-08-17,40.29,38.92,38.264,38.3611,,DOWN,0
2018-08-20,39.82,40.7,38.616,38.3469,,DOWN,0
2018-08-21,39.43,39.8,38.998,38.3105,,UP,1
2018-08-22,41.72,39.7,40.072,38.3663,,UP,1
2018-08-23,42.55,41.5,40.762,38.4407,,UP,1
2018-08-24,44.43,43.1,41.59,38.5415,,UP,1
2018-08-27,47.26,45.12,43.078,38.6667,,DOWN,0
2018-08-28,47.0,48.24,44.592,38.7987,,UP,1
2018-08-29,47.16,47.0,45.68,38.9587,,DOWN,0
2018-08-30,43.9,47.3,45.95,39.079,,DOWN,0
2018-08-31,42.79,43.4,45.622,39.2306,,UP,1
2018-09-04,44.26,43.0,45.022,39.3832,,DOWN,0
2018-09-05,44.07,44.54,44.436,39.5374,,DOWN,0
2018-09-06,41.87,42.01,43.378,39.6574,,UP,1
2018-09-07,46.05,41.8,43.808,39.8862,,DOWN,0
2018-09-10,45.76,45.19,44.402,40.0952,,DOWN,0
2018-09-11,42.95,45.74,44.14,40.2392,,DOWN,0
2018-09-12,42.68,41.37,43.862,40.3512,,DOWN,0
2018-09-13,42.44,42.25,43.976,40.4714,,UP,1
2018-09-14,42.64,42.28,43.294,40.5908,,DOWN,0
2018-09-17,40.26,42.57,42.194,40.6358,,DOWN,0
2018-09-18,39.75,40.01,41.554,40.6334,,DOWN,0
2018-09-19,37.83,39.15,40.584,40.6192,,UP,1
2018-09-20,38.82,37.6,39.86,40.6132,,UP,1
2018-09-21,40.13,38.9,39.358,40.605,,UP,1
2018-09-24,41.43,39.06,39.592,40.6388,,UP,1
2018-09-25,42.64,41.35,40.17,40.6692,,DOWN,0
2018-09-26,41.97,42.0,40.998,40.671,,DOWN,0
2018-09-27,41.61,41.87,41.556,40.6696,,DOWN,0
2018-09-28,40.78,41.42,41.686,40.6776,,DOWN,0
2018-10-01,39.93,41.5,41.386,40.6804,,DOWN,0
2018-10-02,37.03,39.79,40.264,40.5934,,UP,1
2018-10-03,38.21,38.07,39.512,40.5614,,DOWN,0
2018-10-04,37.81,38.3,38.752,40.4932,,DOWN,0
2018-10-05,37.04,37.52,38.004,40.4406,,DOWN,0
2018-10-08,36.35,36.72,37.288,40.42,,DOWN,0
2018-10-09,35.73,36.19,37.028,40.4102,,DOWN,0
2018-10-10,33.54,35.19,36.094,40.3748,,UP,1
2018-10-11,34.55,33.0,35.442,40.3446,,UP,1
2018-10-12,36.3,37.09,35.294,40.33,,UP,1
2018-10-15,36.86,36.3,35.396,40.3206,,UP,1
2018-10-16,38.96,37.3,36.042,40.368,,DOWN,0
2018-10-17,37.91,39.1,36.916,40.3812,,DOWN,0
2018-10-18,36.78,37.95,37.362,40.376,,DOWN,0
2018-10-19,35.68,37.11,37.238,40.3238,,UP,1
2018-10-22,36.3,36.14,37.126,40.286,,DOWN,0
2018-10-23,35.53,35.23,36.44,40.2354,,DOWN,0
2018-10-24,34.02,35.55,35.662,40.1654,,UP,1
2018-10-25,35.75,34.6,35.456,40.1534,,DOWN,0
2018-10-26,33.75,34.49,35.07,40.0464,,UP,1
2018-10-29,34.17,34.7,34.644,39.924,,UP,1
2018-10-30,35.49,33.97,34.636,39.8374,,UP,1
2018-10-31,36.29,36.59,35.09,39.7746,,UP,1
2018-11-01,38.96,36.3,35.732,39.7194,,UP,1
2018-11-02,39.42,39.26,36.866,39.6568,,UP,1
2018-11-05,39.77,39.84,37.986,39.5636,,UP,1
2018-11-06,40.97,39.81,39.082,39.4378,,UP,1
2018-11-07,41.0,41.07,40.024,39.3178,,UP,1
2018-11-08,41.74,41.25,40.58,39.2094,,DOWN,0
2018-11-09,40.71,41.74,40.838,39.1456,,DOWN,0
2018-11-12,39.34,40.52,40.752,39.0766,,UP,1
2018-11-13,40.32,39.27,40.622,38.9978,,DOWN,0
2018-11-14,40.09,41.0,40.44,38.9182,,UP,1
2018-11-15,40.99,40.03,40.29,38.9006,,DOWN,0
2018-11-16,37.65,40.26,39.678,38.7326,,DOWN,0
2018-11-19,33.1,37.6,38.43,38.4794,,DOWN,0
2018-11-20,32.25,31.28,36.816,38.2654,,UP,1
2018-11-21,33.48,32.95,35.494,38.0814,,UP,1
2018-11-23,33.85,33.11,34.066,37.9096,,UP,1
2018-11-26,34.68,34.46,33.472,37.7504,,DOWN,0
2018-11-27,34.61,34.25,33.774,37.6374,,UP,1
2018-11-28,36.9,35.16,34.704,37.5804,,UP,1
2018-11-29,37.56,36.58,35.52,37.575,,UP,1
2018-11-30,39.26,37.72,36.602,37.5838,,DOWN,0
2018-12-03,39.12,40.99,37.49,37.5636,,DOWN,0
2018-12-04,37.21,38.84,38.01,37.4792,,UP,1
2018-12-06,42.98,38.3,39.226,37.486,,DOWN,0
2018-12-07,40.39,42.61,39.792,37.4544,,UP,1
2018-12-10,40.6,39.3,40.06,37.4342,,DOWN,0
2018-12-11,39.76,41.25,40.188,37.4138,,UP,1
2018-12-12,41.22,40.75,40.99,37.4396,,UP,1
2018-12-13,41.86,41.33,40.766,37.5362,,UP,1
2018-12-14,42.47,41.11,41.182,37.6214,,DOWN,0
2018-12-17,38.27,41.9,40.716,37.6306,,UP,1
2018-12-18,39.6,38.26,40.684,37.6818,,DOWN,0
2018-12-19,39.33,39.53,40.306,37.7414,,DOWN,0
2018-12-20,37.23,39.25,39.38,37.7714,,DOWN,0
2018-12-21,34.96,37.5,37.878,37.7998,,UP,1
2018-12-24,35.55,34.41,37.334,37.8198,,UP,1
2018-12-26,39.13,35.95,37.24,37.8764,,UP,1
2018-12-27,40.17,38.18,37.408,37.9426,,DOWN,0
2018-12-28,39.8,40.14,37.922,37.9594,35.7354,DOWN,0
2018-12-31,39.21,40.24,38.772,37.9854,35.8514,UP,1
2019-01-02,39.81,38.39,39.624,38.046,35.8855,DOWN,0
2019-01-03,39.32,38.95,39.662,38.1188,35.9426,UP,1
2019-01-04,41.77,40.16,39.982,38.2282,35.9995,UP,1
2019-01-07,43.56,41.97,40.734,38.3888,36.0619,UP,1
2019-01-08,43.98,44.0,41.688,38.588,36.1327,UP,1
2019-01-09,44.88,43.68,42.702,38.7706,36.2099,UP,1
2019-01-10,45.41,43.97,43.92,39.0038,36.2978,DOWN,0
2019-01-11,45.2,44.91,44.606,39.2244,36.3851,DOWN,0
2019-01-14,45.01,44.51,44.896,39.4148,36.4725,UP,1
2019-01-15,45.32,43.32,45.164,39.5954,36.5587,DOWN,0
2019-01-16,44.15,45.5,45.018,39.6992,36.6442,UP,1
2019-01-17,44.84,44.16,44.904,39.8076,36.7344,UP,1
2019-01-18,45.35,45.39,44.934,39.9192,36.8213,DOWN,0
2019-01-22,44.59,45.1,44.85,39.9916,36.9016,UP,1
2019-01-23,45.05,45.0,44.796,40.0726,36.9857,UP,1
2019-01-24,45.06,45.0,44.978,40.139,37.0783,UP,1
2019-01-25,45.89,45.57,45.188,40.2426,37.1674,DOWN,0
2019-01-28,45.59,44.97,45.236,40.3676,37.2568,DOWN,0
2019-01-29,45.17,45.7,45.352,40.4646,37.3429,UP,1
2019-01-30,45.52,45.56,45.446,40.5732,37.4331,UP,1
2019-01-31,48.37,45.37,46.108,40.7208,37.53,DOWN,0
2019-02-01,48.32,48.04,46.594,40.9342,37.6278,UP,1
2019-02-04,49.07,48.42,47.29,41.2536,37.7299,DOWN,0
2019-02-05,48.32,49.38,47.92,41.575,37.8314,DOWN,0
2019-02-06,47.75,48.0,48.366,41.8604,37.934,UP,1
2019-02-07,48.03,47.22,48.298,42.144,38.0399,UP,1
2019-02-08,48.46,47.22,48.326,42.4196,38.1465,UP,1
2019-02-11,48.59,48.91,48.23,42.6992,38.2489,UP,1
2019-02-12,50.1,49.13,48.586,42.9632,38.3561,DOWN,0
2019-02-13,49.0,50.46,48.836,43.192,38.4576,UP,1
2019-02-14,50.08,48.855,49.246,43.4084,38.5585,UP,1
2019-02-15,50.11,50.4,49.576,43.6282,38.6634,DOWN,0
2019-02-19,49.99,50.18,49.856,43.8838,38.7636,DOWN,0
2019-02-20,49.83,50.18,49.802,44.0208,38.8749,DOWN,0
2019-02-21,49.67,50.04,49.936,44.2064,38.984,UP,1
2019-02-22,49.78,50.06,49.876,44.39,39.0946,UP,1
2019-02-25,49.93,50.3,49.84,44.5934,39.2066,UP,1
2019-02-26,50.0,50.03,49.842,44.769,39.3174,UP,1
2019-02-27,50.72,50.27,50.02,44.9462,39.4301,DOWN,0
2019-02-28,49.68,51.0,50.022,45.0904,39.5319,UP,1
2019-03-01,60.57,57.49,52.18,45.5364,39.6924,DOWN,0
2019-03-04,58.03,60.61,53.8,45.905,39.8455,DOWN,0
2019-03-05,57.53,57.0,55.306,46.269,39.9977,UP,1
2019-03-06,58.27,57.4,56.816,46.6898,40.1521,UP,1
2019-03-07,59.18,58.25,58.716,47.1742,40.3116,UP,1
2019-03-08,60.54,58.23,58.71,47.674,40.4772,UP,1
2019-03-11,63.34,60.8,59.772,48.1582,40.6584,UP,1
2019-03-12,63.65,63.35,60.996,48.6278,40.8439,UP,1
2019-03-13,64.8,64.0,62.302,49.1278,41.0351,UP,1
2019-03-14,66.94,65.0,63.854,49.6824,41.2451,UP,1
2019-03-15,67.19,67.23,65.184,50.23,41.4529,UP,1
2019-03-18,67.28,67.39,65.972,50.7892,41.6618,UP,1
2019-03-19,67.91,68.0,66.824,51.312,41.87,DOWN,0
2019-03-20,67.49,67.74,67.362,51.7906,42.0666,UP,1
2019-03-21,69.92,67.01,67.958,52.3094,42.2701,DOWN,0
2019-03-22,66.01,69.9,67.722,52.732,42.4495,UP,1
2019-03-25,67.81,65.55,67.828,53.18,42.6353,UP,1
2019-03-26,71.03,68.67,68.452,53.6966,42.8015,DOWN,0
2019-03-27,69.75,71.11,68.904,54.1914,42.9476,UP,1
2019-03-28,71.05,69.98,69.13,54.706,43.0966,DOWN,0
2019-03-29,70.93,71.39,70.114,55.2416,43.2566,DOWN,0
2019-04-01,70.74,72.0,70.7,55.7596,43.4162,UP,1
2019-04-02,70.91,70.93,70.676,56.2708,43.5738,DOWN,0
2019-04-03,69.34,71.3,70.594,56.7658,43.7155,DOWN,0
2019-04-04,63.28,69.71,69.04,57.1304,43.8299,DOWN,0
2019-04-05,63.14,63.5,67.482,57.492,43.9498,UP,1
2019-04-08,63.47,62.81,66.028,57.8436,44.0777,UP,1
2019-04-09,64.94,64.71,64.834,58.2306,44.2264,UP,1
2019-04-10,68.44,64.75,64.654,58.696,44.3854,DOWN,0
2019-04-11,67.75,68.23,65.548,59.1406,44.5424,DOWN,0
2019-04-12,66.64,68.31,66.248,59.506,44.6962,UP,1
2019-04-15,67.04,66.59,66.962,59.8804,44.8584,DOWN,0
2019-04-16,66.26,67.3,67.226,60.2242,45.0131,DOWN,0
2019-04-17,62.43,66.44,66.024,60.5064,45.1465,UP,1
2019-04-18,62.73,62.27,65.02,60.806,45.2748,UP,1
2019-04-22,64.26,62.5,64.544,61.1306,45.4139,UP,1
2019-04-23,65.42,65.0,64.22,61.4698,45.5577,DOWN,0
2019-04-24,64.99,65.93,63.966,61.7978,45.6926,UP,1
2019-04-25,66.96,65.85,64.872,62.135,45.828,DOWN,0
2019-04-26,66.94,66.77,65.714,62.4938,45.97,UP,1
2019-04-29,68.2,66.87,66.502,62.8562,46.1154,UP,1
2019-04-30,68.31,67.96,67.08,63.2202,46.2543,DOWN,0
2019-05-01,66.17,68.98,67.316,63.5438,46.3864,DOWN,0
2019-05-02,65.67,65.88,67.058,63.8606,46.5092,UP,1
2019-05-03,67.4,66.32,67.15,64.2152,46.6368,UP,1
2019-05-06,69.5,65.01,67.41,64.6096,46.7759,DOWN,0
2019-05-07,66.36,68.89,67.02,64.9382,46.9058,UP,1
2019-05-08,67.61,66.33,67.308,65.2904,47.0449,UP,1
2019-05-09,68.62,66.91,67.898,65.6484,47.1811,UP,1
2019-05-10,73.55,68.76,69.128,66.1258,47.3498,DOWN,0
2019-05-13,68.09,71.62,68.846,66.2762,47.4841,UP,1
2019-05-14,72.05,69.97,69.984,66.5566,47.646,UP,1
2019-05-15,75.02,71.65,71.466,66.9064,47.8342,UP,1
2019-05-16,78.66,75.13,73.474,67.3142,48.0464,UP,1
2019-05-17,78.79,77.68,74.522,67.7064,48.2638,DOWN,0
2019-05-20,76.64,77.6,76.232,68.0284,48.4667,DOWN,0
2019-05-21,76.09,77.53,77.04,68.2834,48.662,DOWN,0
2019-05-22,75.89,75.31,77.214,68.5282,48.8548,DOWN,0
2019-05-23,73.45,75.25,76.172,68.7012,49.0391,UP,1
2019-05-24,73.76,74.11,75.166,68.8376,49.2217,UP,1
2019-05-28,74.24,74.58,74.686,68.9786,49.4077,DOWN,0
2019-05-29,71.15,72.88,73.698,69.056,49.572,UP,1
2019-05-30,72.99,71.84,73.118,69.1576,49.746,DOWN,0
2019-05-31,68.63,71.98,72.154,69.1804,49.8988,DOWN,0
2019-06-03,66.9,68.66,70.782,69.12,50.0457,UP,1
2019-06-04,71.96,68.0,70.326,69.239,50.2238,UP,1
2019-06-05,72.45,72.97,70.586,69.3318,50.3905,DOWN,0
2019-06-06,72.33,72.5,70.454,69.3578,50.5507,UP,1
2019-06-07,75.51,72.5,71.83,69.473,50.7292,UP,1
2019-06-10,76.92,76.76,73.834,69.5904,50.9166,DOWN,0
2019-06-11,75.83,77.18,74.608,69.6884,51.0872,UP,1
2019-06-12,77.17,76.0,75.552,69.817,51.2603,UP,1
2019-06-13,79.72,77.39,77.03,69.9932,51.4367,DOWN,0
2019-06-14,77.67,79.7,77.462,70.1598,51.5888,DOWN,0
2019-06-17,76.74,78.43,77.426,70.429,51.7375,UP,1
2019-06-18,78.0,77.92,77.86,70.7262,51.8917,UP,1
2019-06-19,79.88,78.63,78.402,71.0544,52.0716,DOWN,0
2019-06-20,79.18,80.8,78.294,71.3392,52.2535,DOWN,0
2019-06-21,77.24,78.89,78.208,71.5152,52.4184,DOWN,0
2019-06-24,75.46,77.72,77.952,71.6694,52.5754,DOWN,0
2019-06-25,73.82,75.48,77.116,71.813,52.7351,UP,1
2019-06-26,74.3,74.85,76.0,71.9582,52.8764,UP,1
2019-06-27,77.5,75.96,75.664,72.183,53.0351,DOWN,0
2019-06-28,76.64,78.01,75.544,72.4672,53.2035,DOWN,0
2019-07-01,76.61,78.23,75.774,72.7448,53.3732,UP,1
2019-07-02,78.96,76.83,76.802,73.0388,53.5557,UP,1
2019-07-03,80.64,79.16,78.07,73.3432,53.7457,UP,1
2019-07-05,83.06,80.53,79.182,73.7046,53.9597,UP,1
2019-07-08,83.79,82.57,80.612,74.0412,54.1799,UP,1
2019-07-09,84.31,83.01,82.152,74.3886,54.4123,DOWN,0
2019-07-10,83.29,84.62,83.018,74.6904,54.6347,DOWN,0
2019-07-11,82.28,83.85,83.346,74.9698,54.8455,DOWN,0
2019-07-12,81.87,82.4,83.108,75.2838,55.0477,UP,1
2019-07-15,83.79,82.44,83.108,75.6462,55.2534,DOWN,0
2019-07-16,82.59,83.88,82.764,75.95,55.4565,DOWN,0
2019-07-17,82.0,82.95,82.506,76.2,55.6585,UP,1
2019-07-18,82.38,81.83,82.526,76.5204,55.8665,UP,1
2019-07-19,82.68,83.79,82.688,76.8218,56.0802,UP,1
2019-07-22,84.0,83.25,82.73,77.1294,56.3151,DOWN,0
2019-07-23,84.0,85.0,83.012,77.3384,56.544,UP,1
2019-07-24,86.69,83.81,83.95,77.7104,56.7884,DOWN,0
2019-07-25,86.42,86.51,84.758,77.9978,57.0353,UP,1
2019-07-26,88.21,87.0,85.864,78.2616,57.2946,DOWN,0
2019-07-29,85.57,88.5,86.178,78.3998,57.5438,DOWN,0
2019-07-30,84.68,84.7,86.314,78.5176,57.7995,DOWN,0
2019-07-31,84.27,85.2,85.83,78.6702,58.0481,UP,1
2019-08-01,85.26,84.83,85.598,78.8536,58.2929,DOWN,0
2019-08-02,83.48,84.14,84.652,79.0054,58.526,DOWN,0
2019-08-05,78.17,80.0,83.172,79.0998,58.7221,UP,1
2019-08-06,79.94,79.91,82.224,79.2234,58.9322,UP,1
2019-08-07,81.22,79.0,81.614,79.363,59.1544,UP,1
2019-08-08,84.72,82.88,81.506,79.6344,59.3996,UP,1
2019-08-09,85.18,84.39,81.846,79.8782,59.644,DOWN,0
2019-08-12,83.21,84.7,82.854,80.1698,59.8824,UP,1
2019-08-13,85.04,83.03,83.874,80.5326,60.1375,DOWN,0
2019-08-14,81.5,83.36,83.93,80.7234,60.3663,DOWN,0
2019-08-15,79.18,82.26,82.822,80.858,60.5934,UP,1
2019-08-16,80.91,80.0,81.968,81.0296,60.8271,DOWN,0
2019-08-19,71.8,80.28,79.686,80.9554,61.0087,DOWN,0
2019-08-20,70.8,71.5,76.838,80.833,61.1812,UP,1
2019-08-21,72.99,71.56,75.136,80.7762,61.3514,DOWN,0
2019-08-22,72.54,73.65,73.808,80.6836,61.517,DOWN,0
2019-08-23,71.28,72.5,71.882,80.5148,61.6745,UP,1
2019-08-26,71.78,72.1,71.878,80.397,61.8286,DOWN,0
2019-08-27,71.46,72.38,72.01,80.2914,61.9809,DOWN,0
2019-08-28,69.16,70.92,71.244,80.1146,62.118,UP,1
2019-08-29,70.51,70.2,70.838,79.9272,62.267,DOWN,0
2019-08-30,68.74,70.89,70.33,79.7184,62.414,DOWN,0
2019-09-03,65.67,68.09,69.108,79.487,62.5407,UP,1
2019-09-04,67.91,66.52,68.398,79.336,62.6798,DOWN,0
2019-09-05,66.98,68.94,67.962,79.1992,62.8098,DOWN,0
2019-09-06,64.05,65.86,66.67,78.9942,62.9418,DOWN,0
2019-09-09,62.02,64.31,65.326,78.6846,63.0864,DOWN,0
2019-09-10,61.6,60.94,64.512,78.3838,63.2331,DOWN,0
2019-09-11,49.67,48.36,60.864,77.845,63.3141,DOWN,0
2019-09-12,49.59,50.7,57.386,77.2576,63.3928,DOWN,0
2019-09-13,47.48,49.34,54.072,76.5944,63.4568,UP,1
2019-09-16,47.62,47.02,51.192,75.8856,63.5218,UP,1
2019-09-17,50.64,48.05,49.0,75.2226,63.5905,UP,1
2019-09-18,51.95,50.75,49.456,74.5754,63.6625,DOWN,0
2019-09-19,50.35,52.16,49.608,73.9166,63.7179,UP,1
2019-09-20,51.45,50.67,50.402,73.3,63.7796,DOWN,0
2019-09-23,50.32,51.2,50.942,72.669,63.8451,DOWN,0
2019-09-24,49.23,51.45,50.66,71.9778,63.8764,DOWN,0
2019-09-25,48.89,48.87,50.048,71.3038,63.9189,DOWN,0
2019-09-26,48.77,49.2,49.732,70.6392,63.9597,DOWN,0
2019-09-27,46.99,48.86,48.84,69.9314,63.9959,UP,1
2019-09-30,47.26,46.87,48.228,69.223,64.0261,DOWN,0
2019-10-01,47.02,47.4,47.786,68.4834,64.0519,DOWN,0
2019-10-02,46.94,46.46,47.396,67.7422,64.0742,UP,1
2019-10-03,48.97,47.6,47.436,66.9878,64.1277,UP,1
2019-10-04,49.21,49.31,47.88,66.2436,64.1758,UP,1
2019-10-07,49.88,49.37,48.404,65.477,64.2285,DOWN,0
2019-10-08,46.9,49.36,48.38,64.7036,64.2769,UP,1
2019-10-09,48.22,47.37,48.636,63.9744,64.3432,DOWN,0
2019-10-10,47.3,48.17,48.302,63.235,64.4019,UP,1
2019-10-11,48.12,47.88,48.084,62.4922,64.4469,DOWN,0
2019-10-14,47.5,48.15,47.608,61.7726,64.4835,DOWN,0
2019-10-15,46.385,47.59,47.505,61.1369,64.5164,DOWN,0
2019-10-16,45.65,45.1,46.991,60.4511,64.5486,DOWN,0
2019-10-17,45.15,45.73,46.561,59.7297,64.5753,DOWN,0
2019-10-18,42.84,44.89,45.505,58.8921,64.5929,DOWN,0
2019-10-21,42.17,42.87,44.439,58.0319,64.5949,DOWN,0
2019-10-22,40.75,42.6,43.312,57.1827,64.5809,UP,1
2019-10-23,41.09,40.21,42.4,56.3037,64.5664,UP,1
2019-10-24,43.33,41.66,42.036,55.5403,64.5587,DOWN,0
2019-10-25,42.86,43.38,42.04,54.8139,64.5459,DOWN,0
2019-10-28,42.41,43.34,42.088,54.0439,64.532,UP,1
2019-10-29,43.12,42.66,42.562,53.4703,64.5225,UP,1
2019-10-30,45.16,43.7,43.376,52.9575,64.5217,DOWN,0
2019-10-31,43.98,45.3,43.506,52.3773,64.5209,UP,1
2019-11-01,45.0,44.0,43.934,51.8265,64.5217,DOWN,0
2019-11-04,44.36,45.21,44.324,51.2881,64.5167,UP,1
2019-11-05,44.43,44.7,44.586,50.7411,64.5159,DOWN,0
2019-11-06,43.91,44.89,44.336,50.1901,64.5102,DOWN,0
2019-11-07,42.55,44.5,44.05,49.6579,64.4977,UP,1
2019-11-08,43.9,42.55,43.83,49.1257,64.4877,UP,1
2019-11-11,44.07,43.8,43.772,48.6323,64.4801,UP,1
2019-11-12,44.77,44.6,43.84,48.2143,64.4781,UP,1
2019-11-13,44.82,44.81,44.022,47.7525,64.4746,UP,1
2019-11-14,45.32,44.83,44.576,47.3193,64.4594,UP,1
2019-11-15,45.83,45.6,44.962,46.9549,64.4469,DOWN,0
2019-11-18,44.51,46.0,45.05,46.6047,64.4241,UP,1
2019-11-19,46.22,45.24,45.34,46.2971,64.4136,UP,1
2019-11-20,46.6,46.55,45.696,46.2357,64.4079,DOWN,0
2019-11-21,45.42,46.77,45.716,46.1523,64.3948,UP,1
2019-11-22,46.32,45.96,45.814,46.1291,64.3841,UP,1
2019-11-25,50.39,48.16,46.99,46.1845,64.3931,UP,1
2019-11-26,51.66,50.32,48.078,46.2049,64.4009,UP,1
2019-11-27,52.06,52.0,49.17,46.2071,64.4162,UP,1
2019-11-29,52.13,52.04,50.512,46.2427,64.4265,DOWN,0
2019-12-02,51.07,52.07,51.462,46.2351,64.4313,UP,1
2019-12-03,52.8,49.3,51.944,46.2847,64.4453,DOWN,0
2019-12-04,49.85,48.74,51.582,46.2971,64.4454,DOWN,0
2019-12-05,48.11,49.8,50.792,46.2815,64.4376,DOWN,0
2019-12-06,46.7,48.39,49.706,46.2401,64.4222,UP,1
2019-12-09,47.3,46.5,48.952,46.2463,64.4091,DOWN,0
2019-12-10,46.13,47.0,47.618,46.2237,64.3897,DOWN,0
2019-12-11,45.2,46.28,46.688,46.1873,64.3621,DOWN,0
2019-12-12,45.19,45.13,46.104,46.1523,64.3397,UP,1
2019-12-13,45.98,45.23,45.96,46.0925,64.2667,UP,1
2019-12-16,46.96,46.05,45.892,46.0475,64.2114,DOWN,0
2019-12-17,46.52,46.13,45.97,45.9803,64.1563,UP,1
2019-12-18,47.24,46.62,46.378,45.9871,64.1012,UP,1
2019-12-19,47.91,47.03,46.922,45.9809,64.0448,UP,1
2019-12-20,49.13,48.06,47.552,46.0175,63.9878,DOWN,0
2019-12-23,48.17,49.2,47.794,46.0185,63.9119,DOWN,0
2019-12-24,47.74,48.4,48.038,46.0233,63.8324,UP,1
2019-12-26,48.16,48.0,48.222,46.0588,63.7492,DOWN,0
2019-12-27,47.61,48.5,48.162,46.098,63.6525,DOWN,0
2019-12-30,46.5,47.25,47.636,46.125,63.5491,DOWN,0
2019-12-31,46.5,46.11,47.302,46.1982,63.4452,UP,1
2020-01-02,47.33,46.87,47.22,46.3014,63.3423,UP,1
2020-01-03,47.38,46.62,47.064,46.434,63.2417,UP,1
2020-01-06,48.7,46.9,47.282,46.5862,63.1356,DOWN,0
2020-01-07,48.4,49.04,47.662,46.6876,63.0476,UP,1
2020-01-08,50.75,48.14,48.512,46.8454,62.9623,UP,1
2020-01-09,54.0,51.16,49.846,47.0772,62.8771,UP,1
2020-01-10,55.0,54.0,51.37,47.3148,62.8034,UP,1
2020-01-13,59.62,55.5,53.554,47.604,62.7462,DOWN,0
2020-01-14,59.54,59.61,55.782,47.9152,62.6893,UP,1
2020-01-15,59.99,58.81,57.63,48.215,62.6355,UP,1
2020-01-16,61.82,60.01,59.194,48.5642,62.5901,DOWN,0
2020-01-17,59.43,62.0,60.08,48.8642,62.5405,UP,1
2020-01-21,60.51,59.29,60.258,49.1962,62.5267,DOWN,0
2020-01-22,59.92,61.12,60.334,49.5436,62.5106,DOWN,0
2020-01-23,59.31,59.99,60.198,49.8518,62.4898,DOWN,0
2020-01-24,57.8,59.7,59.394,50.1264,62.4541,DOWN,0
2020-01-27,56.04,55.55,58.716,50.3518,62.3921,UP,1
2020-01-28,56.5,56.52,57.914,50.5854,62.3358,UP,1
2020-01-29,57.13,56.93,57.356,50.8216,62.2883,UP,1
2020-01-30,57.69,56.91,57.032,51.0588,62.2415,DOWN,0
2020-01-31,56.09,57.75,56.69,51.2904,62.1907,UP,1
2020-02-03,56.82,56.56,56.846,51.5024,62.1626,UP,1
2020-02-04,58.88,58.19,57.322,51.748,62.1434,DOWN,0
2020-02-05,58.51,60.0,57.598,52.0098,62.1146,DOWN,0
2020-02-06,58.4,59.0,57.74,52.2514,62.0795,UP,1
2020-02-07,58.97,58.38,58.316,52.423,62.0494,UP,1
2020-02-10,60.84,59.05,59.12,52.6066,62.0188,UP,1
2020-02-11,60.92,61.26,59.528,52.7838,61.9887,DOWN,0
2020-02-12,60.48,61.22,59.922,52.9508,61.9501,UP,1
2020-02-13,61.9,60.09,60.622,53.1674,61.9181,UP,1
2020-02-14,62.11,62.16,61.25,53.3536,61.8978,UP,1
2020-02-18,63.86,62.0,61.854,53.6338,61.8887,UP,1
2020-02-19,65.17,64.64,62.704,53.975,61.8776,UP,1
2020-02-20,65.18,65.47,63.644,54.3446,61.856,DOWN,0
2020-02-21,54.51,56.715,62.166,54.4888,61.7967,DOWN,0
2020-02-24,51.86,50.17,60.116,54.6034,61.718,DOWN,0
2020-02-25,50.41,52.78,57.426,54.7076,61.6269,UP,1
2020-02-26,51.33,51.0,54.658,54.8304,61.5158,DOWN,0
2020-02-27,49.74,49.99,51.57,54.9056,61.4241,UP,1
2020-02-28,51.99,48.145,51.066,55.0062,61.3238,UP,1
2020-03-02,52.78,52.81,51.25,55.1314,61.2126,DOWN,0
2020-03-03,51.33,52.66,51.434,55.2132,61.0759,UP,1
2020-03-04,53.39,52.39,51.846,55.3228,60.9489,DOWN,0
2020-03-05,53.36,52.62,52.57,55.4074,60.8325,DOWN,0
2020-03-06,49.39,53.0,52.05,55.4318,60.699,DOWN,0
2020-03-09,43.94,44.95,50.282,55.3558,60.5393,UP,1
2020-03-10,47.01,46.15,49.418,55.3328,60.4071,DOWN,0
2020-03-11,42.88,45.79,47.316,55.2382,60.2527,DOWN,0
2020-03-12,39.5,37.5,44.544,55.0982,60.079,UP,1
2020-03-13,41.89,41.96,43.044,55.006,59.9327,DOWN,0
2020-03-16,41.82,37.0,42.62,54.8958,59.7768,UP,1
2020-03-17,46.86,40.97,42.59,54.8854,59.668,UP,1
2020-03-18,50.17,44.0,44.048,54.9148,59.5843,UP,1
2020-03-19,51.805,50.0,46.509,54.9829,59.4835,UP,1
2020-03-20,53.64,52.54,48.859,55.0407,59.3895,UP,1
2020-03-23,58.03,53.36,52.101,55.1213,59.318,UP,1
2020-03-24,62.14,58.55,55.157,55.2641,59.2511,DOWN,0
2020-03-25,59.13,61.93,56.949,55.2543,59.1622,UP,1
2020-03-26,60.55,60.29,58.698,55.2745,59.0858,DOWN,0
2020-03-27,58.63,59.54,59.696,55.2473,58.9931,UP,1
2020-03-30,58.84,59.16,59.858,55.1877,58.8887,UP,1
2020-03-31,60.86,58.5,59.602,55.2163,58.8046,UP,1
2020-04-01,61.99,59.25,60.174,55.2459,58.7309,DOWN,0
2020-04-02,61.18,61.65,60.3,55.2711,58.6468,UP,1
2020-04-03,63.4,61.0,61.254,55.3529,58.5644,DOWN,0
2020-04-06,63.31,64.76,62.148,55.4631,58.485,DOWN,0
2020-04-07,62.36,62.84,62.448,55.5895,58.4106,UP,1
2020-04-08,64.93,62.43,63.036,55.7581,58.358,DOWN,0
2020-04-09,62.59,64.18,63.318,55.8673,58.3019,DOWN,0
2020-04-13,62.17,64.01,63.072,55.9569,58.2412,UP,1
2020-04-14,66.48,63.35,63.706,56.1647,58.1861,UP,1
2020-04-15,69.96,65.95,65.226,56.4275,58.1527,UP,1
2020-04-16,70.37,70.7,66.314,56.6573,58.1215,DOWN,0
2020-04-17,68.0,70.41,67.396,56.8471,58.0667,UP,1
2020-04-20,70.51,68.34,69.064,57.0893,58.0161,DOWN,0
2020-04-21,65.18,70.78,68.804,57.2135,57.9267,UP,1
2020-04-22,66.91,67.1,68.194,57.3349,57.8423,DOWN,0
2020-04-23,66.24,66.0,67.368,57.4413,57.7519,UP,1
2020-04-24,67.5,66.6,67.268,57.5817,57.673,UP,1
2020-04-27,70.47,68.505,67.26,57.7531,57.6139,DOWN,0
2020-04-28,66.72,71.0,67.568,57.8453,57.5381,DOWN,0
2020-04-29,66.63,66.71,67.512,57.9007,57.4523,UP,1
2020-04-30,67.08,66.97,67.68,57.9389,57.3748,DOWN,0
2020-05-01,66.85,66.23,67.55,57.9723,57.299,UP,1
2020-05-04,69.08,66.61,67.272,58.2637,57.2325,UP,1
2020-05-05,71.23,70.0,68.174,58.6511,57.1753,UP,1
2020-05-06,72.54,71.84,69.356,59.0937,57.118,UP,1
2020-05-07,74.88,73.5,70.916,59.5647,57.0724,DOWN,0
2020-05-08,74.02,75.15,72.35,60.0503,57.009,UP,1
2020-05-11,76.96,73.99,73.926,60.5497,56.9617,DOWN,0
2020-05-12,76.45,77.5,74.97,61.0231,56.9029,DOWN,0
2020-05-13,75.16,76.95,75.494,61.4997,56.8509,UP,1
2020-05-14,75.62,73.72,75.642,61.9443,56.8056,UP,1
2020-05-15,76.39,75.48,76.116,62.4049,56.7662,DOWN,0
2020-05-18,73.81,77.87,75.486,62.8933,56.7089,UP,1
2020-05-19,75.24,75.0,75.244,63.5193,56.6677,UP,1
2020-05-20,77.06,76.83,75.624,64.1203,56.6622,DOWN,0
2020-05-21,75.63,77.63,75.626,64.7753,56.6406,UP,1
2020-05-22,76.94,76.67,75.736,65.5241,56.6192,DOWN,0
2020-05-26,76.52,79.0,76.278,66.2167,56.5782,DOWN,0
2020-05-27,74.53,76.86,76.136,66.8709,56.525,UP,1
2020-05-28,75.8,74.7,75.884,67.4497,56.4879,UP,1
2020-05-29,98.09,87.08,80.376,68.4081,56.5532,UP,1
2020-06-01,109.98,96.8,86.984,69.5716,56.6956,DOWN,0
2020-06-02,106.17,108.05,92.914,70.6222,56.8305,UP,1
2020-06-03,107.41,105.54,99.49,71.6098,56.963,DOWN,0
2020-06-04,103.05,106.51,104.94,72.428,57.1193,DOWN,0
2020-06-05,99.31,100.38,105.184,73.2316,57.2618,UP,1
2020-06-08,102.74,99.24,103.736,74.0754,57.4106,UP,1
2020-06-09,103.59,103.22,103.22,74.9746,57.5658,UP,1
2020-06-10,105.72,105.09,102.882,75.9122,57.738,DOWN,0
2020-06-11,102.68,104.48,102.808,76.7486,57.8925,DOWN,0
2020-06-12,102.47,104.81,103.44,77.5582,58.0476,UP,1
2020-06-15,104.52,101.95,103.796,78.425,58.2244,DOWN,0
2020-06-16,102.81,99.86,103.64,79.2132,58.3859,UP,1
2020-06-17,106.18,103.18,103.732,80.0706,58.5731,UP,1
2020-06-18,113.05,108.91,105.806,81.0844,58.81,DOWN,0
2020-06-19,108.57,114.8,107.026,81.9572,59.0133,UP,1
2020-06-22,109.67,110.29,108.056,82.8988,59.2267,UP,1
2020-06-23,110.31,109.6,109.556,83.8616,59.458,DOWN,0
2020-06-24,108.26,111.0,109.972,84.6972,59.6892,UP,1
2020-06-25,111.61,109.89,109.684,85.5302,59.9393,DOWN,0
2020-06-26,106.0,112.6,109.17,86.2428,60.2209,DOWN,0
2020-06-29,105.39,106.86,108.314,86.9906,60.4999,UP,1
2020-06-30,109.5,106.24,108.152,87.7704,60.81,UP,1
2020-07-01,111.51,109.3,108.802,88.697,61.1295,DOWN,0
2020-07-02,110.21,112.26,108.522,89.563,61.4273,UP,1
2020-07-06,114.78,113.02,110.278,90.5338,61.7415,DOWN,0
2020-07-07,113.84,115.98,111.968,91.4606,62.0589,UP,1
2020-07-08,120.85,115.68,114.238,92.4682,62.4059,UP,1
2020-07-09,127.41,122.1,117.418,93.682,62.7914,DOWN,0
2020-07-10,125.49,126.51,120.474,94.8592,63.1727,DOWN,0
2020-07-13,119.91,126.11,121.5,95.9158,63.5278,UP,1
2020-07-14,122.43,119.0,123.218,97.0274,63.8961,DOWN,0
2020-07-15,119.84,122.5,123.016,98.0426,64.2603,DOWN,0
2020-07-16,117.15,118.75,120.964,98.961,64.6098,UP,1
2020-07-17,120.31,118.25,119.928,99.9164,64.9762,UP,1
2020-07-20,127.6,121.2,121.466,100.9708,65.3795,DOWN,0
2020-07-21,125.47,127.45,122.074,101.9998,65.762,DOWN,0
2020-07-22,125.11,126.59,123.128,102.9628,66.1415,DOWN,0
2020-07-23,123.46,125.26,124.39,103.903,66.5094,DOWN,0
2020-07-24,121.72,121.24,124.672,104.8342,66.8835,UP,1
2020-07-27,124.87,123.68,124.126,105.8192,67.2668,DOWN,0
2020-07-28,124.38,124.59,123.908,106.779,67.6522,UP,1
2020-07-29,126.97,126.26,124.28,107.8422,68.0464,UP,1
2020-07-30,129.29,127.36,125.446,108.9232,68.4554,UP,1
2020-07-31,129.85,131.01,127.072,109.979,68.8727,UP,1
2020-08-03,132.58,131.05,128.614,111.118,69.3074,DOWN,0
2020-08-04,132.49,132.48,130.236,112.229,69.7441,UP,1
2020-08-05,134.53,132.49,131.748,113.3892,70.2025,DOWN,0
2020-08-06,132.28,135.85,132.346,114.5442,70.6531,DOWN,0
2020-08-07,125.85,131.33,131.546,115.5452,71.0786,DOWN,0
2020-08-10,122.39,125.85,129.508,116.0312,71.4851,DOWN,0
2020-08-11,117.51,119.5,126.512,116.1818,71.856,UP,1
2020-08-12,119.34,118.96,123.474,116.4452,72.2384,UP,1
2020-08-13,122.07,121.0,121.432,116.7384,72.6367,UP,1
2020-08-14,122.89,124.2,120.84,117.1352,73.0355,UP,1
2020-08-17,124.49,124.64,121.26,117.6388,73.4322,UP,1
2020-08-18,127.97,125.71,123.352,118.1434,73.8521,UP,1
2020-08-19,128.26,129.13,125.136,118.6368,74.2684,UP,1
2020-08-20,136.42,129.0,128.006,119.2508,74.7287,DOWN,0
2020-08-21,135.22,136.42,130.472,119.9016,75.1827,UP,1
2020-08-24,135.74,137.02,132.722,120.567,75.6418,DOWN,0
2020-08-25,135.63,135.61,134.254,121.1892,76.1072,UP,1
2020-08-26,140.0,137.5,136.602,121.933,76.5877,DOWN,0
2020-08-27,138.76,141.99,137.07,122.5846,77.0612,UP,1
2020-08-28,141.13,139.52,138.252,123.1462,77.543,UP,1
2020-08-31,143.34,141.99,139.772,123.8416,78.0356,UP,1
2020-09-01,159.36,147.6,144.518,124.8354,78.6058,DOWN,0
2020-09-02,158.52,162.99,148.222,125.7996,79.1692,DOWN,0
2020-09-03,143.45,150.81,149.16,126.5034,79.6639,DOWN,0
2020-09-04,134.34,140.0,147.802,126.958,80.1045,DOWN,0
2020-09-08,133.17,130.11,145.768,127.5014,80.5374,UP,1
2020-09-09,134.19,137.0,140.734,128.0774,80.9812,DOWN,0
2020-09-10,132.61,140.0,135.552,128.5396,81.4127,DOWN,0
2020-09-11,128.5,135.48,132.562,128.8794,81.8032,UP,1
2020-09-14,130.1,130.75,131.714,129.2772,82.1954,UP,1
2020-09-15,132.64,131.15,131.608,129.6344,82.5983,DOWN,0
2020-09-16,131.06,133.0,130.982,129.9788,82.993,DOWN,0
2020-09-17,127.21,127.0,129.902,130.106,83.3737,UP,1
2020-09-18,129.1,128.23,130.022,130.1398,83.7552,UP,1
2020-09-21,134.93,127.69,130.988,130.3286,84.1806,UP,1
2020-09-22,137.99,135.05,132.058,130.6902,84.63,DOWN,0
2020-09-23,135.61,137.0,132.968,130.9538,85.0745,DOWN,0
2020-09-24,134.56,134.97,134.438,131.2482,85.5108,UP,1
2020-09-25,138.27,135.04,136.272,131.6706,85.9715,UP,1
2020-09-28,138.42,139.08,136.97,132.0328,86.4376,UP,1
2020-09-29,140.49,138.79,137.47,132.2906,86.9141,UP,1
2020-09-30,140.69,139.47,138.486,132.595,87.3877,UP,1
2020-10-01,144.295,142.2,140.433,132.9787,87.8743,DOWN,0
2020-10-02,142.05,141.42,141.189,133.3505,88.352,UP,1
2020-10-05,145.31,143.01,142.567,133.8223,88.8423,UP,1
2020-10-06,145.51,145.0,143.571,134.2351,89.3303,UP,1
2020-10-07,147.68,147.16,144.969,134.7011,89.8231,DOWN,0
2020-10-08,147.66,149.35,145.642,135.1149,90.3205,UP,1
2020-10-09,151.96,148.0,147.624,135.5683,90.8416,DOWN,0
2020-10-12,151.15,153.0,148.792,135.9943,91.3566,UP,1
2020-10-13,154.42,153.1,150.574,136.4311,91.8906,UP,1
2020-10-14,155.09,155.52,152.056,136.8831,92.4336,DOWN,0
2020-10-15,154.97,152.41,153.518,137.2919,92.9759,DOWN,0
2020-10-16,154.85,155.66,154.096,137.7433,93.5135,DOWN,0
2020-10-19,153.17,156.0,154.5,138.2897,94.0425,DOWN,0
2020-10-20,150.8,153.0,153.776,138.8579,94.553,DOWN,0
2020-10-21,146.85,151.97,152.128,139.4447,95.0452,DOWN,0
2020-10-22,146.58,147.79,150.45,139.9895,95.5244,UP,1
2020-10-23,147.05,145.7,148.89,140.4891,95.9896,UP,1
2020-10-26,149.0,148.27,148.056,141.0113,96.4596,DOWN,0
2020-10-27,148.64,151.54,147.624,141.4943,96.9047,DOWN,0
2020-10-28,144.06,147.49,147.066,141.8161,97.3273,DOWN,0
2020-10-29,142.56,145.38,146.262,142.1021,97.7402,DOWN,0
2020-10-30,135.75,140.76,144.002,142.0887,98.1098,DOWN,0
2020-11-02,134.43,136.75,141.088,142.0729,98.4848,UP,1
2020-11-03,134.65,135.02,138.29,142.0511,98.8555,UP,1
2020-11-04,145.35,139.99,138.548,142.2455,99.2827,UP,1
2020-11-05,150.07,148.55,140.05,142.4469,99.7365,DOWN,0
2020-11-06,150.06,151.0,142.912,142.6729,100.1978,DOWN,0
2020-11-09,128.77,145.62,141.78,142.4257,100.5614,DOWN,0
2020-11-10,127.76,132.23,140.402,142.1141,100.9177,UP,1
2020-11-11,135.49,133.04,138.43,141.6367,101.3095,UP,1
2020-11-12,140.06,137.62,136.428,141.2675,101.7214,DOWN,0
2020-11-13,131.92,140.04,132.8,141.0369,102.1005,UP,1
2020-11-16,133.52,128.99,133.75,141.0205,102.484,UP,1
2020-11-17,136.64,135.08,135.526,141.0899,102.8728,DOWN,0
2020-11-18,135.38,136.99,135.504,141.1137,103.2572,UP,1
2020-11-19,138.54,136.15,135.2,141.2323,103.6579,UP,1
2020-11-20,143.01,139.99,137.418,141.5225,104.0781,UP,1
2020-11-23,143.04,142.39,139.322,141.7813,104.4891,DOWN,0
2020-11-24,141.19,143.4,140.232,141.9523,104.8904,UP,1
2020-11-25,146.94,145.11,142.544,142.2699,105.3227,UP,1
2020-11-27,149.74,150.0,144.784,142.7205,105.7619,UP,1
2020-11-30,155.75,151.68,147.332,143.2535,106.2301,DOWN,0
2020-12-01,151.68,155.51,149.06,143.5885,106.6692,DOWN,0
2020-12-02,146.79,149.0332,150.18,143.7645,107.0773,UP,1
2020-12-03,185.61,163.45,157.914,144.7645,107.6795,DOWN,0
2020-12-04,180.75,181.73,164.116,145.6883,108.3107,DOWN,0
2020-12-07,178.11,180.0,168.588,146.4851,108.9419,UP,1
2020-12-08,184.6,178.5,175.172,147.4087,109.6129,DOWN,0
2020-12-09,176.7,183.03,181.154,148.1329,110.2397,UP,1
2020-12-10,179.75,173.0,179.982,148.9141,110.8898,UP,1
2020-12-11,181.91,181.6,180.214,149.6664,111.5394,UP,1
2020-12-14,183.45,182.344,181.282,150.4944,112.1927,DOWN,0
2020-12-15,181.24,184.98,180.61,151.213,112.8423,UP,1
2020-12-16,184.03,180.92,182.076,151.9834,113.4955,UP,1
2020-12-17,187.76,186.0,183.678,152.785,114.1675,UP,1
2020-12-18,195.88,191.98,186.472,153.7494,114.8999,UP,1
2020-12-21,199.62,196.65,189.706,154.7026,115.6783,UP,1
2020-12-22,206.78,202.23,194.814,155.8152,116.4772,UP,1
2020-12-23,207.47,208.83,199.502,156.8762,117.3001,DOWN,0
2020-12-24,205.27,208.0,203.004,157.8798,118.129,DOWN,0
2020-12-28,199.37,207.48,203.702,158.7678,118.9164,DOWN,0
2020-12-29,197.84,198.51,203.346,159.6276,119.6965,UP,1
2020-12-30,201.31,198.8,202.252,160.5904,120.4687,DOWN,0
2020-12-31,199.71,202.25,200.7,161.5686,121.2164,DOWN,0
2021-01-04,196.09,199.72,198.864,162.5534,121.9379,DOWN,0
2021-01-05,193.48,192.37,197.686,163.4914,122.6371,DOWN,0
2021-01-06,184.42,187.53,195.002,164.2388,123.269,UP,1
2021-01-07,193.05,188.0953,193.35,165.1198,123.9236,UP,1
2021-01-08,197.37,196.75,192.882,166.0944,124.6148,UP,1
2021-01-11,198.7,196.99,193.404,167.1872,125.3055,UP,1
2021-01-12,205.9,201.14,195.888,168.454,126.0419,UP,1
2021-01-13,207.08,209.3,200.42,169.8806,126.7831,UP,1
2021-01-14,209.87,209.25,203.784,171.3894,127.5281,UP,1
2021-01-15,211.06,212.12,206.522,172.9176,128.2735,UP,1
2021-01-19,212.0,215.77,209.182,174.2506,129.0276,UP,1
2021-01-20,214.76,215.09,210.954,175.5444,129.7844,DOWN,0
2021-01-21,213.63,217.99,212.264,176.8158,130.536,UP,1
2021-01-22,217.36,211.9,213.762,178.5876,131.311,DOWN,0
2021-01-25,207.66,220.76,213.082,180.1856,132.0246,DOWN,0
2021-01-26,197.0,209.48,210.082,181.4158,132.6967,UP,1
2021-01-27,199.22,195.87,206.974,182.599,133.3819,UP,1
2021-01-28,206.28,199.33,205.504,184.0862,134.0809,DOWN,0
2021-01-29,199.7,204.99,201.972,185.4098,134.7296,UP,1
2021-02-01,204.47,202.52,201.334,186.7664,135.4001,UP,1
2021-02-02,216.71,207.06,205.276,188.393,136.1437,DOWN,0
2021-02-03,209.56,217.9,207.344,189.8134,136.8389,UP,1
2021-02-04,213.75,210.11,208.838,191.2282,137.5818,UP,1
2021-02-05,216.78,215.45,212.254,192.703,138.3311,DOWN,0
2021-02-08,215.87,219.31,214.534,194.1966,139.0793,UP,1
2021-02-09,220.0,218.5764,215.192,195.6578,139.8418,UP,1
2021-02-10,223.09,221.0,217.898,197.1248,140.6049,DOWN,0
2021-02-11,222.89,225.0,219.726,198.4676,141.3857,UP,1
2021-02-12,226.48,224.76,221.666,199.9636,142.185,DOWN,0
2021-02-16,223.63,230.8808,223.218,201.5004,142.9677,UP,1
2021-02-17,224.83,223.155,224.184,202.2848,143.7576,DOWN,0
2021-02-18,223.38,222.06,224.242,203.1374,144.5291,UP,1
2021-02-19,226.03,225.55,224.87,204.0958,145.3031,DOWN,0
2021-02-22,213.45,225.13,222.264,204.6728,146.0077,DOWN,0
2021-02-23,206.51,203.26,218.84,205.269,146.6658,UP,1
2021-02-24,207.81,208.38,215.436,205.8302,147.3348,DOWN,0
2021-02-25,195.79,204.0,209.918,206.1078,147.9289,UP,1
2021-02-26,205.03,213.1,205.718,206.5394,148.5718,UP,1
2021-03-01,210.16,208.75,205.06,207.1178,149.2468,DOWN,0
2021-03-02,202.61,212.0,204.28,207.4894,149.8818,DOWN,0
2021-03-03,187.83,202.11,200.284,207.4908,150.439,DOWN,0
2021-03-04,180.9,184.33,197.306,207.1912,150.9744,DOWN,0
2021-03-05,175.37,185.54,191.374,206.7062,151.4751,DOWN,0
2021-03-08,167.84,175.76,182.91,205.9274,151.929,UP,1
2021-03-09,181.43,178.715,178.674,205.4066,152.458,DOWN,0
2021-03-10,180.07,185.05,177.122,204.9026,152.9736,UP,1
2021-03-11,188.87,187.0,178.716,204.6926,153.5354,DOWN,0
2021-03-12,184.61,184.5411,180.564,204.428,154.0858,DOWN,0
2021-03-15,184.27,184.98,183.85,204.0872,154.6281,DOWN,0
2021-03-16,182.18,187.0,184.0,203.7366,155.0486,UP,1
2021-03-17,185.33,178.61,185.052,203.5214,155.4253,DOWN,0
2021-03-18,178.21,184.4039,182.92,203.216,155.7855,UP,1
2021-03-19,181.56,178.66,182.31,203.1588,156.1563,UP,1
2021-03-22,182.61,183.5,181.978,202.95,156.5541,UP,1
2021-03-23,183.0,182.46,182.142,202.6626,156.9725,DOWN,0
2021-03-24,175.1,186.4,180.096,202.1906,157.3343,DOWN,0
2021-03-25,172.85,171.45,179.024,201.5296,157.6806,DOWN,0
2021-03-26,169.78,170.92,176.668,200.7836,158.0009,DOWN,0
2021-03-29,165.75,169.01,173.296,199.9012,158.3163,UP,1
2021-03-30,165.79,164.24,169.854,198.9958,158.6329,UP,1
2021-03-31,171.67,168.49,169.168,198.1892,158.9686,UP,1
2021-04-01,175.77,174.8,169.752,197.4094,159.3334,DOWN,0
2021-04-05,175.19,176.61,170.834,196.6406,159.6785,UP,1
2021-04-06,182.12,175.43,174.108,195.9358,160.0238,DOWN,0
2021-04-07,180.02,180.81,176.954,195.383,160.3811,UP,1
2021-04-08,185.19,183.0,179.658,195.1468,160.7587,DOWN,0
2021-04-09,185.04,183.99,181.512,194.8632,161.1323,UP,1
2021-04-12,188.38,185.58,184.15,194.5052,161.5329,UP,1
2021-04-13,196.65,190.15,187.056,194.4442,161.9581,DOWN,0
2021-04-14,192.39,198.04,189.53,194.2026,162.3901,UP,1
2021-04-15,195.92,195.31,191.676,193.7868,162.8427,DOWN,0
2021-04-16,192.49,196.81,193.166,193.4454,163.2577,DOWN,0
2021-04-19,190.94,191.14,193.678,192.9892,163.6548,DOWN,0
2021-04-20,186.08,191.99,191.564,192.3752,164.0342,UP,1
2021-04-21,186.12,183.71,190.31,191.7802,164.3909,UP,1
2021-04-22,190.03,186.19,189.132,191.1808,164.7718,UP,1
2021-04-23,190.26,192.48,188.686,190.5242,165.1189,UP,1
2021-04-26,196.69,191.7,189.836,190.0002,165.4653,DOWN,0
2021-04-27,195.93,198.08,191.806,189.3892,165.8175,DOWN,0
2021-04-28,195.42,195.4,193.666,188.825,166.195,DOWN,0
2021-04-29,187.28,196.0,193.116,188.074,166.5193,UP,1
2021-04-30,187.64,184.99,192.592,187.3592,166.8583,DOWN,0
2021-05-03,180.59,186.6,189.372,186.4504,167.1755,DOWN,0
2021-05-04,175.48,176.47,185.282,185.691,167.4513,DOWN,0
2021-05-05,172.3,178.03,180.658,185.0068,167.6748,DOWN,0
2021-05-06,167.35,171.46,176.672,184.1976,167.8842,UP,1
2021-05-07,169.32,171.5,173.008,183.6682,168.1053,DOWN,0
2021-05-10,165.77,168.16,170.044,182.883,168.3168,UP,1
2021-05-11,170.69,157.0786,169.086,182.0936,168.5617,DOWN,0
2021-05-12,164.08,167.47,167.442,181.323,168.7577,DOWN,0
2021-05-13,160.92,166.26,166.156,180.7848,168.9404,UP,1
2021-05-14,165.34,162.52,165.36,180.4736,169.1323,DOWN,0
2021-05-17,163.28,164.1,164.862,180.2318,169.3022,UP,1
2021-05-18,166.5,164.51,164.024,180.205,169.4855,DOWN,0
2021-05-19,164.81,164.35,164.17,179.8726,169.6466,UP,1
2021-05-20,170.73,167.2592,166.132,179.6858,169.8378,DOWN,0
2021-05-21,170.08,174.92,167.08,179.31,170.0156,UP,1
2021-05-24,174.4,172.49,169.304,179.1058,170.2262,DOWN,0
2021-05-25,172.74,175.05,170.552,178.8752,170.4606,UP,1
2021-05-26,194.2,195.0,176.43,179.1156,170.8197,UP,1
2021-05-27,194.26,193.6,181.136,179.2942,171.2034,DOWN,0
2021-05-28,194.2,194.48,185.96,179.614,171.5777,DOWN,0
2021-06-01,191.77,194.17,189.434,179.8182,171.9262,DOWN,0
2021-06-02,191.34,190.56,193.154,179.9928,172.2685,DOWN,0
2021-06-03,184.25,190.12,191.164,180.0178,172.5673,UP,1
2021-06-04,185.8,186.8267,189.472,180.2318,172.8564,UP,1
2021-06-07,192.73,184.81,189.178,180.6294,173.1788,UP,1
2021-06-08,194.65,194.04,189.754,181.1268,173.4699,UP,1
2021-06-09,195.99,195.27,190.684,181.7316,173.7738,UP,1
2021-06-10,204.91,194.775,194.816,182.514,174.1196,UP,1
2021-06-11,207.79,203.0,199.214,183.2364,174.4804,UP,1
2021-06-14,211.43,207.79,202.954,183.9496,174.8376,DOWN,0
2021-06-15,207.39,209.62,205.502,184.5936,175.1807,UP,1
2021-06-16,212.27,209.1122,208.758,185.1966,175.5364,UP,1
2021-06-17,215.14,209.01,210.804,185.899,175.8954,UP,1
2021-06-18,218.6,215.57,212.966,186.5672,176.1916,DOWN,0
2021-06-21,216.41,216.55,213.962,187.1946,176.4811,UP,1
2021-06-22,219.61,216.66,216.406,187.8192,176.8619,DOWN,0
2021-06-23,218.86,219.55,217.724,188.2634,177.2845,UP,1
2021-06-24,219.64,220.19,218.624,188.8084,177.7168,DOWN,0
2021-06-25,218.84,220.91,218.672,189.2668,178.1401,UP,1
2021-06-28,221.27,220.56,219.644,189.8424,178.5834,UP,1
2021-06-29,221.44,220.0,220.01,190.4524,179.0481,DOWN,0
2021-06-30,216.06,220.8,219.45,191.052,179.4779,DOWN,0
2021-07-01,213.72,214.98,218.266,191.604,179.8833,UP,1
2021-07-02,214.78,215.34,217.454,192.099,180.3019,UP,1
2021-07-06,225.0,217.0654,218.2,192.7938,180.7908,UP,1
2021-07-07,227.9,227.0,219.492,193.418,181.2848,DOWN,0
2021-07-08,227.17,222.02,221.714,194.0428,181.746,UP,1
2021-07-09,227.79,227.17,224.528,194.6902,182.195,UP,1
2021-07-12,227.97,232.52,227.166,195.504,182.6568,DOWN,0
2021-07-13,227.18,230.0,227.602,196.2948,183.1199,DOWN,0
2021-07-14,224.51,229.91,226.924,197.1732,183.5511,DOWN,0
2021-07-15,219.31,227.15,225.352,198.0498,183.9556,UP,1
2021-07-16,221.16,221.74,224.026,199.027,184.3589,UP,1
2021-07-19,223.01,217.5,223.034,200.1402,184.7705,UP,1
2021-07-20,229.11,227.08,223.42,201.336,185.1946,UP,1
2021-07-21,231.06,228.88,224.73,202.6418,185.6397,UP,1
2021-07-22,235.59,232.0,227.986,203.9398,186.0911,UP,1
2021-07-23,238.72,237.14,231.498,205.4326,186.5571,DOWN,0
2021-07-26,234.52,235.73,233.8,206.9046,186.9913,DOWN,0
2021-07-27,233.03,236.2,234.584,208.2584,187.4182,UP,1
2021-07-28,236.84,234.61,235.74,209.7296,187.8426,UP,1
2021-07-29,237.03,235.015,236.028,211.1402,188.272,DOWN,0
2021-07-30,235.91,235.97,235.466,212.5622,188.6794,UP,1
2021-08-02,239.04,237.0,236.37,213.9284,189.0992,UP,1
2021-08-03,243.07,239.51,238.378,215.3882,189.5397,UP,1
2021-08-04,247.93,243.63,240.596,216.8588,190.0051,DOWN,0
2021-08-05,247.67,248.0,242.724,218.3574,190.4776,DOWN,0
2021-08-06,242.05,247.0,243.952,219.3144,190.9338,UP,1
2021-08-09,245.04,241.5,245.152,220.33,191.4248,DOWN,0
2021-08-10,240.5,246.71,244.638,221.256,191.8944,DOWN,0
2021-08-11,237.67,241.5789,242.586,222.174,192.3475,UP,1
2021-08-12,242.94,235.18,241.64,223.206,192.8172,UP,1
2021-08-13,245.15,244.0,242.26,224.424,193.2997,DOWN,0
2021-08-16,243.43,244.0,241.938,225.5766,193.7966,DOWN,0
2021-08-17,241.47,243.43,242.132,226.5514,194.2911,UP,1
2021-08-18,242.54,242.15,243.106,227.5092,194.8251,UP,1
2021-08-19,244.88,242.0,243.494,228.487,195.3773,UP,1
2021-08-20,246.4,246.65,243.744,229.3168,195.9361,UP,1
2021-08-23,250.81,248.99,245.22,230.1772,196.4634,UP,1
2021-08-24,257.97,258.9742,248.52,231.108,197.0029,UP,1
2021-08-25,263.03,258.35,252.618,232.2208,197.5677,UP,1
2021-08-26,266.97,263.0,257.036,233.3148,198.2587,UP,1
2021-08-27,273.73,268.6677,262.502,234.4866,198.9886,UP,1
2021-08-30,278.17,275.65,267.974,235.678,199.702,UP,1
2021-08-31,278.34,276.76,272.048,236.9166,200.3934,DOWN,0
2021-09-01,276.71,276.14,274.784,238.0586,201.1173,UP,1
2021-09-02,282.2,277.11,277.83,239.3254,201.8607,UP,1
2021-09-03,287.4,282.55,280.564,240.6806,202.6145,DOWN,0
2021-09-07,282.905,293.44,281.511,241.9619,203.3521,DOWN,0
2021-09-08,280.66,282.255,281.975,243.1497,204.0627,DOWN,0
2021-09-09,280.22,280.42,282.677,244.3253,204.7488,DOWN,0
2021-09-10,270.64,289.03,280.365,245.4169,205.3868,DOWN,0
2021-09-13,267.84,267.6,276.453,246.4993,206.02,UP,1
2021-09-14,275.8,269.94,275.032,247.7197,206.6643,DOWN,0
2021-09-15,273.44,275.87,273.588,248.6885,207.2828,UP,1
2021-09-16,274.39,273.25,272.422,249.6183,207.876,UP,1
2021-09-17,275.66,273.33,273.426,250.5881,208.4959,DOWN,0
2021-09-20,269.98,268.0028,273.854,251.4319,209.1119,UP,1
2021-09-21,272.33,272.23,273.16,252.3191,209.5455,UP,1
2021-09-22,277.7,273.96,274.012,253.3295,210.0302,UP,1
2021-09-23,280.02,279.94,275.138,254.4397,210.5398,DOWN,0
2021-09-24,279.99,280.0,276.004,255.6533,211.0167,DOWN,0
2021-09-27,272.73,277.7,276.554,256.6847,211.4969,DOWN,0
2021-09-28,258.74,267.99,273.836,257.3993,211.8918,UP,1
2021-09-29,258.88,263.41,270.072,257.9947,212.2767,UP,1
2021-09-30,262.22,260.41,266.512,258.6179,212.6705,UP,1
2021-10-01,263.16,263.17,263.146,259.1693,213.0801,DOWN,0
2021-10-04,251.86,261.35,258.972,259.4321,213.4193,UP,1
2021-10-05,258.5,253.45,258.924,259.9117,213.773,UP,1
2021-10-06,264.25,256.28,259.998,260.5361,214.1148,UP,1
2021-10-07,269.88,266.02,261.53,261.1969,214.4661,DOWN,0
2021-10-08,266.66,272.3,262.23,261.7895,214.7655,UP,1
2021-10-11,267.7,263.6,265.398,262.4253,215.0667,UP,1
2021-10-12,277.72,270.08,269.242,263.1989,215.4289,UP,1
2021-10-13,286.64,279.78,273.72,264.0703,215.8653,UP,1
2021-10-14,293.89,290.0,278.522,264.9895,216.3455,DOWN,0
2021-10-15,292.7,294.5,283.73,265.8901,216.8025,UP,1
2021-10-18,301.31,292.51,290.452,267.0753,217.3105,DOWN,0
2021-10-19,298.03,301.5,294.514,268.1351,217.8202,DOWN,0
2021-10-20,297.67,300.2082,296.72,269.2785,218.3411,UP,1
2021-10-21,305.69,298.7,299.08,270.6389,218.9475,UP,1
2021-10-22,307.87,305.73,302.114,271.9375,219.5216,UP,1
2021-10-25,311.2,308.0,304.092,273.2585,220.0907,UP,1
2021-10-26,315.32,313.88,307.55,274.6963,220.6738,DOWN,0
2021-10-27,310.1,316.2,310.036,276.0689,221.1948,UP,1
2021-10-28,316.34,310.94,312.166,277.5449,221.7411,UP,1
2021-10-29,318.86,315.95,314.364,279.0245,222.2861,DOWN,0
2021-11-01,318.68,319.46,315.86,280.4701,222.8242,UP,1
2021-11-02,325.87,318.51,317.97,281.9713,223.3935,UP,1
2021-11-03,327.5,328.5,321.45,283.3619,223.9572,UP,1
2021-11-04,331.9,329.0,324.562,284.7393,224.5486,UP,1
2021-11-05,338.49,333.95,328.488,286.1697,225.1542,UP,1
2021-11-08,350.17,340.55,334.786,287.6985,225.8668,UP,1
2021-11-09,352.61,353.4,340.134,289.1873,226.6448,DOWN,0
2021-11-10,337.11,348.27,342.056,290.3627,227.3343,UP,1
2021-11-11,343.62,343.17,344.4,291.7009,228.021,UP,1
2021-11-12,349.07,346.76,346.516,293.0383,228.7678,DOWN,0
2021-11-15,345.8,352.91,345.642,294.2063,229.4745,UP,1
2021-11-16,353.75,345.8,345.87,295.6232,230.1597,UP,1
2021-11-17,356.0,352.75,349.648,297.13,230.8919,UP,1
2021-11-18,365.65,358.26,354.054,298.8386,231.6514,UP,1
2021-11-19,368.78,372.5,357.996,300.8014,232.4114,DOWN,0
2021-11-22,343.86,367.07,357.608,302.3218,233.0513,DOWN,0
2021-11-23,336.11,336.6,354.08,303.528,233.6319,UP,1
2021-11-24,342.47,334.77,351.374,304.9086,234.2288,DOWN,0
2021-11-26,336.9,343.04,345.624,306.1588,234.7988,UP,1
2021-11-29,355.92,342.27,343.052,307.764,235.446,DOWN,0
2021-11-30,346.97,355.88,343.674,309.3038,236.0627,DOWN,0
2021-12-01,318.21,371.06,340.094,310.2214,236.5296,UP,1
2021-12-02,331.97,318.22,337.994,311.3068,237.0726,DOWN,0
2021-12-03,313.35,330.0,333.284,311.9734,237.5092,DOWN,0
2021-12-06,274.36,301.94,316.972,311.8608,237.8137,UP,1
2021-12-07,297.76,286.0,307.13,312.3614,238.27,UP,1
2021-12-08,311.81,298.38,305.85,313.4228,238.79,DOWN,0
2021-12-09,303.04,313.0,300.064,314.306,239.3262,UP,1
2021-12-10,305.75,303.5,298.544,315.1766,239.8298,UP,1
2021-12-13,308.54,311.1,305.38,316.0842,240.3217,DOWN,0
2021-12-14,284.34,285.44,302.696,316.7338,240.7304,UP,1
2021-12-15,307.24,282.97,301.782,317.7086,241.3274,DOWN,0
2021-12-16,295.25,305.0,300.224,318.3286,241.8992,UP,1
2021-12-17,304.87,286.71,300.048,319.0284,242.5467,UP,1
2021-12-20,305.94,298.45,299.528,319.814,243.2372,UP,1
2021-12-21,319.42,307.88,306.544,320.8484,243.9271,UP,1
2021-12-22,322.01,319.08,309.498,321.7342,244.6368,UP,1
2021-12-23,323.0,322.0,315.048,322.4614,245.3075,UP,1
2021-12-27,329.89,326.85,320.052,323.1814,246.0339,DOWN,0
2021-12-28,324.66,331.55,323.796,323.8206,246.7358,DOWN,0
2021-12-29,323.18,326.0,324.548,324.258,247.4408,UP,1
2021-12-30,324.59,323.18,325.064,324.7892,248.1371,DOWN,0
2021-12-31,321.33,324.46,324.73,325.2624,248.8527,DOWN,0
2022-01-03,301.83,322.6,319.118,325.1852,249.4541,DOWN,0
2022-01-04,281.58,297.965,310.502,324.6594,249.9489,DOWN,0
2022-01-05,262.33,275.01,298.332,323.682,250.3456,DOWN,0
2022-01-06,260.21,261.0,285.456,322.5798,250.7711,UP,1
2022-01-07,261.53,258.38,273.496,321.6084,251.2145,UP,1
2022-01-10,275.65,254.5,268.26,320.7946,251.7439,UP,1
2022-01-11,277.53,270.45,267.45,319.968,252.3028,DOWN,0
2022-01-12,273.98,283.11,269.78,319.074,252.8437,DOWN,0
2022-01-13,250.47,274.65,267.832,317.566,253.2377,UP,1
2022-01-14,254.74,248.0,266.474,316.1108,253.6326,UP,1
2022-01-18,259.2,251.49,263.184,314.6568,254.0526,DOWN,0
2022-01-19,253.11,258.88,258.3,312.9492,254.4076,DOWN,0
2022-01-20,250.67,256.51,253.638,310.9592,254.7608,DOWN,0
2022-01-21,241.94,249.3274,251.932,308.7458,255.0446,UP,1
2022-01-24,243.2,234.99,249.624,306.8676,255.3354,DOWN,0
2022-01-25,228.88,239.84,243.56,304.5728,255.5379,DOWN,0
2022-01-26,226.85,236.91,238.308,302.1284,255.6889,DOWN,0
2022-01-27,223.08,229.86,232.79,299.674,255.8423,UP,1
2022-01-28,238.7,226.51,232.142,297.373,256.0562,UP,1
2022-01-31,257.11,240.36,234.924,295.3952,256.3793,UP,1
2022-02-01,261.09,260.0,241.366,293.304,256.7301,DOWN,0
2022-02-02,257.5,261.72,247.496,291.0784,257.0872,DOWN,0
2022-02-03,245.02,249.26,251.884,289.1016,257.3817,UP,1
2022-02-04,258.98,247.43,255.94,287.559,257.7264,UP,1
2022-02-07,262.92,260.165,257.102,285.968,258.0897,UP,1
2022-02-08,270.71,260.57,259.026,284.6442,258.4598,UP,1
2022-02-09,280.85,276.0,263.696,283.1428,258.8844,UP,1
2022-02-10,284.1,276.52,271.512,281.8854,259.3278,DOWN,0
2022-02-11,273.0,285.07,274.316,280.9812,259.7564,UP,1
2022-02-14,274.43,273.52,276.618,279.8304,260.1904,UP,1
2022-02-15,285.82,280.24,279.64,279.2798,260.7165,DOWN,0
2022-02-16,280.87,284.11,279.644,279.41,261.2435,DOWN,0
2022-02-17,261.94,280.9033,275.212,278.6936,261.6917,DOWN,0
2022-02-18,255.22,264.52,271.656,277.5618,262.131,DOWN,0
2022-02-22,254.81,251.56,267.732,276.5972,262.5585,DOWN,0
2022-02-23,239.4,262.5,258.448,275.2702,262.9266,UP,1
2022-02-24,263.38,227.62,254.95,274.367,263.3901,DOWN,0
2022-02-25,221.85,224.49,246.932,273.1172,263.6789,UP,1
2022-02-28,239.15,228.42,243.718,271.7554,264.0701,UP,1
2022-03-01,247.83,245.1,242.322,270.807,264.4825,UP,1
2022-03-02,254.41,253.26,245.324,269.7978,264.9382,DOWN,0
2022-03-03,242.03,252.98,241.054,268.5196,265.3158,DOWN,0
2022-03-04,225.5,242.36,241.784,266.6412,265.6193,DOWN,0
2022-03-07,204.37,228.37,234.828,264.2884,265.7875,DOWN,0
2022-03-08,198.63,203.5,224.988,261.801,265.9302,UP,1
2022-03-09,212.35,203.84,216.576,259.4502,266.12,DOWN,0
2022-03-10,208.41,212.13,209.852,257.1252,266.2983,DOWN,0
2022-03-11,201.14,211.02,204.98,254.6844,266.333,DOWN,0
2022-03-14,189.53,200.0,202.012,251.9832,266.3094,UP,1
2022-03-15,196.61,190.85,201.608,249.4888,266.3214,UP,1
2022-03-16,207.03,200.6,200.544,247.5928,266.3977,UP,1
2022-03-17,214.83,204.41,201.828,246.2578,266.5152,UP,1
2022-03-18,222.71,213.81,206.142,245.4654,266.7075,DOWN,0
2022-03-21,220.86,217.59,212.408,244.6784,266.8828,UP,1
2022-03-22,232.39,219.7,219.564,244.0956,267.0811,UP,1
2022-03-23,233.38,229.46,224.834,243.2502,267.2747,UP,1
2022-03-24,235.79,233.3,229.026,242.4154,267.4737,DOWN,0
2022-03-25,230.32,237.52,230.548,241.5422,267.6008,UP,1
2022-03-28,237.93,231.6,233.962,241.2914,267.7515,UP,1
2022-03-29,243.99,242.17,236.282,241.0764,267.9143,DOWN,0
2022-03-30,239.9,242.41,237.586,240.6904,268.0768,UP,1
2022-03-31,241.28,240.55,238.684,240.4538,268.2219,UP,1
2022-04-01,246.21,240.0,241.862,240.3646,268.3772,UP,1
2022-04-04,252.11,247.67,244.698,240.568,268.5448,DOWN,0
2022-04-05,238.61,251.0,243.622,240.4762,268.6558,DOWN,0
2022-04-06,226.07,233.89,240.856,240.42,268.6881,UP,1
2022-04-07,231.96,224.64,238.992,240.5222,268.7536,DOWN,0
2022-04-08,226.79,231.03,235.108,240.5964,268.7893,DOWN,0
2022-04-11,224.32,223.71,229.55,240.3088,268.8167,DOWN,0
2022-04-12,223.0,228.48,226.428,239.6266,268.8254,UP,1
2022-04-13,241.23,225.14,229.46,239.2294,268.9243,DOWN,0
2022-04-14,230.84,240.01,229.236,238.6962,268.9982,DOWN,0
2022-04-18,223.57,228.07,228.592,238.2672,269.0475,UP,1
2022-04-19,228.79,222.0,229.486,237.6634,269.1175,DOWN,0
2022-04-20,221.71,230.4,229.228,236.8392,269.1011,DOWN,0
2022-04-21,211.47,224.77,223.276,235.6544,269.0189,DOWN,0
2022-04-22,206.47,211.99,218.402,234.1668,268.9154,UP,1
2022-04-25,216.79,204.92,217.046,232.8206,268.8604,DOWN,0
2022-04-26,207.31,215.55,212.75,231.5068,268.7571,DOWN,0
2022-04-27,204.76,204.84,209.36,230.1134,268.645,UP,1
2022-04-28,213.59,208.9,209.784,228.6688,268.5904,DOWN,0
2022-04-29,202.74,212.12,209.038,227.1062,268.5076,UP,1
2022-05-02,208.23,201.31,207.326,226.032,268.4429,DOWN,0
2022-05-03,204.7,207.32,206.804,225.0216,268.3514,UP,1
2022-05-04,208.93,205.34,207.638,224.104,268.2505,DOWN,0
2022-05-05,190.41,206.2,203.002,223.1242,268.0472,DOWN,0
2022-05-06,172.94,186.8,197.042,221.3154,267.734,DOWN,0
2022-05-09,153.09,167.63,186.014,219.9402,267.3058,DOWN,0
2022-05-10,150.29,159.14,175.132,218.163,266.8847,DOWN,0
2022-05-11,136.57,144.99,160.66,215.9378,266.4024,UP,1
2022-05-12,137.63,132.34,150.104,213.6022,265.9063,UP,1
2022-05-13,153.23,142.23,146.162,211.8262,265.4873,DOWN,0
2022-05-16,140.08,149.87,143.56,210.1178,265.0082,UP,1
2022-05-17,141.78,145.19,141.858,208.866,264.5219,DOWN,0
2022-05-18,128.09,138.55,140.162,207.4552,263.947,UP,1
2022-05-19,132.3,126.72,139.096,205.8542,263.3688,UP,1
2022-05-20,136.89,139.43,135.828,204.4238,262.8149,UP,1
2022-05-23,138.17,135.96,135.446,203.1644,262.2955,DOWN,0
2022-05-24,127.81,136.01,132.652,201.93,261.7094,UP,1
2022-05-25,132.58,127.79,133.55,200.6494,261.1698,UP,1
2022-05-26,142.13,130.56,135.516,199.3514,260.6921,UP,1
2022-05-27,160.0,156.46,140.138,198.2548,260.2774,DOWN,0
2022-05-31,153.09,160.5,143.122,196.8624,259.8171,DOWN,0
2022-06-01,148.94,155.18,147.348,195.424,259.3446,UP,1
2022-06-02,160.84,148.9,153.0,193.993,258.9415,DOWN,0
2022-06-03,156.93,157.52,155.96,192.464,258.5134,UP,1
2022-06-06,158.57,160.41,155.674,190.9196,258.0819,UP,1
2022-06-07,162.81,155.5,157.618,189.5694,257.6639,UP,1
2022-06-08,165.57,162.0,160.944,188.1222,257.2377,DOWN,0
2022-06-09,160.42,163.91,160.86,186.4508,256.75,DOWN,0
2022-06-10,153.61,155.5,160.196,184.725,256.2029,DOWN,0
2022-06-13,140.98,146.0,156.678,182.719,255.5729,UP,1
2022-06-14,142.11,142.33,152.538,180.637,254.9148,UP,1
2022-06-15,148.25,145.29,149.074,178.5598,254.2652,DOWN,0
2022-06-16,136.03,141.6,144.196,176.5082,253.5537,UP,1
2022-06-17,144.22,138.2,142.318,174.8712,252.8912,UP,1
2022-06-21,150.25,146.5,144.172,173.237,252.2315,DOWN,0
2022-06-22,149.11,147.84,145.572,171.6834,251.54,UP,1
2022-06-23,162.76,151.62,148.474,170.4522,250.9393,UP,1
2022-06-24,170.82,165.9,155.432,169.4086,250.3901,DOWN,0
2022-06-27,164.23,170.0,159.434,167.8686,249.8102,DOWN,0
2022-06-28,154.92,163.55,160.368,166.3502,249.2316,UP,1
2022-06-29,154.95,153.68,161.536,164.9778,248.6671,DOWN,0
2022-06-30,149.51,154.36,158.886,163.3922,248.0357,UP,1
2022-07-01,155.37,149.65,155.796,162.0654,247.4453,UP,1
2022-07-05,166.31,154.69,156.212,161.1622,246.9049,DOWN,0
2022-07-06,163.75,165.86,157.978,160.3078,246.3454,UP,1
2022-07-07,167.43,163.03,160.474,159.3206,245.8326,DOWN,0
2022-07-08,166.89,164.0,163.95,158.5122,245.3054,DOWN,0
2022-07-11,162.42,165.15,165.36,157.6654,244.729,DOWN,0
2022-07-12,150.92,163.96,162.282,156.412,244.0835,DOWN,0
2022-07-13,148.95,146.652,159.322,155.3362,243.4283,DOWN,0
2022-07-14,146.06,148.11,155.048,154.0928,242.795,UP,1
2022-07-15,149.32,147.16,151.534,152.9852,242.2479,UP,1
2022-07-18,150.82,153.67,149.214,151.823,241.7076,UP,1
2022-07-19,155.84,153.48,150.198,151.1316,241.1757,UP,1
2022-07-20,162.95,156.67,152.998,150.9318,240.6746,UP,1
2022-07-21,164.64,163.01,156.714,151.1628,240.2385,DOWN,0
2022-07-22,159.93,165.13,158.836,151.3556,239.7457,DOWN,0
2022-07-25,156.09,157.99,159.89,151.746,239.2049,DOWN,0
2022-07-26,141.95,149.45,157.112,151.8324,238.5652,UP,1
2022-07-27,148.71,144.49,154.264,151.742,237.9755,UP,1
2022-07-28,153.06,149.05,151.948,152.0016,237.4023,UP,1
2022-07-29,155.06,154.14,150.974,152.2672,236.789,DOWN,0
2022-08-01,153.5,152.0,150.456,152.7754,236.1233,UP,1
2022-08-02,157.78,150.45,153.622,153.285,235.4427,UP,1
2022-08-03,165.29,160.0,156.938,153.853,234.8057,DOWN,0
2022-08-04,161.99,162.13,158.724,154.3294,234.1091,UP,1
2022-08-05,163.42,158.61,160.396,155.0416,233.436,UP,1
2022-08-08,168.15,164.78,163.326,155.753,232.7884,DOWN,0
2022-08-09,163.41,166.32,164.452,156.1786,232.077,UP,1
2022-08-10,180.41,171.38,167.476,156.5868,231.4397,DOWN,0
2022-08-11,178.71,184.25,170.82,157.0992,230.7773,UP,1
2022-08-12,182.64,182.18,174.664,157.7732,230.1139,DOWN,0
2022-08-15,181.71,180.32,177.376,158.1906,229.4719,DOWN,0
2022-08-16,178.6,179.12,180.414,158.624,228.7832,DOWN,0
2022-08-17,174.35,175.0,179.202,158.9396,228.0607,UP,1
2022-08-18,175.31,175.01,178.522,159.1896,227.3438,DOWN,0
2022-08-19,166.22,172.82,175.238,159.2026,226.5456,DOWN,0
2022-08-22,163.0,162.41,171.496,159.2542,225.7231,UP,1
2022-08-23,165.35,167.81,168.846,159.489,224.8903,UP,1
2022-08-24,165.65,165.61,167.106,159.9824,224.0261,UP,1
2022-08-25,167.72,169.38,165.588,160.4946,223.1139,DOWN,0
2022-08-26,161.19,167.52,164.582,160.7534,222.1568,DOWN,0
2022-08-29,158.53,158.32,163.688,161.2034,221.2639,UP,1
2022-08-30,160.88,160.25,162.794,161.5366,220.3502,DOWN,0
2022-08-31,159.24,163.69,161.512,161.7164,219.401,DOWN,0
2022-09-01,145.57,156.13,157.082,161.6456,218.3999,DOWN,0
2022-09-02,145.12,148.23,153.868,161.2928,217.3567,DOWN,0
2022-09-06,145.03,144.72,151.168,160.777,216.3019,UP,1
2022-09-07,147.71,146.25,148.534,160.4466,215.2122,UP,1
2022-09-08,154.25,145.53,147.536,160.4332,214.1395,UP,1
2022-09-09,188.0,174.95,156.022,161.0942,213.3602,UP,1
2022-09-12,193.6,188.51,165.718,161.976,212.6477,DOWN,0
2022-09-13,181.22,185.3,172.956,162.493,211.8414,UP,1
2022-09-14,182.98,182.15,180.01,162.8264,211.0718,DOWN,0
2022-09-15,175.99,179.21,184.358,163.0712,210.1722,DOWN,0
2022-09-16,169.49,171.65,180.656,163.1124,209.2847,UP,1
2022-09-19,174.57,167.0,176.85,163.266,208.5665,DOWN,0
2022-09-20,172.68,173.53,175.142,163.4712,207.7701,DOWN,0
2022-09-21,171.88,173.02,172.922,163.8904,207.0627,DOWN,0
2022-09-22,162.56,171.15,170.236,164.1626,206.5037,DOWN,0
2022-09-23,158.69,160.26,168.076,164.4152,205.8084,UP,1
2022-09-26,159.76,158.78,165.114,164.624,205.0482,UP,1
2022-09-27,163.21,163.91,163.22,164.8718,204.349,UP,1
2022-09-28,168.78,164.0,162.6,165.1306,203.6641,DOWN,0
2022-09-29,165.89,164.68,163.266,165.1894,202.9509,DOWN,0
2022-09-30,164.37,166.56,164.402,165.184,202.351,UP,1
2022-10-03,170.51,165.055,166.552,165.3956,201.6674,UP,1
2022-10-04,176.0,175.768,169.11,165.7938,201.0712,UP,1
2022-10-05,180.15,171.99,171.384,166.5578,200.4476,UP,1
2022-10-06,182.92,181.18,174.79,167.242,199.8325,DOWN,0
2022-10-07,170.09,178.0,175.934,167.5826,199.0858,DOWN,0
2022-10-10,157.18,169.49,173.268,167.625,198.2616,DOWN,0
2022-10-11,148.73,151.49,167.814,167.5296,197.3903,DOWN,0
2022-10-12,147.63,148.83,161.31,167.3266,196.479,DOWN,0
2022-10-13,145.13,141.28,153.752,166.9234,195.5813,DOWN,0
2022-10-14,135.31,148.1,146.796,166.3898,194.642,UP,1
2022-10-17,145.28,141.13,144.416,166.027,193.7454,UP,1
2022-10-18,149.69,151.1,144.608,165.6578,192.8872,DOWN,0
2022-10-19,148.77,147.91,144.836,165.365,192.1219,UP,1
2022-10-20,150.23,149.28,145.856,164.7614,191.4652,UP,1
2022-10-21,150.48,148.98,148.89,164.1968,190.9059,DOWN,0
2022-10-24,148.67,151.36,149.568,163.5174,190.3482,UP,1
2022-10-25,157.09,150.62,151.048,163.025,189.826,DOWN,0
2022-10-26,151.03,151.45,151.5,162.4736,189.2029,UP,1
2022-10-27,153.77,153.29,152.208,162.062,188.5841,UP,1
2022-10-28,153.96,152.85,152.904,161.635,187.984,UP,1
2022-10-31,154.1,152.73,153.99,161.3926,187.5022,DOWN,0
2022-11-01,150.39,159.0,152.65,161.1404,186.9804,DOWN,0
2022-11-02,138.09,149.99,150.062,160.5952,186.3749,DOWN,0
2022-11-03,131.07,135.38,145.522,159.9036,185.7647,DOWN,0
2022-11-04,121.0,132.0,138.93,158.9692,185.1163,DOWN,0
2022-11-07,117.36,121.59,131.582,158.0926,184.4934,UP,1
2022-11-08,119.93,119.71,125.49,157.3206,183.8771,DOWN,0
2022-11-09,116.25,117.55,121.122,156.428,183.3139,UP,1
2022-11-10,133.12,126.6,121.532,155.9056,182.8453,UP,1
2022-11-11,142.19,134.79,125.77,155.838,182.4408,DOWN,0
2022-11-14,136.85,140.49,129.668,155.6726,181.9316,UP,1
2022-11-15,147.26,143.75,135.134,155.7172,181.3823,DOWN,0
2022-11-16,140.35,144.66,139.954,155.57,180.7786,DOWN,0
2022-11-17,136.75,134.63,140.68,155.22,180.1749,UP,1
2022-11-18,138.73,142.99,139.988,154.2346,179.6434,DOWN,0
2022-11-21,135.92,136.88,139.802,153.081,179.0281,UP,1
2022-11-22,136.76,134.68,137.702,152.1918,178.3973,UP,1
2022-11-23,140.08,137.4,137.648,151.3338,177.7442,DOWN,0
2022-11-25,138.75,138.43,138.048,150.589,177.0337,DOWN,0
2022-11-28,136.72,137.62,137.646,149.9336,176.2968,DOWN,0
2022-11-29,134.85,136.65,137.432,149.1392,175.606,DOWN,0
2022-11-30,133.45,126.99,136.77,148.3546,174.9011,X,X
